--------------------------------------------------------
--  DDL for Table CALIBER_TRAINER
--------------------------------------------------------
  CREATE TABLE "CALIBER"."CALIBER_TRAINER"
   (	"TRAINER_ID" NUMBER(10,0),
	"EMAIL" VARCHAR2(255 CHAR),
	"NAME" VARCHAR2(255 CHAR),
	"TIER" VARCHAR2(255 CHAR),
	"TITLE" VARCHAR2(255 CHAR)
   ) SEGMENT CREATION IMMEDIATE
  PCTFREE 10 PCTUSED 40 INITRANS 1 MAXTRANS 255
 NOCOMPRESS LOGGING
  STORAGE(INITIAL 65536 NEXT 1048576 MINEXTENTS 1 MAXEXTENTS 2147483645
  PCTINCREASE 0 FREELISTS 1 FREELIST GROUPS 1
  BUFFER_POOL DEFAULT FLASH_CACHE DEFAULT CELL_FLASH_CACHE DEFAULT)
  TABLESPACE "USERS" ;
--------------------------------------------------------
--  DDL for Index UK_J0BB2CL63LSYCQ2N5AJ3LD22A
--------------------------------------------------------
  CREATE UNIQUE INDEX "CALIBER"."UK_J0BB2CL63LSYCQ2N5AJ3LD22A" ON "CALIBER"."CALIBER_TRAINER" ("EMAIL")
  PCTFREE 10 INITRANS 2 MAXTRANS 255 COMPUTE STATISTICS
  STORAGE(INITIAL 65536 NEXT 1048576 MINEXTENTS 1 MAXEXTENTS 2147483645
  PCTINCREASE 0 FREELISTS 1 FREELIST GROUPS 1
  BUFFER_POOL DEFAULT FLASH_CACHE DEFAULT CELL_FLASH_CACHE DEFAULT)
  TABLESPACE "USERS" ;
--------------------------------------------------------
--  DDL for Index SYS_C006875
--------------------------------------------------------
  CREATE UNIQUE INDEX "CALIBER"."SYS_C006875" ON "CALIBER"."CALIBER_TRAINER" ("TRAINER_ID")
  PCTFREE 10 INITRANS 2 MAXTRANS 255 COMPUTE STATISTICS
  STORAGE(INITIAL 65536 NEXT 1048576 MINEXTENTS 1 MAXEXTENTS 2147483645
  PCTINCREASE 0 FREELISTS 1 FREELIST GROUPS 1
  BUFFER_POOL DEFAULT FLASH_CACHE DEFAULT CELL_FLASH_CACHE DEFAULT)
  TABLESPACE "USERS" ;
--------------------------------------------------------
--  Constraints for Table CALIBER_TRAINER
--------------------------------------------------------
  ALTER TABLE "CALIBER"."CALIBER_TRAINER" ADD CONSTRAINT "UK_J0BB2CL63LSYCQ2N5AJ3LD22A" UNIQUE ("EMAIL")
  USING INDEX PCTFREE 10 INITRANS 2 MAXTRANS 255 COMPUTE STATISTICS
  STORAGE(INITIAL 65536 NEXT 1048576 MINEXTENTS 1 MAXEXTENTS 2147483645
  PCTINCREASE 0 FREELISTS 1 FREELIST GROUPS 1
  BUFFER_POOL DEFAULT FLASH_CACHE DEFAULT CELL_FLASH_CACHE DEFAULT)
  TABLESPACE "USERS"  ENABLE;
  ALTER TABLE "CALIBER"."CALIBER_TRAINER" ADD PRIMARY KEY ("TRAINER_ID")
  USING INDEX PCTFREE 10 INITRANS 2 MAXTRANS 255 COMPUTE STATISTICS
  STORAGE(INITIAL 65536 NEXT 1048576 MINEXTENTS 1 MAXEXTENTS 2147483645
  PCTINCREASE 0 FREELISTS 1 FREELIST GROUPS 1
  BUFFER_POOL DEFAULT FLASH_CACHE DEFAULT CELL_FLASH_CACHE DEFAULT)
  TABLESPACE "USERS"  ENABLE;
  ALTER TABLE "CALIBER"."CALIBER_TRAINER" MODIFY ("TITLE" NOT NULL ENABLE);
  ALTER TABLE "CALIBER"."CALIBER_TRAINER" MODIFY ("NAME" NOT NULL ENABLE);
  ALTER TABLE "CALIBER"."CALIBER_TRAINER" MODIFY ("EMAIL" NOT NULL ENABLE);
  ALTER TABLE "CALIBER"."CALIBER_TRAINER" MODIFY ("TRAINER_ID" NOT NULL ENABLE);
--------------------------------------------------------
--  DDL for Table CALIBER_ADDRESS
--------------------------------------------------------
  CREATE TABLE "CALIBER"."CALIBER_ADDRESS"
   (    "ADDRESS_ID" NUMBER(10,0),
    "ADDRESS_STREET" VARCHAR2(255 CHAR),
    "ADDRESS_CITY" VARCHAR2(63 CHAR),
    "ADDRESS_STATE" VARCHAR2(2 CHAR),
    "ADDRESS_ZIPCODE" VARCHAR2(15 CHAR),
    "ADDRESS_COMPANY" VARCHAR2(255 CHAR),
    "ACTIVE" NUMBER(1,0) DEFAULT 1
   )SEGMENT CREATION IMMEDIATE
  PCTFREE 10 PCTUSED 40 INITRANS 1 MAXTRANS 255
 NOCOMPRESS LOGGING
  STORAGE(INITIAL 65536 NEXT 1048576 MINEXTENTS 1 MAXEXTENTS 2147483645
  PCTINCREASE 0 FREELISTS 1 FREELIST GROUPS 1
  BUFFER_POOL DEFAULT FLASH_CACHE DEFAULT CELL_FLASH_CACHE DEFAULT)
  TABLESPACE "USERS" ;
REM INSERTING into CALIBER.CALIBER_ADDRESS
SET DEFINE OFF;
--------------------------------------------------------
--  Constraints for Table CALIBER_ADDRESS
--------------------------------------------------------
  ALTER TABLE "CALIBER"."CALIBER_ADDRESS" MODIFY ("ACTIVE" NOT NULL ENABLE);
  ALTER TABLE "CALIBER"."CALIBER_ADDRESS" ADD PRIMARY KEY ("ADDRESS_ID")
  USING INDEX PCTFREE 10 INITRANS 2 MAXTRANS 255 COMPUTE STATISTICS
  STORAGE(INITIAL 65536 NEXT 1048576 MINEXTENTS 1 MAXEXTENTS 2147483645
  PCTINCREASE 0 FREELISTS 1 FREELIST GROUPS 1
  BUFFER_POOL DEFAULT FLASH_CACHE DEFAULT CELL_FLASH_CACHE DEFAULT)
  TABLESPACE "USERS"  ENABLE;
--------------------------------------------------------
--  DDL for Table CALIBER_BATCH
--------------------------------------------------------
  CREATE TABLE "CALIBER"."CALIBER_BATCH"
   (	"BATCH_ID" NUMBER(10,0),
	"BORDERLINE_GRADE_THRESHOLD" NUMBER(5,0),
	"END_DATE" DATE,
	"GOOD_GRADE_THRESHOLD" NUMBER(5,0),
	"LOCATION" VARCHAR2(255 CHAR),
	"SKILL_TYPE" VARCHAR2(255 CHAR),
	"START_DATE" DATE,
	"TRAINING_NAME" VARCHAR2(255 CHAR),
	"TRAINING_TYPE" VARCHAR2(255 CHAR),
	"NUMBER_OF_WEEKS" NUMBER(10,0),
	"CO_TRAINER_ID" NUMBER(10,0),
	"TRAINER_ID" NUMBER(10,0),
	"RESOURCE_ID" VARCHAR2(255 CHAR),
	"ADDRESS_ID" NUMBER(10,0),
	"GRADED_WEEKS" NUMBER(10,0)
   ) SEGMENT CREATION IMMEDIATE
  PCTFREE 10 PCTUSED 40 INITRANS 1 MAXTRANS 255 NOCOMPRESS LOGGING
  STORAGE(INITIAL 65536 NEXT 1048576 MINEXTENTS 1 MAXEXTENTS 2147483645
  PCTINCREASE 0 FREELISTS 1 FREELIST GROUPS 1 BUFFER_POOL DEFAULT FLASH_CACHE DEFAULT CELL_FLASH_CACHE DEFAULT)
  TABLESPACE "USERS" ;
--------------------------------------------------------
--  DDL for Index SYS_C006856
--------------------------------------------------------
  CREATE UNIQUE INDEX "CALIBER"."SYS_C006856" ON "CALIBER"."CALIBER_BATCH" ("BATCH_ID")
  PCTFREE 10 INITRANS 2 MAXTRANS 255 COMPUTE STATISTICS
  STORAGE(INITIAL 65536 NEXT 1048576 MINEXTENTS 1 MAXEXTENTS 2147483645
  PCTINCREASE 0 FREELISTS 1 FREELIST GROUPS 1 BUFFER_POOL DEFAULT FLASH_CACHE DEFAULT CELL_FLASH_CACHE DEFAULT)
  TABLESPACE "USERS" ;
--------------------------------------------------------
--  Constraints for Table CALIBER_BATCH
--------------------------------------------------------
  ALTER TABLE "CALIBER"."CALIBER_BATCH" MODIFY ("BATCH_ID" NOT NULL ENABLE);
  ALTER TABLE "CALIBER"."CALIBER_BATCH" MODIFY ("END_DATE" NOT NULL ENABLE);
  ALTER TABLE "CALIBER"."CALIBER_BATCH" MODIFY ("LOCATION" NOT NULL ENABLE);
  ALTER TABLE "CALIBER"."CALIBER_BATCH" MODIFY ("START_DATE" NOT NULL ENABLE);
  ALTER TABLE "CALIBER"."CALIBER_BATCH" MODIFY ("NUMBER_OF_WEEKS" NOT NULL ENABLE);
  ALTER TABLE "CALIBER"."CALIBER_BATCH" MODIFY ("TRAINER_ID" NOT NULL ENABLE);
  ALTER TABLE "CALIBER"."CALIBER_BATCH" ADD PRIMARY KEY ("BATCH_ID")
  USING INDEX PCTFREE 10 INITRANS 2 MAXTRANS 255 COMPUTE STATISTICS
  STORAGE(INITIAL 65536 NEXT 1048576 MINEXTENTS 1 MAXEXTENTS 2147483645
  PCTINCREASE 0 FREELISTS 1 FREELIST GROUPS 1 BUFFER_POOL DEFAULT FLASH_CACHE DEFAULT CELL_FLASH_CACHE DEFAULT)
  TABLESPACE "USERS"  ENABLE;
--------------------------------------------------------
--  Ref Constraints for Table CALIBER_BATCH
--------------------------------------------------------
  ALTER TABLE "CALIBER"."CALIBER_BATCH" ADD CONSTRAINT "FK_35QJTOMOM338V680F3XKO7PLH" FOREIGN KEY ("TRAINER_ID")
	  REFERENCES "CALIBER"."CALIBER_TRAINER" ("TRAINER_ID") ENABLE;
  ALTER TABLE "CALIBER"."CALIBER_BATCH" ADD CONSTRAINT "FK_4IDDE4FODT9VMU6CIXCQ4S2P1" FOREIGN KEY ("CO_TRAINER_ID")
	  REFERENCES "CALIBER"."CALIBER_TRAINER" ("TRAINER_ID") ENABLE;
  ALTER TABLE "CALIBER"."CALIBER_BATCH" ADD CONSTRAINT "FK_BATCH_ADDRESS" FOREIGN KEY ("ADDRESS_ID")
	  REFERENCES "CALIBER"."CALIBER_ADDRESS" ("ADDRESS_ID") ENABLE;
--------------------------------------------------------
--  DDL for Table CALIBER_CATEGORY
--------------------------------------------------------
  CREATE TABLE "CALIBER"."CALIBER_CATEGORY"
   (	"CATEGORY_ID" NUMBER(10,0),
	"SKILL_CATEGORY" VARCHAR2(255 CHAR),
	"IS_ACTIVE" NUMBER(1,0)
   ) SEGMENT CREATION IMMEDIATE
  PCTFREE 10 PCTUSED 40 INITRANS 1 MAXTRANS 255
 NOCOMPRESS LOGGING
  STORAGE(INITIAL 65536 NEXT 1048576 MINEXTENTS 1 MAXEXTENTS 2147483645
  PCTINCREASE 0 FREELISTS 1 FREELIST GROUPS 1
  BUFFER_POOL DEFAULT FLASH_CACHE DEFAULT CELL_FLASH_CACHE DEFAULT)
  TABLESPACE "USERS" ;
--------------------------------------------------------
--  DDL for Index SYS_C006858
--------------------------------------------------------
  CREATE UNIQUE INDEX "CALIBER"."SYS_C006858" ON "CALIBER"."CALIBER_CATEGORY" ("CATEGORY_ID")
  PCTFREE 10 INITRANS 2 MAXTRANS 255 COMPUTE STATISTICS
  STORAGE(INITIAL 65536 NEXT 1048576 MINEXTENTS 1 MAXEXTENTS 2147483645
  PCTINCREASE 0 FREELISTS 1 FREELIST GROUPS 1
  BUFFER_POOL DEFAULT FLASH_CACHE DEFAULT CELL_FLASH_CACHE DEFAULT)
  TABLESPACE "USERS" ;
--------------------------------------------------------
--  Constraints for Table CALIBER_CATEGORY
--------------------------------------------------------
  ALTER TABLE "CALIBER"."CALIBER_CATEGORY" ADD PRIMARY KEY ("CATEGORY_ID")
  USING INDEX PCTFREE 10 INITRANS 2 MAXTRANS 255 COMPUTE STATISTICS
  STORAGE(INITIAL 65536 NEXT 1048576 MINEXTENTS 1 MAXEXTENTS 2147483645
  PCTINCREASE 0 FREELISTS 1 FREELIST GROUPS 1
  BUFFER_POOL DEFAULT FLASH_CACHE DEFAULT CELL_FLASH_CACHE DEFAULT)
  TABLESPACE "USERS"  ENABLE;
  ALTER TABLE "CALIBER"."CALIBER_CATEGORY" MODIFY ("CATEGORY_ID" NOT NULL ENABLE);
--------------------------------------------------------
--  DDL for Table CALIBER_ASSESSMENT
--------------------------------------------------------
  CREATE TABLE "CALIBER"."CALIBER_ASSESSMENT"
   (	"ASSESSMENT_ID" NUMBER(19,0),
	"RAW_SCORE" NUMBER(10,0),
	"ASSESSMENT_TITLE" VARCHAR2(255 CHAR),
	"ASSESSMENT_TYPE" VARCHAR2(255 CHAR),
	"WEEK_NUMBER" NUMBER(5,0),
	"BATCH_ID" NUMBER(10,0),
	"ASSESSMENT_CATEGORY" NUMBER(10,0)
   ) SEGMENT CREATION IMMEDIATE
  PCTFREE 10 PCTUSED 40 INITRANS 1 MAXTRANS 255
 NOCOMPRESS LOGGING
  STORAGE(INITIAL 65536 NEXT 1048576 MINEXTENTS 1 MAXEXTENTS 2147483645
  PCTINCREASE 0 FREELISTS 1 FREELIST GROUPS 1
  BUFFER_POOL DEFAULT FLASH_CACHE DEFAULT CELL_FLASH_CACHE DEFAULT)
  TABLESPACE "USERS" ;
--------------------------------------------------------
--  DDL for Index SYS_C006848
--------------------------------------------------------
  CREATE UNIQUE INDEX "CALIBER"."SYS_C006848" ON "CALIBER"."CALIBER_ASSESSMENT" ("ASSESSMENT_ID")
  PCTFREE 10 INITRANS 2 MAXTRANS 255 COMPUTE STATISTICS
  STORAGE(INITIAL 65536 NEXT 1048576 MINEXTENTS 1 MAXEXTENTS 2147483645
  PCTINCREASE 0 FREELISTS 1 FREELIST GROUPS 1
  BUFFER_POOL DEFAULT FLASH_CACHE DEFAULT CELL_FLASH_CACHE DEFAULT)
  TABLESPACE "USERS" ;
--------------------------------------------------------
--  Constraints for Table CALIBER_ASSESSMENT
--------------------------------------------------------
  ALTER TABLE "CALIBER"."CALIBER_ASSESSMENT" MODIFY ("ASSESSMENT_CATEGORY" NOT NULL ENABLE);
  ALTER TABLE "CALIBER"."CALIBER_ASSESSMENT" MODIFY ("RAW_SCORE" NOT NULL ENABLE);
  ALTER TABLE "CALIBER"."CALIBER_ASSESSMENT" ADD PRIMARY KEY ("ASSESSMENT_ID")
  USING INDEX PCTFREE 10 INITRANS 2 MAXTRANS 255 COMPUTE STATISTICS
  STORAGE(INITIAL 65536 NEXT 1048576 MINEXTENTS 1 MAXEXTENTS 2147483645
  PCTINCREASE 0 FREELISTS 1 FREELIST GROUPS 1
  BUFFER_POOL DEFAULT FLASH_CACHE DEFAULT CELL_FLASH_CACHE DEFAULT)
  TABLESPACE "USERS"  ENABLE;
  ALTER TABLE "CALIBER"."CALIBER_ASSESSMENT" MODIFY ("BATCH_ID" NOT NULL ENABLE);
  ALTER TABLE "CALIBER"."CALIBER_ASSESSMENT" MODIFY ("WEEK_NUMBER" NOT NULL ENABLE);
  ALTER TABLE "CALIBER"."CALIBER_ASSESSMENT" MODIFY ("ASSESSMENT_TYPE" NOT NULL ENABLE);
  ALTER TABLE "CALIBER"."CALIBER_ASSESSMENT" MODIFY ("ASSESSMENT_ID" NOT NULL ENABLE);
--------------------------------------------------------
--  Ref Constraints for Table CALIBER_ASSESSMENT
--------------------------------------------------------
  ALTER TABLE "CALIBER"."CALIBER_ASSESSMENT" ADD CONSTRAINT "FK_3NBC8UK6IAM68O6DK4XVMRWL2" FOREIGN KEY ("ASSESSMENT_CATEGORY")
	  REFERENCES "CALIBER"."CALIBER_CATEGORY" ("CATEGORY_ID") ENABLE;
  ALTER TABLE "CALIBER"."CALIBER_ASSESSMENT" ADD CONSTRAINT "FK_83R77WO51CP74YVUFSLYP3E1M" FOREIGN KEY ("BATCH_ID")
	  REFERENCES "CALIBER"."CALIBER_BATCH" ("BATCH_ID") ENABLE;
--------------------------------------------------------
--  DDL for Table CALIBER_TRAINEE
--------------------------------------------------------
  CREATE TABLE "CALIBER"."CALIBER_TRAINEE"
   (	"TRAINEE_ID" NUMBER(10,0),
	"TRAINEE_EMAIL" VARCHAR2(255 CHAR),
	"TRAINEE_NAME" VARCHAR2(255 CHAR),
	"TRAINING_STATUS" VARCHAR2(255 CHAR),
	"BATCH_ID" NUMBER(10,0),
	"PHONE_NUMBER" VARCHAR2(255 CHAR),
	"PROFILE_URL" VARCHAR2(255 CHAR),
	"SKYPE_ID" VARCHAR2(255 CHAR),
	"RESOURCE_ID" VARCHAR2(255 CHAR),
    "FLAG_NOTES" VARCHAR2 (400 CHAR),
    "FLAG_STATUS" VARCHAR2(255 CHAR) DEFAULT 'NONE'
   ) SEGMENT CREATION IMMEDIATE
  PCTFREE 10 PCTUSED 40 INITRANS 1 MAXTRANS 255
 NOCOMPRESS LOGGING
  STORAGE(INITIAL 65536 NEXT 1048576 MINEXTENTS 1 MAXEXTENTS 2147483645
  PCTINCREASE 0 FREELISTS 1 FREELIST GROUPS 1
  BUFFER_POOL DEFAULT FLASH_CACHE DEFAULT CELL_FLASH_CACHE DEFAULT)
  TABLESPACE "USERS" ;

--------------------------------------------------------
--  DDL for Index SYS_C006870
--------------------------------------------------------
  CREATE UNIQUE INDEX "CALIBER"."SYS_C006870" ON "CALIBER"."CALIBER_TRAINEE" ("TRAINEE_ID")
  PCTFREE 10 INITRANS 2 MAXTRANS 255 COMPUTE STATISTICS
  STORAGE(INITIAL 65536 NEXT 1048576 MINEXTENTS 1 MAXEXTENTS 2147483645
  PCTINCREASE 0 FREELISTS 1 FREELIST GROUPS 1
  BUFFER_POOL DEFAULT FLASH_CACHE DEFAULT CELL_FLASH_CACHE DEFAULT)
  TABLESPACE "USERS" ;
--------------------------------------------------------
--  Constraints for Table CALIBER_TRAINEE
--------------------------------------------------------
  ALTER TABLE "CALIBER"."CALIBER_TRAINEE" ADD PRIMARY KEY ("TRAINEE_ID")
  USING INDEX PCTFREE 10 INITRANS 2 MAXTRANS 255 COMPUTE STATISTICS
  STORAGE(INITIAL 65536 NEXT 1048576 MINEXTENTS 1 MAXEXTENTS 2147483645
  PCTINCREASE 0 FREELISTS 1 FREELIST GROUPS 1
  BUFFER_POOL DEFAULT FLASH_CACHE DEFAULT CELL_FLASH_CACHE DEFAULT)
  TABLESPACE "USERS"  ENABLE;
  ALTER TABLE "CALIBER"."CALIBER_TRAINEE" MODIFY ("BATCH_ID" NOT NULL ENABLE);
  ALTER TABLE "CALIBER"."CALIBER_TRAINEE" MODIFY ("TRAINEE_ID" NOT NULL ENABLE);
--------------------------------------------------------
--  Ref Constraints for Table CALIBER_TRAINEE
--------------------------------------------------------
  ALTER TABLE "CALIBER"."CALIBER_TRAINEE" ADD CONSTRAINT "FK_I6XQ8I1717FWXU7UQBXHMGOWC" FOREIGN KEY ("BATCH_ID")
	  REFERENCES "CALIBER"."CALIBER_BATCH" ("BATCH_ID") ENABLE;
--------------------------------------------------------
--  DDL for Table CALIBER_GRADE
--------------------------------------------------------
  CREATE TABLE "CALIBER"."CALIBER_GRADE"
   (	"GRADE_ID" NUMBER(19,0),
	"DATE_RECEIVED" TIMESTAMP (6),
	"SCORE" FLOAT(126),
	"ASSESSMENT_ID" NUMBER(19,0),
	"TRAINEE_ID" NUMBER(10,0)
   ) SEGMENT CREATION IMMEDIATE
  PCTFREE 10 PCTUSED 40 INITRANS 1 MAXTRANS 255
 NOCOMPRESS LOGGING
  STORAGE(INITIAL 65536 NEXT 1048576 MINEXTENTS 1 MAXEXTENTS 2147483645
  PCTINCREASE 0 FREELISTS 1 FREELIST GROUPS 1
  BUFFER_POOL DEFAULT FLASH_CACHE DEFAULT CELL_FLASH_CACHE DEFAULT)
  TABLESPACE "USERS" ;
--------------------------------------------------------
--  DDL for Index SYS_C006864
--------------------------------------------------------
  CREATE UNIQUE INDEX "CALIBER"."SYS_C006864" ON "CALIBER"."CALIBER_GRADE" ("GRADE_ID")
  PCTFREE 10 INITRANS 2 MAXTRANS 255 COMPUTE STATISTICS
  STORAGE(INITIAL 65536 NEXT 1048576 MINEXTENTS 1 MAXEXTENTS 2147483645
  PCTINCREASE 0 FREELISTS 1 FREELIST GROUPS 1
  BUFFER_POOL DEFAULT FLASH_CACHE DEFAULT CELL_FLASH_CACHE DEFAULT)
  TABLESPACE "USERS" ;
--------------------------------------------------------
--  Constraints for Table CALIBER_GRADE
--------------------------------------------------------
  ALTER TABLE "CALIBER"."CALIBER_GRADE" ADD PRIMARY KEY ("GRADE_ID")
  USING INDEX PCTFREE 10 INITRANS 2 MAXTRANS 255 COMPUTE STATISTICS
  STORAGE(INITIAL 65536 NEXT 1048576 MINEXTENTS 1 MAXEXTENTS 2147483645
  PCTINCREASE 0 FREELISTS 1 FREELIST GROUPS 1
  BUFFER_POOL DEFAULT FLASH_CACHE DEFAULT CELL_FLASH_CACHE DEFAULT)
  TABLESPACE "USERS"  ENABLE;
  ALTER TABLE "CALIBER"."CALIBER_GRADE" MODIFY ("TRAINEE_ID" NOT NULL ENABLE);
  ALTER TABLE "CALIBER"."CALIBER_GRADE" MODIFY ("ASSESSMENT_ID" NOT NULL ENABLE);
  ALTER TABLE "CALIBER"."CALIBER_GRADE" MODIFY ("SCORE" NOT NULL ENABLE);
  ALTER TABLE "CALIBER"."CALIBER_GRADE" MODIFY ("DATE_RECEIVED" NOT NULL ENABLE);
  ALTER TABLE "CALIBER"."CALIBER_GRADE" MODIFY ("GRADE_ID" NOT NULL ENABLE);
--------------------------------------------------------
--  Ref Constraints for Table CALIBER_GRADE
--------------------------------------------------------
  ALTER TABLE "CALIBER"."CALIBER_GRADE" ADD CONSTRAINT "FK_7GF9T26KCY85A3XMQLA8TF4R1" FOREIGN KEY ("TRAINEE_ID")
	  REFERENCES "CALIBER"."CALIBER_TRAINEE" ("TRAINEE_ID") ENABLE;
  ALTER TABLE "CALIBER"."CALIBER_GRADE" ADD CONSTRAINT "FK_JCQEJLMKF8JA574MPH22YL483" FOREIGN KEY ("ASSESSMENT_ID")
	  REFERENCES "CALIBER"."CALIBER_ASSESSMENT" ("ASSESSMENT_ID") ENABLE;
--------------------------------------------------------
--  DDL for Table CALIBER_NOTE
--------------------------------------------------------
  CREATE TABLE "CALIBER"."CALIBER_NOTE"
   (	"NOTE_ID" NUMBER(10,0),
	"NOTE_CONTENT" VARCHAR2(4000 CHAR),
	"MAX_VISIBILITY" NUMBER(10,0),
	"IS_QC_FEEDBACK" NUMBER(1,0),
	"QC_STATUS" VARCHAR2(255 CHAR),
	"NOTE_TYPE" VARCHAR2(255 CHAR),
	"WEEK_NUMBER" NUMBER(5,0),
	"BATCH_ID" NUMBER(10,0),
	"TRAINEE_ID" NUMBER(10,0)
   ) SEGMENT CREATION IMMEDIATE
  PCTFREE 10 PCTUSED 40 INITRANS 1 MAXTRANS 255
 NOCOMPRESS LOGGING
  STORAGE(INITIAL 65536 NEXT 1048576 MINEXTENTS 1 MAXEXTENTS 2147483645
  PCTINCREASE 0 FREELISTS 1 FREELIST GROUPS 1
  BUFFER_POOL DEFAULT FLASH_CACHE DEFAULT CELL_FLASH_CACHE DEFAULT)
  TABLESPACE "USERS" ;
--------------------------------------------------------
--  DDL for Index SYS_C006867
--------------------------------------------------------
  CREATE UNIQUE INDEX "CALIBER"."SYS_C006867" ON "CALIBER"."CALIBER_NOTE" ("NOTE_ID")
  PCTFREE 10 INITRANS 2 MAXTRANS 255 COMPUTE STATISTICS
  STORAGE(INITIAL 65536 NEXT 1048576 MINEXTENTS 1 MAXEXTENTS 2147483645
  PCTINCREASE 0 FREELISTS 1 FREELIST GROUPS 1
  BUFFER_POOL DEFAULT FLASH_CACHE DEFAULT CELL_FLASH_CACHE DEFAULT)
  TABLESPACE "USERS" ;
--------------------------------------------------------
--  Constraints for Table CALIBER_NOTE
--------------------------------------------------------
  ALTER TABLE "CALIBER"."CALIBER_NOTE" ADD PRIMARY KEY ("NOTE_ID")
  USING INDEX PCTFREE 10 INITRANS 2 MAXTRANS 255 COMPUTE STATISTICS
  STORAGE(INITIAL 65536 NEXT 1048576 MINEXTENTS 1 MAXEXTENTS 2147483645
  PCTINCREASE 0 FREELISTS 1 FREELIST GROUPS 1
  BUFFER_POOL DEFAULT FLASH_CACHE DEFAULT CELL_FLASH_CACHE DEFAULT)
  TABLESPACE "USERS"  ENABLE;
  ALTER TABLE "CALIBER"."CALIBER_NOTE" MODIFY ("IS_QC_FEEDBACK" NOT NULL ENABLE);
  ALTER TABLE "CALIBER"."CALIBER_NOTE" MODIFY ("NOTE_ID" NOT NULL ENABLE);
--------------------------------------------------------
--  Ref Constraints for Table CALIBER_NOTE
--------------------------------------------------------
  ALTER TABLE "CALIBER"."CALIBER_NOTE" ADD CONSTRAINT "FK_I8GMTI8EP44N7VE6KB1JK5CR3" FOREIGN KEY ("BATCH_ID")
	  REFERENCES "CALIBER"."CALIBER_BATCH" ("BATCH_ID") ENABLE;
  ALTER TABLE "CALIBER"."CALIBER_NOTE" ADD CONSTRAINT "FK_QU8BU6BS63XBDT5OUTD7VD4DJ" FOREIGN KEY ("TRAINEE_ID")
	  REFERENCES "CALIBER"."CALIBER_TRAINEE" ("TRAINEE_ID") ENABLE;
--------------------------------------------------------
--  DDL for Table CALIBER_PANEL
--------------------------------------------------------
  CREATE TABLE "CALIBER"."CALIBER_PANEL" 
   (	"PANEL_ID" NUMBER(10,0), 
	"ASSOCIATE_INTRO" VARCHAR2(1000 CHAR), 
	"COMMUNICATION_SKILLS" VARCHAR2(1000 CHAR), 
	"DURATION" VARCHAR2(255 CHAR), 
	"INTERVIEW_FORMAT" VARCHAR2(255 CHAR), 
	"INTERNET_CONNECTIVITY" VARCHAR2(255 CHAR), 
	"INTERVIEW_DATE" TIMESTAMP (6), 
	"OVERALL_FEEDBACK" VARCHAR2(1000 CHAR), 
	"PANEL_ROUND" NUMBER(10,0), 
	"PROJECT_ONE_DESCRIPTION" VARCHAR2(1000 CHAR), 
	"PROJECT_THREE_DESCRIPTION" VARCHAR2(1000 CHAR), 
	"PROJECT_TWO_DESCRIPTION" VARCHAR2(1000 CHAR), 
	"RECORDING_CONSENT" VARCHAR2(20 CHAR), 
	"RECORDING_LINK" VARCHAR2(255 CHAR), 
	"PANEL_STATUS" VARCHAR2(20 CHAR), 
	"PANELIST_ID" NUMBER(10,0), 
	"TRAINEE_ID" NUMBER(10,0)
   ) SEGMENT CREATION IMMEDIATE
  PCTFREE 10 PCTUSED 40 INITRANS 1 MAXTRANS 255 NOCOMPRESS LOGGING
  STORAGE(INITIAL 65536 NEXT 1048576 MINEXTENTS 1 MAXEXTENTS 2147483645
  PCTINCREASE 0 FREELISTS 1 FREELIST GROUPS 1 BUFFER_POOL DEFAULT FLASH_CACHE DEFAULT CELL_FLASH_CACHE DEFAULT)
  TABLESPACE "SYSTEM" ;
--------------------------------------------------------
--  DDL for Index SYS_C0011400
--------------------------------------------------------
  CREATE UNIQUE INDEX "CALIBER"."SYS_C0011400" ON "CALIBER"."CALIBER_PANEL" ("PANEL_ID")
  PCTFREE 10 INITRANS 2 MAXTRANS 255
  STORAGE(INITIAL 65536 NEXT 1048576 MINEXTENTS 1 MAXEXTENTS 2147483645
  PCTINCREASE 0 FREELISTS 1 FREELIST GROUPS 1 BUFFER_POOL DEFAULT FLASH_CACHE DEFAULT CELL_FLASH_CACHE DEFAULT)
  TABLESPACE "SYSTEM" ;
--------------------------------------------------------
--  Constraints for Table CALIBER_PANEL
--------------------------------------------------------
  ALTER TABLE "CALIBER"."CALIBER_PANEL" ADD PRIMARY KEY ("PANEL_ID")
  USING INDEX PCTFREE 10 INITRANS 2 MAXTRANS 255
  STORAGE(INITIAL 65536 NEXT 1048576 MINEXTENTS 1 MAXEXTENTS 2147483645
  PCTINCREASE 0 FREELISTS 1 FREELIST GROUPS 1 BUFFER_POOL DEFAULT FLASH_CACHE DEFAULT CELL_FLASH_CACHE DEFAULT)
  TABLESPACE "SYSTEM"  ENABLE;
  ALTER TABLE "CALIBER"."CALIBER_PANEL" ADD CHECK (PANEL_ROUND>=1) ENABLE;
  ALTER TABLE "CALIBER"."CALIBER_PANEL" MODIFY ("TRAINEE_ID" NOT NULL ENABLE);
  ALTER TABLE "CALIBER"."CALIBER_PANEL" MODIFY ("PANELIST_ID" NOT NULL ENABLE);
  ALTER TABLE "CALIBER"."CALIBER_PANEL" MODIFY ("PANEL_STATUS" NOT NULL ENABLE);
  ALTER TABLE "CALIBER"."CALIBER_PANEL" MODIFY ("PANEL_ROUND" NOT NULL ENABLE);
  ALTER TABLE "CALIBER"."CALIBER_PANEL" MODIFY ("INTERVIEW_FORMAT" NOT NULL ENABLE);
  ALTER TABLE "CALIBER"."CALIBER_PANEL" MODIFY ("PANEL_ID" NOT NULL ENABLE);
--------------------------------------------------------
--  Ref Constraints for Table CALIBER_PANEL
--------------------------------------------------------
  ALTER TABLE "CALIBER"."CALIBER_PANEL" ADD CONSTRAINT "FK_JFR6OCW09DW69AAIGW4U7QRP5" FOREIGN KEY ("TRAINEE_ID")
	  REFERENCES "CALIBER"."CALIBER_TRAINEE" ("TRAINEE_ID") ENABLE;
  ALTER TABLE "CALIBER"."CALIBER_PANEL" ADD CONSTRAINT "FK_QBCLCSTJGHPAYHWIAGX8HVX4V" FOREIGN KEY ("PANELIST_ID")
	  REFERENCES "CALIBER"."CALIBER_TRAINER" ("TRAINER_ID") ENABLE;
--------------------------------------------------------
--  DDL for Table CALIBER_PANEL_FEEDBACK
--------------------------------------------------------
  CREATE TABLE "CALIBER"."CALIBER_PANEL_FEEDBACK"
   (	"PANEL_FEEDBACK_ID" NUMBER(19,0),
	"PANELIST_COMMENTS" VARCHAR2(1000 CHAR),
	"PANEL_RESULT" VARCHAR2(20 CHAR),
	"PANEL_STATUS" VARCHAR2(20 CHAR),
	"PANEL_ID" NUMBER(10,0),
	"CATEGORY_ID" NUMBER(10,0)
   ) SEGMENT CREATION IMMEDIATE
  PCTFREE 10 PCTUSED 40 INITRANS 1 MAXTRANS 255 NOCOMPRESS LOGGING
  STORAGE(INITIAL 65536 NEXT 1048576 MINEXTENTS 1 MAXEXTENTS 2147483645
  PCTINCREASE 0 FREELISTS 1 FREELIST GROUPS 1 BUFFER_POOL DEFAULT FLASH_CACHE DEFAULT CELL_FLASH_CACHE DEFAULT)
  TABLESPACE "SYSTEM" ;
--------------------------------------------------------
--  DDL for Index SYS_C0011407
--------------------------------------------------------
  CREATE UNIQUE INDEX "CALIBER"."SYS_C0011407" ON "CALIBER"."CALIBER_PANEL_FEEDBACK" ("PANEL_FEEDBACK_ID")
  PCTFREE 10 INITRANS 2 MAXTRANS 255
  STORAGE(INITIAL 65536 NEXT 1048576 MINEXTENTS 1 MAXEXTENTS 2147483645
  PCTINCREASE 0 FREELISTS 1 FREELIST GROUPS 1 BUFFER_POOL DEFAULT FLASH_CACHE DEFAULT CELL_FLASH_CACHE DEFAULT)
  TABLESPACE "SYSTEM" ;
--------------------------------------------------------
--  Constraints for Table CALIBER_PANEL_FEEDBACK
--------------------------------------------------------
  ALTER TABLE "CALIBER"."CALIBER_PANEL_FEEDBACK" ADD PRIMARY KEY ("PANEL_FEEDBACK_ID")
  USING INDEX PCTFREE 10 INITRANS 2 MAXTRANS 255
  STORAGE(INITIAL 65536 NEXT 1048576 MINEXTENTS 1 MAXEXTENTS 2147483645
  PCTINCREASE 0 FREELISTS 1 FREELIST GROUPS 1 BUFFER_POOL DEFAULT FLASH_CACHE DEFAULT CELL_FLASH_CACHE DEFAULT)
  TABLESPACE "SYSTEM"  ENABLE;
  ALTER TABLE "CALIBER"."CALIBER_PANEL_FEEDBACK" MODIFY ("CATEGORY_ID" NOT NULL ENABLE);
  ALTER TABLE "CALIBER"."CALIBER_PANEL_FEEDBACK" MODIFY ("PANEL_ID" NOT NULL ENABLE);
  ALTER TABLE "CALIBER"."CALIBER_PANEL_FEEDBACK" MODIFY ("PANEL_STATUS" NOT NULL ENABLE);
  ALTER TABLE "CALIBER"."CALIBER_PANEL_FEEDBACK" MODIFY ("PANEL_RESULT" NOT NULL ENABLE);
  ALTER TABLE "CALIBER"."CALIBER_PANEL_FEEDBACK" MODIFY ("PANEL_FEEDBACK_ID" NOT NULL ENABLE);
--------------------------------------------------------
--  Ref Constraints for Table CALIBER_PANEL_FEEDBACK
--------------------------------------------------------
  ALTER TABLE "CALIBER"."CALIBER_PANEL_FEEDBACK" ADD CONSTRAINT "FK_DUQ9ETOU1QMJBNMD0D43NX0TC" FOREIGN KEY ("CATEGORY_ID")
	  REFERENCES "CALIBER"."CALIBER_CATEGORY" ("CATEGORY_ID") ENABLE;
  ALTER TABLE "CALIBER"."CALIBER_PANEL_FEEDBACK" ADD CONSTRAINT "FK_GQXJIXAFOY11XR6L8BMPSTV0D" FOREIGN KEY ("PANEL_ID")
	  REFERENCES "CALIBER"."CALIBER_PANEL" ("PANEL_ID") ENABLE;
--------------------------------------------------------
--  DDL for Sequence TRAINER_ID_SEQUENCE
--------------------------------------------------------
   CREATE SEQUENCE  "CALIBER"."TRAINER_ID_SEQUENCE"  MINVALUE 1 MAXVALUE 9999999999999999999999999999 INCREMENT BY 1 START WITH 1 CACHE 20 NOORDER  NOCYCLE ;
--------------------------------------------------------
--  ALTER TABLE CALIBER_TRAINEE
--------------------------------------------------------
ALTER TABLE "CALIBER"."CALIBER_TRAINEE" ADD RECRUITER_NAME VARCHAR2(255 CHAR) NULL;
ALTER TABLE "CALIBER"."CALIBER_TRAINEE" ADD COLLEGE VARCHAR2(255 CHAR) NULL;
ALTER TABLE "CALIBER"."CALIBER_TRAINEE" ADD DEGREE VARCHAR2(255 CHAR) NULL;
ALTER TABLE "CALIBER"."CALIBER_TRAINEE" ADD MAJOR VARCHAR2(255 CHAR) NULL;
ALTER TABLE "CALIBER"."CALIBER_TRAINEE" ADD TECH_SCREENER_NAME VARCHAR2(255 CHAR) NULL;
ALTER TABLE "CALIBER"."CALIBER_TRAINEE" ADD REVPRO_PROJECT_COMPLETION NUMBER(10) NULL;


-- NEW TABLES AND COLUMNS FOR TRAIN THE TRAINER CHECKLIST
--------------------------------------------------------
--  DDL for Table CALIBER_TASK
--------------------------------------------------------
  CREATE TABLE "CALIBER"."CALIBER_TASK"
   (	"TASK_ID" NUMBER(10,0),
	"IS_ACTIVE" NUMBER(1,0),
	"TASK_DESCRIPTION" VARCHAR2(255 CHAR),
	"TASK_PRIORITY" NUMBER(10,0)
   ) SEGMENT CREATION IMMEDIATE
  PCTFREE 10 PCTUSED 40 INITRANS 1 MAXTRANS 255 NOCOMPRESS LOGGING
  STORAGE(INITIAL 65536 NEXT 1048576 MINEXTENTS 1 MAXEXTENTS 2147483645
  PCTINCREASE 0 FREELISTS 1 FREELIST GROUPS 1 BUFFER_POOL DEFAULT FLASH_CACHE DEFAULT CELL_FLASH_CACHE DEFAULT)
  TABLESPACE "SYSTEM" ;
--------------------------------------------------------
--  DDL for Index SYS_C0011695
--------------------------------------------------------
  CREATE UNIQUE INDEX "CALIBER"."SYS_C0011695" ON "CALIBER"."CALIBER_TASK" ("TASK_ID")
  PCTFREE 10 INITRANS 2 MAXTRANS 255
  STORAGE(INITIAL 65536 NEXT 1048576 MINEXTENTS 1 MAXEXTENTS 2147483645
  PCTINCREASE 0 FREELISTS 1 FREELIST GROUPS 1 BUFFER_POOL DEFAULT FLASH_CACHE DEFAULT CELL_FLASH_CACHE DEFAULT)
  TABLESPACE "SYSTEM" ;
--------------------------------------------------------
--  Constraints for Table CALIBER_TASK
--------------------------------------------------------
  ALTER TABLE "CALIBER"."CALIBER_TASK" ADD PRIMARY KEY ("TASK_ID")
  USING INDEX PCTFREE 10 INITRANS 2 MAXTRANS 255
  STORAGE(INITIAL 65536 NEXT 1048576 MINEXTENTS 1 MAXEXTENTS 2147483645
  PCTINCREASE 0 FREELISTS 1 FREELIST GROUPS 1 BUFFER_POOL DEFAULT FLASH_CACHE DEFAULT CELL_FLASH_CACHE DEFAULT)
  TABLESPACE "SYSTEM"  ENABLE;
  ALTER TABLE "CALIBER"."CALIBER_TASK" MODIFY ("TASK_ID" NOT NULL ENABLE);
--------------------------------------------------------
--  DDL for Table CALIBER_TASK_COMPLETION
--------------------------------------------------------
  CREATE TABLE "CALIBER"."CALIBER_TASK_COMPLETION"
   (	"TASK_COMPLETION_ID" NUMBER(10,0),
	"COMPLETION_DATE" DATE,
	"CHECKED_BY" NUMBER(10,0),
	"TASK_ID" NUMBER(10,0) NOT NULL,
	"TRAINER_ID" NUMBER(10,0)
   ) SEGMENT CREATION IMMEDIATE
  PCTFREE 10 PCTUSED 40 INITRANS 1 MAXTRANS 255 NOCOMPRESS LOGGING
  STORAGE(INITIAL 65536 NEXT 1048576 MINEXTENTS 1 MAXEXTENTS 2147483645
  PCTINCREASE 0 FREELISTS 1 FREELIST GROUPS 1 BUFFER_POOL DEFAULT FLASH_CACHE DEFAULT CELL_FLASH_CACHE DEFAULT)
  TABLESPACE "SYSTEM" ;
--------------------------------------------------------
--  DDL for Index SYS_C0011700
--------------------------------------------------------
  CREATE UNIQUE INDEX "CALIBER"."SYS_C0011700" ON "CALIBER"."CALIBER_TASK_COMPLETION" ("TASK_COMPLETION_ID")
  PCTFREE 10 INITRANS 2 MAXTRANS 255
  STORAGE(INITIAL 65536 NEXT 1048576 MINEXTENTS 1 MAXEXTENTS 2147483645
  PCTINCREASE 0 FREELISTS 1 FREELIST GROUPS 1 BUFFER_POOL DEFAULT FLASH_CACHE DEFAULT CELL_FLASH_CACHE DEFAULT)
  TABLESPACE "SYSTEM" ;
--------------------------------------------------------
--  Constraints for Table CALIBER_TASK_COMPLETION
--------------------------------------------------------
  ALTER TABLE "CALIBER"."CALIBER_TASK_COMPLETION" ADD PRIMARY KEY ("TASK_COMPLETION_ID")
  USING INDEX PCTFREE 10 INITRANS 2 MAXTRANS 255
  STORAGE(INITIAL 65536 NEXT 1048576 MINEXTENTS 1 MAXEXTENTS 2147483645
  PCTINCREASE 0 FREELISTS 1 FREELIST GROUPS 1 BUFFER_POOL DEFAULT FLASH_CACHE DEFAULT CELL_FLASH_CACHE DEFAULT)
  TABLESPACE "SYSTEM"  ENABLE;
  ALTER TABLE "CALIBER"."CALIBER_TASK_COMPLETION" MODIFY ("TRAINER_ID" NOT NULL ENABLE);
  ALTER TABLE "CALIBER"."CALIBER_TASK_COMPLETION" MODIFY ("CHECKED_BY" NOT NULL ENABLE);
  ALTER TABLE "CALIBER"."CALIBER_TASK_COMPLETION" MODIFY ("COMPLETION_DATE" NOT NULL ENABLE);
  ALTER TABLE "CALIBER"."CALIBER_TASK_COMPLETION" MODIFY ("TASK_COMPLETION_ID" NOT NULL ENABLE);
--------------------------------------------------------
--  Ref Constraints for Table CALIBER_TASK_COMPLETION
--------------------------------------------------------
  ALTER TABLE "CALIBER"."CALIBER_TASK_COMPLETION" ADD CONSTRAINT "FK_3FBXNU2RHAHET3WHDCLOX75DL" FOREIGN KEY ("TRAINER_ID")
	  REFERENCES "CALIBER"."CALIBER_TRAINER" ("TRAINER_ID") ENABLE;
  ALTER TABLE "CALIBER"."CALIBER_TASK_COMPLETION" ADD CONSTRAINT "FK_N0TMAP4M8FTAFKP3FUKXXL6T3" FOREIGN KEY ("CHECKED_BY")
	  REFERENCES "CALIBER"."CALIBER_TRAINER" ("TRAINER_ID") ENABLE;
  ALTER TABLE "CALIBER"."CALIBER_TASK_COMPLETION" ADD CONSTRAINT "FK_QQRRVSYR2UDC3M2T5NJI03TQH" FOREIGN KEY ("TASK_ID")
	  REFERENCES "CALIBER"."CALIBER_TASK" ("TASK_ID") ENABLE;
--------------------------------------------------------
--  DDL for Sequence ASSESSMENT_ID_SEQUENCE
--------------------------------------------------------
   CREATE SEQUENCE  "CALIBER"."ASSESSMENT_ID_SEQUENCE"  MINVALUE 3080 MAXVALUE 9999999999999999999999999999 INCREMENT BY 1 START WITH 3080 CACHE 20 NOORDER  NOCYCLE ;
--------------------------------------------------------
--  DDL for Sequence BATCH_ID_SEQUENCE
--------------------------------------------------------
   CREATE SEQUENCE  "CALIBER"."BATCH_ID_SEQUENCE"  MINVALUE 2210 MAXVALUE 9999999999999999999999999999 INCREMENT BY 1 START WITH 2210 CACHE 20 NOORDER  NOCYCLE ;
--------------------------------------------------------
--  DDL for Sequence CATEGORY_ID_SEQUENCE
--------------------------------------------------------
   CREATE SEQUENCE  "CALIBER"."CATEGORY_ID_SEQUENCE"  MINVALUE 1 MAXVALUE 9999999999999999999999999999 INCREMENT BY 1 START WITH 1 CACHE 20 NOORDER  NOCYCLE ;
--------------------------------------------------------
--  DDL for Sequence GRADE_ID_SEQUENCE
--------------------------------------------------------
   CREATE SEQUENCE  "CALIBER"."GRADE_ID_SEQUENCE"  MINVALUE 3000 MAXVALUE 9999999999999999999999999999 INCREMENT BY 1 START WITH 3000 CACHE 20 NOORDER  NOCYCLE ;
--------------------------------------------------------
--  DDL for Sequence NOTE_ID_SEQUENCE
--------------------------------------------------------
   CREATE SEQUENCE  "CALIBER"."NOTE_ID_SEQUENCE"  MINVALUE 6500 MAXVALUE 9999999999999999999999999999 INCREMENT BY 1 START WITH 6500 CACHE 20 NOORDER  NOCYCLE;
--------------------------------------------------------
--  DDL for Sequence TRAINEE_ID_SEQUENCE
--------------------------------------------------------
   CREATE SEQUENCE  "CALIBER"."TRAINEE_ID_SEQUENCE"  MINVALUE 5600 MAXVALUE 9999999999999999999999999999 INCREMENT BY 1 START WITH 5600 CACHE 20 NOORDER  NOCYCLE ;
--------------------------------------------------------
--  DDL for Sequence ADDRESS_ID_SEQUENCE
--------------------------------------------------------
   CREATE SEQUENCE  "CALIBER"."ADDRESS_ID_SEQUENCE"  MINVALUE 1 MAXVALUE 9999999999999999999999999999 INCREMENT BY 1 START WITH 1 CACHE 20 NOORDER  NOCYCLE ;
--------------------------------------------------------
--  DDL for Sequence PANEL_FEEDBACK_ID_SEQUENCE
--------------------------------------------------------
   CREATE SEQUENCE  "CALIBER"."PANEL_FEEDBACK_ID_SEQUENCE"  MINVALUE 141 MAXVALUE 9999999999999999999999999999 INCREMENT BY 1 START WITH 141 CACHE 20 NOORDER  NOCYCLE ;
--------------------------------------------------------
--  DDL for Sequence PANEL_ID_SEQUENCE
--------------------------------------------------------
   CREATE SEQUENCE  "CALIBER"."PANEL_ID_SEQUENCE"  MINVALUE 71 MAXVALUE 9999999999999999999999999999 INCREMENT BY 1 START WITH 71 CACHE 20 NOORDER  NOCYCLE ;
   --------------------------------------------------------
--  DDL for Sequence TASK_COMPLETION_ID_SEQUENCE
--------------------------------------------------------
   CREATE SEQUENCE  "CALIBER"."TASK_COMPLETION_ID_SEQUENCE"  MINVALUE 1 MAXVALUE 9999999999999999999999999999 INCREMENT BY 1 START WITH 1 CACHE 20 NOORDER  NOCYCLE ;
--------------------------------------------------------
--  DDL for Sequence TASK_ID_SEQUENCE
--------------------------------------------------------
   CREATE SEQUENCE  "CALIBER"."TASK_ID_SEQUENCE"  MINVALUE 1 MAXVALUE 9999999999999999999999999999 INCREMENT BY 1 START WITH 1 CACHE 20 NOORDER  NOCYCLE ;
-------------TRAINER-------------
INSERT INTO CALIBER_TRAINER(TRAINER_ID, EMAIL, NAME, TITLE, TIER)
  VALUES( TRAINER_ID_SEQUENCE.NEXTVAL, 'patrick.walsh@revature.com', 'Patrick Walsh', 'Lead Trainer', 'ROLE_VP');
INSERT INTO CALIBER_TRAINER(TRAINER_ID, EMAIL, NAME, TITLE, TIER)
  VALUES( TRAINER_ID_SEQUENCE.NEXTVAL, 'pjw6193@hotmail.com', 'Dan Pickles', 'Lead Trainer', 'ROLE_VP');
INSERT INTO CALIBER_TRAINER(TRAINER_ID, EMAIL, NAME, TITLE, TIER)
  VALUES( TRAINER_ID_SEQUENCE.NEXTVAL, 'ravi.singh@revature.com', 'Ravi Singh', 'Vice President of Technology', 'ROLE_VP');
INSERT INTO CALIBER_TRAINER(TRAINER_ID, EMAIL, NAME, TITLE, TIER)
  VALUES( TRAINER_ID_SEQUENCE.NEXTVAL, 'karan.dhirar@revature.com', 'Karan Dhirar', 'Technology Manager', 'ROLE_VP');
INSERT INTO CALIBER_TRAINER(TRAINER_ID, EMAIL, NAME, TITLE, TIER)
  VALUES( TRAINER_ID_SEQUENCE.NEXTVAL, 'brian.connolly@revature.com', 'Brian Connolly', 'Senior Java Developer', 'ROLE_VP');
INSERT INTO CALIBER_TRAINER(TRAINER_ID, EMAIL, NAME, TITLE, TIER)
  VALUES( TRAINER_ID_SEQUENCE.NEXTVAL, 'genesis.bonds@revature.com', 'Genesis Bonds', 'Trainer', 'ROLE_TRAINER');
INSERT INTO CALIBER_TRAINER(TRAINER_ID, EMAIL, NAME, TITLE, TIER)
  VALUES( TRAINER_ID_SEQUENCE.NEXTVAL, 'ankit.garg@revature.com', 'Ankit Garg', 'Lead Trainer', 'ROLE_TRAINER');
INSERT INTO CALIBER_TRAINER(TRAINER_ID, EMAIL, NAME, TITLE, TIER)
  VALUES( TRAINER_ID_SEQUENCE.NEXTVAL, 'ryan.lessley@revature.com', 'Ryan Lessley', 'Senior Trainer', 'ROLE_TRAINER');
INSERT INTO CALIBER_TRAINER(TRAINER_ID, EMAIL, NAME, TITLE, TIER)
  VALUES( TRAINER_ID_SEQUENCE.NEXTVAL, 'steven.kelsey@revature.com', 'Steven Kelsey', 'Senior Trainer', 'ROLE_TRAINER');
INSERT INTO CALIBER_TRAINER(TRAINER_ID, EMAIL, NAME, TITLE, TIER)
  VALUES( TRAINER_ID_SEQUENCE.NEXTVAL, 'emily.higgins@revature.com', 'Emily Higgins', 'Trainer', 'ROLE_TRAINER');
INSERT INTO CALIBER_TRAINER(TRAINER_ID, EMAIL, NAME, TITLE, TIER)
  VALUES( TRAINER_ID_SEQUENCE.NEXTVAL, 'taylor.kemper@revature.com', 'Taylor Kemper', 'Senior Trainer', 'ROLE_TRAINER');
INSERT INTO CALIBER_TRAINER(TRAINER_ID, EMAIL, NAME, TITLE, TIER)
  VALUES( TRAINER_ID_SEQUENCE.NEXTVAL, 'richard.orr@revature.com', 'Richard Orr', 'Trainer', 'ROLE_TRAINER');
INSERT INTO CALIBER_TRAINER(TRAINER_ID, EMAIL, NAME, TITLE, TIER)
  VALUES( TRAINER_ID_SEQUENCE.NEXTVAL, 'nickolas.jurczak@revature.com', 'Nickolas Jurczak', 'Trainer', 'ROLE_TRAINER');
INSERT INTO CALIBER_TRAINER(TRAINER_ID, EMAIL, NAME, TITLE, TIER)
  VALUES( TRAINER_ID_SEQUENCE.NEXTVAL, 'august.duet@revature.com', 'August Duet', 'Trainer', 'ROLE_TRAINER');
INSERT INTO CALIBER_TRAINER(TRAINER_ID, EMAIL, NAME, TITLE, TIER)
  VALUES( TRAINER_ID_SEQUENCE.NEXTVAL, 'yuvarajd@revature.com', 'Yuvaraj Damodaran', 'Lead Trainer', 'ROLE_TRAINER');
INSERT INTO CALIBER_TRAINER(TRAINER_ID, EMAIL, NAME, TITLE, TIER)
  VALUES( TRAINER_ID_SEQUENCE.NEXTVAL, 'fred.belotte@revature.com', 'Fred Belotte', 'Senior Trainer', 'ROLE_TRAINER');
INSERT INTO CALIBER_TRAINER(TRAINER_ID, EMAIL, NAME, TITLE, TIER)
  VALUES( TRAINER_ID_SEQUENCE.NEXTVAL, 'mehrab.rahman@revature.com', 'Mehrab Rahman', 'Trainer', 'ROLE_TRAINER');
INSERT INTO CALIBER_TRAINER(TRAINER_ID, EMAIL, NAME, TITLE, TIER)
  VALUES( TRAINER_ID_SEQUENCE.NEXTVAL, 'peter.alagna@revature.com', 'Peter Alagna', 'Trainer', 'ROLE_TRAINER');
INSERT INTO CALIBER_TRAINER(TRAINER_ID, EMAIL, NAME, TITLE, TIER)
  VALUES( TRAINER_ID_SEQUENCE.NEXTVAL, 'stanleym@revature.com', 'Stanley Medikonda', 'Staging Manager', 'ROLE_STAGING');
INSERT INTO CALIBER_TRAINER(TRAINER_ID, EMAIL, NAME, TITLE, TIER)
  VALUES( TRAINER_ID_SEQUENCE.NEXTVAL, 'grawyne@gmail.com', 'Gray Wynne', 'Trainer', 'ROLE_TRAINER');
INSERT INTO CALIBER_TRAINER(TRAINER_ID, EMAIL, NAME, TITLE, TIER)
  VALUES(TRAINER_ID_SEQUENCE.NEXTVAL, 'owallace@mailinator.com', 'Orson Wallace', 'Junior Trainer', 'ROLE_TRAINER');
INSERT INTO CALIBER_TRAINER(TRAINER_ID, EMAIL, NAME, TITLE, TIER)
  VALUES(TRAINER_ID_SEQUENCE.NEXTVAL, 'slevinson@mailinator.com', 'Shelby Levinson', 'Junior Trainer', 'ROLE_TRAINER');
INSERT INTO CALIBER_TRAINER(TRAINER_ID, EMAIL, NAME, TITLE, TIER)
  VALUES(TRAINER_ID_SEQUENCE.NEXTVAL, 'wpayne@mailinator.com', 'Walter Payne', 'Junior Trainer', 'ROLE_TRAINER');
INSERT INTO CALIBER_TRAINER(TRAINER_ID, EMAIL, NAME, TITLE, TIER)
  VALUES(TRAINER_ID_SEQUENCE.NEXTVAL, 'nchurch@mailinator.com', 'Natalie Church', 'Junior Trainer', 'ROLE_TRAINER');
INSERT INTO CALIBER_TRAINER(TRAINER_ID, EMAIL, NAME, TITLE, TIER)
  VALUES(TRAINER_ID_SEQUENCE.NEXTVAL, 'aradcliff@mailinator.com', 'Archer Radcliff', 'Junior Trainer', 'ROLE_TRAINER');
--------------------------------------------------------------------------------------------------------------------MAKE PANEL ROLE
INSERT INTO CALIBER_TRAINER(TRAINER_ID, EMAIL, NAME, TITLE, TIER)
  VALUES( TRAINER_ID_SEQUENCE.NEXTVAL, 'rajeshy@revature.com', 'Rajesh Yamunachari', 'Senior Technical Manager', 'ROLE_PANEL');
INSERT INTO CALIBER_TRAINER(TRAINER_ID, EMAIL, NAME, TITLE, TIER)
  VALUES( TRAINER_ID_SEQUENCE.NEXTVAL, 'raghavan@revature.com', 'Raghavan Swaminathan', 'Senior Technical Manager', 'ROLE_PANEL');
-------------TRAINER END-------------
COMMIT;

-------------CATEGORY (TRAINING MODULE)----------------
INSERT INTO CALIBER_CATEGORY(CATEGORY_ID, SKILL_CATEGORY, IS_ACTIVE) VALUES (CATEGORY_ID_SEQUENCE.NEXTVAL, 'Java', 1);
INSERT INTO CALIBER_CATEGORY(CATEGORY_ID, SKILL_CATEGORY, IS_ACTIVE) VALUES (CATEGORY_ID_SEQUENCE.NEXTVAL, 'SQL', 1);
INSERT INTO CALIBER_CATEGORY(CATEGORY_ID, SKILL_CATEGORY, IS_ACTIVE) VALUES (CATEGORY_ID_SEQUENCE.NEXTVAL, 'Servlet', 1);
INSERT INTO CALIBER_CATEGORY(CATEGORY_ID, SKILL_CATEGORY, IS_ACTIVE) VALUES (CATEGORY_ID_SEQUENCE.NEXTVAL, 'JSP', 1);
INSERT INTO CALIBER_CATEGORY(CATEGORY_ID, SKILL_CATEGORY, IS_ACTIVE) VALUES (CATEGORY_ID_SEQUENCE.NEXTVAL, 'XML', 1);
INSERT INTO CALIBER_CATEGORY(CATEGORY_ID, SKILL_CATEGORY, IS_ACTIVE) VALUES (CATEGORY_ID_SEQUENCE.NEXTVAL, 'Git', 1);
INSERT INTO CALIBER_CATEGORY(CATEGORY_ID, SKILL_CATEGORY, IS_ACTIVE) VALUES (CATEGORY_ID_SEQUENCE.NEXTVAL, 'JUnit', 1);
INSERT INTO CALIBER_CATEGORY(CATEGORY_ID, SKILL_CATEGORY, IS_ACTIVE) VALUES (CATEGORY_ID_SEQUENCE.NEXTVAL, 'Maven', 1);
INSERT INTO CALIBER_CATEGORY(CATEGORY_ID, SKILL_CATEGORY, IS_ACTIVE) VALUES (CATEGORY_ID_SEQUENCE.NEXTVAL, 'JDBC', 1);
INSERT INTO CALIBER_CATEGORY(CATEGORY_ID, SKILL_CATEGORY, IS_ACTIVE) VALUES (CATEGORY_ID_SEQUENCE.NEXTVAL, 'HTML', 1);
INSERT INTO CALIBER_CATEGORY(CATEGORY_ID, SKILL_CATEGORY, IS_ACTIVE) VALUES (CATEGORY_ID_SEQUENCE.NEXTVAL, 'CSS', 1);
INSERT INTO CALIBER_CATEGORY(CATEGORY_ID, SKILL_CATEGORY, IS_ACTIVE) VALUES (CATEGORY_ID_SEQUENCE.NEXTVAL, 'JavaScript', 1);
INSERT INTO CALIBER_CATEGORY(CATEGORY_ID, SKILL_CATEGORY, IS_ACTIVE) VALUES (CATEGORY_ID_SEQUENCE.NEXTVAL, 'jQuery', 1);
INSERT INTO CALIBER_CATEGORY(CATEGORY_ID, SKILL_CATEGORY, IS_ACTIVE) VALUES (CATEGORY_ID_SEQUENCE.NEXTVAL, 'AJAX', 1);
INSERT INTO CALIBER_CATEGORY(CATEGORY_ID, SKILL_CATEGORY, IS_ACTIVE) VALUES (CATEGORY_ID_SEQUENCE.NEXTVAL, 'UNIX', 1);
INSERT INTO CALIBER_CATEGORY(CATEGORY_ID, SKILL_CATEGORY, IS_ACTIVE) VALUES (CATEGORY_ID_SEQUENCE.NEXTVAL, 'AWS', 1);
INSERT INTO CALIBER_CATEGORY(CATEGORY_ID, SKILL_CATEGORY, IS_ACTIVE) VALUES (CATEGORY_ID_SEQUENCE.NEXTVAL, 'Jenkins', 1);
INSERT INTO CALIBER_CATEGORY(CATEGORY_ID, SKILL_CATEGORY, IS_ACTIVE) VALUES (CATEGORY_ID_SEQUENCE.NEXTVAL, 'Hibernate', 1);
INSERT INTO CALIBER_CATEGORY(CATEGORY_ID, SKILL_CATEGORY, IS_ACTIVE) VALUES (CATEGORY_ID_SEQUENCE.NEXTVAL,'Spring', 1);
INSERT INTO CALIBER_CATEGORY(CATEGORY_ID, SKILL_CATEGORY, IS_ACTIVE) VALUES (CATEGORY_ID_SEQUENCE.NEXTVAL, 'SOAP', 1);
INSERT INTO CALIBER_CATEGORY(CATEGORY_ID, SKILL_CATEGORY, IS_ACTIVE) VALUES (CATEGORY_ID_SEQUENCE.NEXTVAL, 'REST', 1);
INSERT INTO CALIBER_CATEGORY(CATEGORY_ID, SKILL_CATEGORY, IS_ACTIVE) VALUES (CATEGORY_ID_SEQUENCE.NEXTVAL, 'AngularJS', 1);
INSERT INTO CALIBER_CATEGORY(CATEGORY_ID, SKILL_CATEGORY, IS_ACTIVE) VALUES (CATEGORY_ID_SEQUENCE.NEXTVAL, 'Selenium', 1);
INSERT INTO CALIBER_CATEGORY(CATEGORY_ID, SKILL_CATEGORY, IS_ACTIVE) VALUES (CATEGORY_ID_SEQUENCE.NEXTVAL, 'Cucumber', 1);
INSERT INTO CALIBER_CATEGORY(CATEGORY_ID, SKILL_CATEGORY, IS_ACTIVE) VALUES (CATEGORY_ID_SEQUENCE.NEXTVAL, 'UFT', 1);
INSERT INTO CALIBER_CATEGORY(CATEGORY_ID, SKILL_CATEGORY, IS_ACTIVE) VALUES (CATEGORY_ID_SEQUENCE.NEXTVAL, 'Python', 1);
INSERT INTO CALIBER_CATEGORY(CATEGORY_ID, SKILL_CATEGORY, IS_ACTIVE) VALUES (CATEGORY_ID_SEQUENCE.NEXTVAL, 'Robot Framework', 1);
INSERT INTO CALIBER_CATEGORY(CATEGORY_ID, SKILL_CATEGORY, IS_ACTIVE) VALUES (CATEGORY_ID_SEQUENCE.NEXTVAL, 'ALM', 1);
INSERT INTO CALIBER_CATEGORY(CATEGORY_ID, SKILL_CATEGORY, IS_ACTIVE) VALUES (CATEGORY_ID_SEQUENCE.NEXTVAL, 'SDLC', 1);
INSERT INTO CALIBER_CATEGORY(CATEGORY_ID, SKILL_CATEGORY, IS_ACTIVE) VALUES (CATEGORY_ID_SEQUENCE.NEXTVAL, 'Agile', 1);
INSERT INTO CALIBER_CATEGORY(CATEGORY_ID, SKILL_CATEGORY, IS_ACTIVE) VALUES (CATEGORY_ID_SEQUENCE.NEXTVAL, 'Testing', 1);
INSERT INTO CALIBER_CATEGORY(CATEGORY_ID, SKILL_CATEGORY, IS_ACTIVE) VALUES (CATEGORY_ID_SEQUENCE.NEXTVAL, 'VBScript', 1);
INSERT INTO CALIBER_CATEGORY(CATEGORY_ID, SKILL_CATEGORY, IS_ACTIVE) VALUES (CATEGORY_ID_SEQUENCE.NEXTVAL, 'SOAP UI', 1);
INSERT INTO CALIBER_CATEGORY(CATEGORY_ID, SKILL_CATEGORY, IS_ACTIVE) VALUES (CATEGORY_ID_SEQUENCE.NEXTVAL, 'TestNG', 1);
INSERT INTO CALIBER_CATEGORY(CATEGORY_ID, SKILL_CATEGORY, IS_ACTIVE) VALUES (CATEGORY_ID_SEQUENCE.NEXTVAL, 'Chef', 1);
INSERT INTO CALIBER_CATEGORY(CATEGORY_ID, SKILL_CATEGORY, IS_ACTIVE) VALUES (CATEGORY_ID_SEQUENCE.NEXTVAL, 'Docker', 1);
INSERT INTO CALIBER_CATEGORY(CATEGORY_ID, SKILL_CATEGORY, IS_ACTIVE) VALUES (CATEGORY_ID_SEQUENCE.NEXTVAL, 'Kafka', 1);
INSERT INTO CALIBER_CATEGORY(CATEGORY_ID, SKILL_CATEGORY, IS_ACTIVE) VALUES (CATEGORY_ID_SEQUENCE.NEXTVAL, 'Microservices', 1);
INSERT INTO CALIBER_CATEGORY(CATEGORY_ID, SKILL_CATEGORY, IS_ACTIVE) VALUES (CATEGORY_ID_SEQUENCE.NEXTVAL, 'NoSQL', 1);
INSERT INTO CALIBER_CATEGORY(CATEGORY_ID, SKILL_CATEGORY, IS_ACTIVE) VALUES (CATEGORY_ID_SEQUENCE.NEXTVAL, 'C#', 1);
INSERT INTO CALIBER_CATEGORY(CATEGORY_ID, SKILL_CATEGORY, IS_ACTIVE) VALUES (CATEGORY_ID_SEQUENCE.NEXTVAL, 'ASP.NET', 1);
INSERT INTO CALIBER_CATEGORY(CATEGORY_ID, SKILL_CATEGORY, IS_ACTIVE) VALUES (CATEGORY_ID_SEQUENCE.NEXTVAL, 'ADO.NET', 1);
INSERT INTO CALIBER_CATEGORY(CATEGORY_ID, SKILL_CATEGORY, IS_ACTIVE) VALUES (CATEGORY_ID_SEQUENCE.NEXTVAL, 'Entity Framework', 1);
INSERT INTO CALIBER_CATEGORY(CATEGORY_ID, SKILL_CATEGORY, IS_ACTIVE) VALUES (CATEGORY_ID_SEQUENCE.NEXTVAL, 'MSBuild', 1);
INSERT INTO CALIBER_CATEGORY(CATEGORY_ID, SKILL_CATEGORY, IS_ACTIVE) VALUES (CATEGORY_ID_SEQUENCE.NEXTVAL, 'WPF', 1);
INSERT INTO CALIBER_CATEGORY(CATEGORY_ID, SKILL_CATEGORY, IS_ACTIVE) VALUES (CATEGORY_ID_SEQUENCE.NEXTVAL, 'WCF', 1);
-------------CATEGORY (TRAINING MODULE) END----------------
COMMIT;
-------------BATCH/ASSESSMENT/GRADES(TRAINING MODULE)----------------
INSERT INTO CALIBER_ADDRESS (ADDRESS_ID,ADDRESS_STREET,ADDRESS_CITY,ADDRESS_STATE,ADDRESS_ZIPCODE,ADDRESS_COMPANY,ACTIVE) values (ADDRESS_ID_SEQUENCE.NEXTVAL,'65-30 Kissena Blvd, CEP Hall 2','Queens','NY','11367','Tech Incubator at Queens College',1);
INSERT INTO CALIBER_ADDRESS (ADDRESS_ID,ADDRESS_STREET,ADDRESS_CITY,ADDRESS_STATE,ADDRESS_ZIPCODE,ADDRESS_COMPANY,ACTIVE) values (ADDRESS_ID_SEQUENCE.NEXTVAL,'11730 Plaza America Drive, 2nd Floor','Reston','VA','20190','Revature LLC',1);
COMMIT;
Insert into CALIBER_BATCH (BATCH_ID,BORDERLINE_GRADE_THRESHOLD,END_DATE,GOOD_GRADE_THRESHOLD,LOCATION,SKILL_TYPE,START_DATE,TRAINING_NAME,TRAINING_TYPE,NUMBER_OF_WEEKS,CO_TRAINER_ID,TRAINER_ID,ADDRESS_ID,GRADED_WEEKS,RESOURCE_ID) values (2200,70,(SYSDATE+14),80,'Tech Incubator at Queens College, 65-30 Kissena Blvd, CEP Hall 2, Queens, NY 11367','J2EE','17-MAR-2018','1611 Nov14 Java (AP)','University',9,null,1,1,7,'ONE');
Insert into CALIBER_BATCH (BATCH_ID,BORDERLINE_GRADE_THRESHOLD,END_DATE,GOOD_GRADE_THRESHOLD,LOCATION,SKILL_TYPE,START_DATE,TRAINING_NAME,TRAINING_TYPE,NUMBER_OF_WEEKS,CO_TRAINER_ID,TRAINER_ID,ADDRESS_ID,GRADED_WEEKS) values (2201,70,(SYSDATE+28),80,'Tech Incubator at Queens College, 65-30 Kissena Blvd, CEP Hall 2, Queens, NY 11367','J2EE','17-MAR-2018','1702 Feb13 Java (AP)','University',7,null,1,1,7);
Insert into CALIBER_BATCH (BATCH_ID,BORDERLINE_GRADE_THRESHOLD,END_DATE,GOOD_GRADE_THRESHOLD,LOCATION,SKILL_TYPE,START_DATE,TRAINING_NAME,TRAINING_TYPE,NUMBER_OF_WEEKS,CO_TRAINER_ID,TRAINER_ID,ADDRESS_ID,GRADED_WEEKS) values (2050,70,(SYSDATE-48),80,'Revature LLC, 11730 Plaza America Drive, 2nd Floor | Reston, VA 20190','J2EE',             '17-MAR-2018','1602 Feb08 Java','Revature',8,null,1,2,7);
Insert into CALIBER_BATCH (BATCH_ID,BORDERLINE_GRADE_THRESHOLD,END_DATE,GOOD_GRADE_THRESHOLD,LOCATION,SKILL_TYPE,START_DATE,TRAINING_NAME,TRAINING_TYPE,NUMBER_OF_WEEKS,CO_TRAINER_ID,TRAINER_ID,ADDRESS_ID,GRADED_WEEKS) values (2100,70,(SYSDATE-14),80,'Revature LLC, 11730 Plaza America Drive, 2nd Floor | Reston, VA 20190','J2EE',             '17-MAR-2018','1604 Apr25 Java','Revature',7,null,1,2,7);
Insert into CALIBER_BATCH (BATCH_ID,BORDERLINE_GRADE_THRESHOLD,END_DATE,GOOD_GRADE_THRESHOLD,LOCATION,SKILL_TYPE,START_DATE,TRAINING_NAME,TRAINING_TYPE,NUMBER_OF_WEEKS,CO_TRAINER_ID,TRAINER_ID,ADDRESS_ID,GRADED_WEEKS) values (2150,70,(SYSDATE+64),80,'Revature LLC, 11730 Plaza America Drive, 2nd Floor | Reston, VA 20190','J2EE',             '17-MAR-2018','1607 Jul11 Java','Revature',7,null,1,2,7);
Insert into CALIBER_BATCH (BATCH_ID,BORDERLINE_GRADE_THRESHOLD,END_DATE,GOOD_GRADE_THRESHOLD,LOCATION,SKILL_TYPE,START_DATE,TRAINING_NAME,TRAINING_TYPE,NUMBER_OF_WEEKS,CO_TRAINER_ID,TRAINER_ID,ADDRESS_ID,GRADED_WEEKS) values (2003,70,'2016-01-01',80,'Revature LLC, 11730 Plaza America Drive, 2nd Floor | Reston, VA 20190','J2EE',             '17-MAR-2018','1509 Sept11 Java (delete)','Revature',1,null,1,2,7);
INSERT INTO CALIBER_BATCH (BATCH_ID,BORDERLINE_GRADE_THRESHOLD,END_DATE,GOOD_GRADE_THRESHOLD,LOCATION,SKILL_TYPE,START_DATE,TRAINING_NAME,TRAINING_TYPE,NUMBER_OF_WEEKS,CO_TRAINER_ID,TRAINER_ID,ADDRESS_ID,GRADED_WEEKS) VALUES (3000,70,(SYSDATE+10),80,'Revature LLC, 11730 Plaza America Drive, 2nd Floor | Reston, VA 20190','J2EE','17-MAR-2018','1800 Oct16 Java','Revature',7,null,20,2,7);
INSERT INTO CALIBER_BATCH (BATCH_ID,BORDERLINE_GRADE_THRESHOLD,END_DATE,GOOD_GRADE_THRESHOLD,LOCATION,SKILL_TYPE,START_DATE,TRAINING_NAME,TRAINING_TYPE,NUMBER_OF_WEEKS,CO_TRAINER_ID,TRAINER_ID,ADDRESS_ID,GRADED_WEEKS) VALUES (3001,70,(SYSDATE+10),80,'Revature LLC, 11730 Plaza America Drive, 2nd Floor | Reston, VA 20190','J2EE','17-MAR-2018','1801 Oct16 Java','Revature',7,null,2,2,7);
INSERT INTO CALIBER_BATCH (BATCH_ID,BORDERLINE_GRADE_THRESHOLD,END_DATE,GOOD_GRADE_THRESHOLD,LOCATION,SKILL_TYPE,START_DATE,TRAINING_NAME,TRAINING_TYPE,NUMBER_OF_WEEKS,CO_TRAINER_ID,TRAINER_ID,ADDRESS_ID,GRADED_WEEKS) VALUES (3002,70,(SYSDATE+10),80,'Revature LLC, 11730 Plaza America Drive, 2nd Floor | Reston, VA 20190','J2EE','17-MAR-2018','1802 Oct16 Java','Revature',7,null,21,2,7);
INSERT INTO CALIBER_BATCH (BATCH_ID,BORDERLINE_GRADE_THRESHOLD,END_DATE,GOOD_GRADE_THRESHOLD,LOCATION,SKILL_TYPE,START_DATE,TRAINING_NAME,TRAINING_TYPE,NUMBER_OF_WEEKS,CO_TRAINER_ID,TRAINER_ID,ADDRESS_ID,GRADED_WEEKS) VALUES (3003,70,(SYSDATE+10),80,'Revature LLC, 11730 Plaza America Drive, 2nd Floor | Reston, VA 20190','J2EE','17-MAR-2018','1803 Oct16 Java','Revature',7,null,22,2,7);
INSERT INTO CALIBER_BATCH (BATCH_ID,BORDERLINE_GRADE_THRESHOLD,END_DATE,GOOD_GRADE_THRESHOLD,LOCATION,SKILL_TYPE,START_DATE,TRAINING_NAME,TRAINING_TYPE,NUMBER_OF_WEEKS,CO_TRAINER_ID,TRAINER_ID,ADDRESS_ID,GRADED_WEEKS) VALUES (3004,70,(SYSDATE+10),80,'Revature LLC, 11730 Plaza America Drive, 2nd Floor | Reston, VA 20190','J2EE','17-MAR-2018','1804 OCT26 Java','Revature',7,null,23,2,7);
INSERT INTO CALIBER_BATCH (BATCH_ID,BORDERLINE_GRADE_THRESHOLD,END_DATE,GOOD_GRADE_THRESHOLD,LOCATION,SKILL_TYPE,START_DATE,TRAINING_NAME,TRAINING_TYPE,NUMBER_OF_WEEKS,CO_TRAINER_ID,TRAINER_ID,ADDRESS_ID,GRADED_WEEKS) VALUES (3005,70,(SYSDATE-10),80,'Revature LLC, 11730 Plaza America Drive, 2nd Floor | Reston, VA 20190','J2EE','17-MAR-2018','1805 OCT26 Java','Revature',7,null,24,2,7);
INSERT INTO CALIBER_BATCH (BATCH_ID,BORDERLINE_GRADE_THRESHOLD,END_DATE,GOOD_GRADE_THRESHOLD,LOCATION,SKILL_TYPE,START_DATE,TRAINING_NAME,TRAINING_TYPE,NUMBER_OF_WEEKS,CO_TRAINER_ID,TRAINER_ID,ADDRESS_ID,GRADED_WEEKS) VALUES (3006,70,(SYSDATE+10),80,'Revature LLC, 11730 Plaza America Drive, 2nd Floor | Reston, VA 20190','J2EE','17-MAR-2018','1806 NOV08 Java','Revature',7,null,25,2,7);
COMMIT;
update caliber_batch set end_date = (select sysdate from dual);
commit;

INSERT INTO CALIBER_ASSESSMENT (ASSESSMENT_ID,BATCH_ID,RAW_SCORE,ASSESSMENT_TITLE,ASSESSMENT_TYPE,WEEK_NUMBER,ASSESSMENT_CATEGORY) values (2057,2050,100,null,'Exam',7,19);
INSERT INTO CALIBER_ASSESSMENT (ASSESSMENT_ID,BATCH_ID,RAW_SCORE,ASSESSMENT_TITLE,ASSESSMENT_TYPE,WEEK_NUMBER,ASSESSMENT_CATEGORY) values (2058,2100,100,null,'Exam',1,1);
INSERT INTO CALIBER_ASSESSMENT (ASSESSMENT_ID,BATCH_ID,RAW_SCORE,ASSESSMENT_TITLE,ASSESSMENT_TYPE,WEEK_NUMBER,ASSESSMENT_CATEGORY) values (2053,2050,100,null,'Exam',4,12);
INSERT INTO CALIBER_ASSESSMENT (ASSESSMENT_ID,BATCH_ID,RAW_SCORE,ASSESSMENT_TITLE,ASSESSMENT_TYPE,WEEK_NUMBER,ASSESSMENT_CATEGORY) values (2054,2050,100,null,'Exam',5,18);
INSERT INTO CALIBER_ASSESSMENT (ASSESSMENT_ID,BATCH_ID,RAW_SCORE,ASSESSMENT_TITLE,ASSESSMENT_TYPE,WEEK_NUMBER,ASSESSMENT_CATEGORY) values (2059,2100,100,null,'Exam',2,2);
INSERT INTO CALIBER_ASSESSMENT (ASSESSMENT_ID,BATCH_ID,RAW_SCORE,ASSESSMENT_TITLE,ASSESSMENT_TYPE,WEEK_NUMBER,ASSESSMENT_CATEGORY) values (2060,2100,100,null,'Exam',3,4);
INSERT INTO CALIBER_ASSESSMENT (ASSESSMENT_ID,BATCH_ID,RAW_SCORE,ASSESSMENT_TITLE,ASSESSMENT_TYPE,WEEK_NUMBER,ASSESSMENT_CATEGORY) values (2066,2150,40,null,'Verbal',1,1);
INSERT INTO CALIBER_ASSESSMENT (ASSESSMENT_ID,BATCH_ID,RAW_SCORE,ASSESSMENT_TITLE,ASSESSMENT_TYPE,WEEK_NUMBER,ASSESSMENT_CATEGORY) values (2067,2150,40,null,'Exam',1,1);
INSERT INTO CALIBER_ASSESSMENT (ASSESSMENT_ID,BATCH_ID,RAW_SCORE,ASSESSMENT_TITLE,ASSESSMENT_TYPE,WEEK_NUMBER,ASSESSMENT_CATEGORY) values (2070,2150,50,null,'Exam',2,2);
INSERT INTO CALIBER_ASSESSMENT (ASSESSMENT_ID,BATCH_ID,RAW_SCORE,ASSESSMENT_TITLE,ASSESSMENT_TYPE,WEEK_NUMBER,ASSESSMENT_CATEGORY) values (2071,2150,40,null,'Exam',3,4);
INSERT INTO CALIBER_ASSESSMENT (ASSESSMENT_ID,BATCH_ID,RAW_SCORE,ASSESSMENT_TITLE,ASSESSMENT_TYPE,WEEK_NUMBER,ASSESSMENT_CATEGORY) values (2072,2150,40,null,'Verbal',3,4);
INSERT INTO CALIBER_ASSESSMENT (ASSESSMENT_ID,BATCH_ID,RAW_SCORE,ASSESSMENT_TITLE,ASSESSMENT_TYPE,WEEK_NUMBER,ASSESSMENT_CATEGORY) values (2073,2150,20,null,'Project',3,4);
INSERT INTO CALIBER_ASSESSMENT (ASSESSMENT_ID,BATCH_ID,RAW_SCORE,ASSESSMENT_TITLE,ASSESSMENT_TYPE,WEEK_NUMBER,ASSESSMENT_CATEGORY) values (2074,2150,40,null,'Verbal',4,12);
INSERT INTO CALIBER_ASSESSMENT (ASSESSMENT_ID,BATCH_ID,RAW_SCORE,ASSESSMENT_TITLE,ASSESSMENT_TYPE,WEEK_NUMBER,ASSESSMENT_CATEGORY) values (2075,2150,40,null,'Exam',4,12);
INSERT INTO CALIBER_ASSESSMENT (ASSESSMENT_ID,BATCH_ID,RAW_SCORE,ASSESSMENT_TITLE,ASSESSMENT_TYPE,WEEK_NUMBER,ASSESSMENT_CATEGORY) values (2076,2150,20,null,'Project',4,12);
INSERT INTO CALIBER_ASSESSMENT (ASSESSMENT_ID,BATCH_ID,RAW_SCORE,ASSESSMENT_TITLE,ASSESSMENT_TYPE,WEEK_NUMBER,ASSESSMENT_CATEGORY) values (2077,2150,40,null,'Exam',5,18);
INSERT INTO CALIBER_ASSESSMENT (ASSESSMENT_ID,BATCH_ID,RAW_SCORE,ASSESSMENT_TITLE,ASSESSMENT_TYPE,WEEK_NUMBER,ASSESSMENT_CATEGORY) values (2079,2150,20,null,'Project',5,18);
INSERT INTO CALIBER_ASSESSMENT (ASSESSMENT_ID,BATCH_ID,RAW_SCORE,ASSESSMENT_TITLE,ASSESSMENT_TYPE,WEEK_NUMBER,ASSESSMENT_CATEGORY) values (2080,2150,20,null,'Project',6,19);
INSERT INTO CALIBER_ASSESSMENT (ASSESSMENT_ID,BATCH_ID,RAW_SCORE,ASSESSMENT_TITLE,ASSESSMENT_TYPE,WEEK_NUMBER,ASSESSMENT_CATEGORY) values (2081,2150,40,null,'Exam',6,19);
INSERT INTO CALIBER_ASSESSMENT (ASSESSMENT_ID,BATCH_ID,RAW_SCORE,ASSESSMENT_TITLE,ASSESSMENT_TYPE,WEEK_NUMBER,ASSESSMENT_CATEGORY) values (2083,2150,20,null,'Project',7,21);
INSERT INTO CALIBER_ASSESSMENT (ASSESSMENT_ID,BATCH_ID,RAW_SCORE,ASSESSMENT_TITLE,ASSESSMENT_TYPE,WEEK_NUMBER,ASSESSMENT_CATEGORY) values (2084,2150,40,null,'Exam',7,21);
INSERT INTO CALIBER_ASSESSMENT (ASSESSMENT_ID,BATCH_ID,RAW_SCORE,ASSESSMENT_TITLE,ASSESSMENT_TYPE,WEEK_NUMBER,ASSESSMENT_CATEGORY) values (2085,2150,40,null,'Verbal',7,21);
INSERT INTO CALIBER_ASSESSMENT (ASSESSMENT_ID,BATCH_ID,RAW_SCORE,ASSESSMENT_TITLE,ASSESSMENT_TYPE,WEEK_NUMBER,ASSESSMENT_CATEGORY) values (2093,2200,50,null,'Verbal',3,9);
INSERT INTO CALIBER_ASSESSMENT (ASSESSMENT_ID,BATCH_ID,RAW_SCORE,ASSESSMENT_TITLE,ASSESSMENT_TYPE,WEEK_NUMBER,ASSESSMENT_CATEGORY) values (2094,2200,20,null,'Project',4,4);
INSERT INTO CALIBER_ASSESSMENT (ASSESSMENT_ID,BATCH_ID,RAW_SCORE,ASSESSMENT_TITLE,ASSESSMENT_TYPE,WEEK_NUMBER,ASSESSMENT_CATEGORY) values (2096,2200,40,null,'Verbal',4,4);
INSERT INTO CALIBER_ASSESSMENT (ASSESSMENT_ID,BATCH_ID,RAW_SCORE,ASSESSMENT_TITLE,ASSESSMENT_TYPE,WEEK_NUMBER,ASSESSMENT_CATEGORY) values (2097,2200,40,null,'Verbal',5,12);
INSERT INTO CALIBER_ASSESSMENT (ASSESSMENT_ID,BATCH_ID,RAW_SCORE,ASSESSMENT_TITLE,ASSESSMENT_TYPE,WEEK_NUMBER,ASSESSMENT_CATEGORY) values (2099,2200,20,null,'Project',5,12);
INSERT INTO CALIBER_ASSESSMENT (ASSESSMENT_ID,BATCH_ID,RAW_SCORE,ASSESSMENT_TITLE,ASSESSMENT_TYPE,WEEK_NUMBER,ASSESSMENT_CATEGORY) values (3052,2200,20,null,'Project',6,16);
INSERT INTO CALIBER_ASSESSMENT (ASSESSMENT_ID,BATCH_ID,RAW_SCORE,ASSESSMENT_TITLE,ASSESSMENT_TYPE,WEEK_NUMBER,ASSESSMENT_CATEGORY) values (3056,2200,40,null,'Exam',8,19);
INSERT INTO CALIBER_ASSESSMENT (ASSESSMENT_ID,BATCH_ID,RAW_SCORE,ASSESSMENT_TITLE,ASSESSMENT_TYPE,WEEK_NUMBER,ASSESSMENT_CATEGORY) values (3060,2200,50,null,'Exam',9,20);
INSERT INTO CALIBER_ASSESSMENT (ASSESSMENT_ID,BATCH_ID,RAW_SCORE,ASSESSMENT_TITLE,ASSESSMENT_TYPE,WEEK_NUMBER,ASSESSMENT_CATEGORY) values (3064,2201,50,null,'Verbal',2,2);
INSERT INTO CALIBER_ASSESSMENT (ASSESSMENT_ID,BATCH_ID,RAW_SCORE,ASSESSMENT_TITLE,ASSESSMENT_TYPE,WEEK_NUMBER,ASSESSMENT_CATEGORY) values (3066,2201,40,null,'Verbal',3,4);
INSERT INTO CALIBER_ASSESSMENT (ASSESSMENT_ID,BATCH_ID,RAW_SCORE,ASSESSMENT_TITLE,ASSESSMENT_TYPE,WEEK_NUMBER,ASSESSMENT_CATEGORY) values (3067,2201,40,null,'Exam',3,4);
INSERT INTO CALIBER_ASSESSMENT (ASSESSMENT_ID,BATCH_ID,RAW_SCORE,ASSESSMENT_TITLE,ASSESSMENT_TYPE,WEEK_NUMBER,ASSESSMENT_CATEGORY) values (3069,2201,20,null,'Project',4,12);
INSERT INTO CALIBER_ASSESSMENT (ASSESSMENT_ID,BATCH_ID,RAW_SCORE,ASSESSMENT_TITLE,ASSESSMENT_TYPE,WEEK_NUMBER,ASSESSMENT_CATEGORY) values (3070,2201,40,null,'Verbal',4,12);
INSERT INTO CALIBER_ASSESSMENT (ASSESSMENT_ID,BATCH_ID,RAW_SCORE,ASSESSMENT_TITLE,ASSESSMENT_TYPE,WEEK_NUMBER,ASSESSMENT_CATEGORY) values (3071,2201,40,null,'Exam',4,12);
INSERT INTO CALIBER_ASSESSMENT (ASSESSMENT_ID,BATCH_ID,RAW_SCORE,ASSESSMENT_TITLE,ASSESSMENT_TYPE,WEEK_NUMBER,ASSESSMENT_CATEGORY) values (3074,2201,20,null,'Project',5,16);
INSERT INTO CALIBER_ASSESSMENT (ASSESSMENT_ID,BATCH_ID,RAW_SCORE,ASSESSMENT_TITLE,ASSESSMENT_TYPE,WEEK_NUMBER,ASSESSMENT_CATEGORY) values (3076,2201,50,null,'Project',6,19);
INSERT INTO CALIBER_ASSESSMENT (ASSESSMENT_ID,BATCH_ID,RAW_SCORE,ASSESSMENT_TITLE,ASSESSMENT_TYPE,WEEK_NUMBER,ASSESSMENT_CATEGORY) values (3077,2201,50,null,'Exam',7,20);
INSERT INTO CALIBER_ASSESSMENT (ASSESSMENT_ID,BATCH_ID,RAW_SCORE,ASSESSMENT_TITLE,ASSESSMENT_TYPE,WEEK_NUMBER,ASSESSMENT_CATEGORY) values (3078,2201,50,null,'Exam',7,21);
INSERT INTO CALIBER_ASSESSMENT (ASSESSMENT_ID,BATCH_ID,RAW_SCORE,ASSESSMENT_TITLE,ASSESSMENT_TYPE,WEEK_NUMBER,ASSESSMENT_CATEGORY) values (2051,2050,100,null,'Exam',2,2);
INSERT INTO CALIBER_ASSESSMENT (ASSESSMENT_ID,BATCH_ID,RAW_SCORE,ASSESSMENT_TITLE,ASSESSMENT_TYPE,WEEK_NUMBER,ASSESSMENT_CATEGORY) values (2052,2050,100,null,'Exam',3,4);
INSERT INTO CALIBER_ASSESSMENT (ASSESSMENT_ID,BATCH_ID,RAW_SCORE,ASSESSMENT_TITLE,ASSESSMENT_TYPE,WEEK_NUMBER,ASSESSMENT_CATEGORY) values (2078,2150,40,null,'Verbal',5,18);
INSERT INTO CALIBER_ASSESSMENT (ASSESSMENT_ID,BATCH_ID,RAW_SCORE,ASSESSMENT_TITLE,ASSESSMENT_TYPE,WEEK_NUMBER,ASSESSMENT_CATEGORY) values (2082,2150,40,null,'Verbal',6,19);
INSERT INTO CALIBER_ASSESSMENT (ASSESSMENT_ID,BATCH_ID,RAW_SCORE,ASSESSMENT_TITLE,ASSESSMENT_TYPE,WEEK_NUMBER,ASSESSMENT_CATEGORY) values (3050,2200,40,null,'Verbal',6,16);
INSERT INTO CALIBER_ASSESSMENT (ASSESSMENT_ID,BATCH_ID,RAW_SCORE,ASSESSMENT_TITLE,ASSESSMENT_TYPE,WEEK_NUMBER,ASSESSMENT_CATEGORY) values (3051,2200,40,null,'Exam',6,16);
INSERT INTO CALIBER_ASSESSMENT (ASSESSMENT_ID,BATCH_ID,RAW_SCORE,ASSESSMENT_TITLE,ASSESSMENT_TYPE,WEEK_NUMBER,ASSESSMENT_CATEGORY) values (3053,2200,20,null,'Project',7,18);
INSERT INTO CALIBER_ASSESSMENT (ASSESSMENT_ID,BATCH_ID,RAW_SCORE,ASSESSMENT_TITLE,ASSESSMENT_TYPE,WEEK_NUMBER,ASSESSMENT_CATEGORY) values (3055,2200,40,null,'Exam',7,18);
INSERT INTO CALIBER_ASSESSMENT (ASSESSMENT_ID,BATCH_ID,RAW_SCORE,ASSESSMENT_TITLE,ASSESSMENT_TYPE,WEEK_NUMBER,ASSESSMENT_CATEGORY) values (3062,2201,40,null,'Exam',1,1);
INSERT INTO CALIBER_ASSESSMENT (ASSESSMENT_ID,BATCH_ID,RAW_SCORE,ASSESSMENT_TITLE,ASSESSMENT_TYPE,WEEK_NUMBER,ASSESSMENT_CATEGORY) values (3068,2201,20,null,'Project',3,4);
INSERT INTO CALIBER_ASSESSMENT (ASSESSMENT_ID,BATCH_ID,RAW_SCORE,ASSESSMENT_TITLE,ASSESSMENT_TYPE,WEEK_NUMBER,ASSESSMENT_CATEGORY) values (3073,2201,40,null,'Exam',5,18);
INSERT INTO CALIBER_ASSESSMENT (ASSESSMENT_ID,BATCH_ID,RAW_SCORE,ASSESSMENT_TITLE,ASSESSMENT_TYPE,WEEK_NUMBER,ASSESSMENT_CATEGORY) values (3075,2201,100,null,'Exam',6,19);
INSERT INTO CALIBER_ASSESSMENT (ASSESSMENT_ID,BATCH_ID,RAW_SCORE,ASSESSMENT_TITLE,ASSESSMENT_TYPE,WEEK_NUMBER,ASSESSMENT_CATEGORY) values (2062,2100,100,null,'Exam',5,12);
INSERT INTO CALIBER_ASSESSMENT (ASSESSMENT_ID,BATCH_ID,RAW_SCORE,ASSESSMENT_TITLE,ASSESSMENT_TYPE,WEEK_NUMBER,ASSESSMENT_CATEGORY) values (2090,2200,40,null,'Exam',2,2);
INSERT INTO CALIBER_ASSESSMENT (ASSESSMENT_ID,BATCH_ID,RAW_SCORE,ASSESSMENT_TITLE,ASSESSMENT_TYPE,WEEK_NUMBER,ASSESSMENT_CATEGORY) values (2092,2200,50,null,'Exam',3,9);
INSERT INTO CALIBER_ASSESSMENT (ASSESSMENT_ID,BATCH_ID,RAW_SCORE,ASSESSMENT_TITLE,ASSESSMENT_TYPE,WEEK_NUMBER,ASSESSMENT_CATEGORY) values (2095,2200,40,null,'Exam',4,4);
INSERT INTO CALIBER_ASSESSMENT (ASSESSMENT_ID,BATCH_ID,RAW_SCORE,ASSESSMENT_TITLE,ASSESSMENT_TYPE,WEEK_NUMBER,ASSESSMENT_CATEGORY) values (2098,2200,40,null,'Exam',5,12);
INSERT INTO CALIBER_ASSESSMENT (ASSESSMENT_ID,BATCH_ID,RAW_SCORE,ASSESSMENT_TITLE,ASSESSMENT_TYPE,WEEK_NUMBER,ASSESSMENT_CATEGORY) values (2050,2050,100,null,'Exam',1,1);
INSERT INTO CALIBER_ASSESSMENT (ASSESSMENT_ID,BATCH_ID,RAW_SCORE,ASSESSMENT_TITLE,ASSESSMENT_TYPE,WEEK_NUMBER,ASSESSMENT_CATEGORY) values (2061,2100,100,null,'Exam',4,15);
INSERT INTO CALIBER_ASSESSMENT (ASSESSMENT_ID,BATCH_ID,RAW_SCORE,ASSESSMENT_TITLE,ASSESSMENT_TYPE,WEEK_NUMBER,ASSESSMENT_CATEGORY) values (2055,2050,100,null,'Exam',6,20);
INSERT INTO CALIBER_ASSESSMENT (ASSESSMENT_ID,BATCH_ID,RAW_SCORE,ASSESSMENT_TITLE,ASSESSMENT_TYPE,WEEK_NUMBER,ASSESSMENT_CATEGORY) values (2056,2050,100,null,'Exam',6,21);
INSERT INTO CALIBER_ASSESSMENT (ASSESSMENT_ID,BATCH_ID,RAW_SCORE,ASSESSMENT_TITLE,ASSESSMENT_TYPE,WEEK_NUMBER,ASSESSMENT_CATEGORY) values (2063,2100,100,null,'Exam',6,18);
INSERT INTO CALIBER_ASSESSMENT (ASSESSMENT_ID,BATCH_ID,RAW_SCORE,ASSESSMENT_TITLE,ASSESSMENT_TYPE,WEEK_NUMBER,ASSESSMENT_CATEGORY) values (2064,2100,100,null,'Exam',7,19);
INSERT INTO CALIBER_ASSESSMENT (ASSESSMENT_ID,BATCH_ID,RAW_SCORE,ASSESSMENT_TITLE,ASSESSMENT_TYPE,WEEK_NUMBER,ASSESSMENT_CATEGORY) values (2065,2100,100,null,'Exam',7,21);
INSERT INTO CALIBER_ASSESSMENT (ASSESSMENT_ID,BATCH_ID,RAW_SCORE,ASSESSMENT_TITLE,ASSESSMENT_TYPE,WEEK_NUMBER,ASSESSMENT_CATEGORY) values (2068,2150,20,null,'Other',1,1);
INSERT INTO CALIBER_ASSESSMENT (ASSESSMENT_ID,BATCH_ID,RAW_SCORE,ASSESSMENT_TITLE,ASSESSMENT_TYPE,WEEK_NUMBER,ASSESSMENT_CATEGORY) values (2069,2150,50,null,'Verbal',2,2);
INSERT INTO CALIBER_ASSESSMENT (ASSESSMENT_ID,BATCH_ID,RAW_SCORE,ASSESSMENT_TITLE,ASSESSMENT_TYPE,WEEK_NUMBER,ASSESSMENT_CATEGORY) values (2086,2200,20,null,'Other',1,1);
INSERT INTO CALIBER_ASSESSMENT (ASSESSMENT_ID,BATCH_ID,RAW_SCORE,ASSESSMENT_TITLE,ASSESSMENT_TYPE,WEEK_NUMBER,ASSESSMENT_CATEGORY) values (2087,2200,40,null,'Exam',1,1);
INSERT INTO CALIBER_ASSESSMENT (ASSESSMENT_ID,BATCH_ID,RAW_SCORE,ASSESSMENT_TITLE,ASSESSMENT_TYPE,WEEK_NUMBER,ASSESSMENT_CATEGORY) values (2088,2200,40,null,'Verbal',1,1);
INSERT INTO CALIBER_ASSESSMENT (ASSESSMENT_ID,BATCH_ID,RAW_SCORE,ASSESSMENT_TITLE,ASSESSMENT_TYPE,WEEK_NUMBER,ASSESSMENT_CATEGORY) values (2089,2200,40,null,'Verbal',2,2);
INSERT INTO CALIBER_ASSESSMENT (ASSESSMENT_ID,BATCH_ID,RAW_SCORE,ASSESSMENT_TITLE,ASSESSMENT_TYPE,WEEK_NUMBER,ASSESSMENT_CATEGORY) values (2091,2200,20,null,'Other',2,2);
INSERT INTO CALIBER_ASSESSMENT (ASSESSMENT_ID,BATCH_ID,RAW_SCORE,ASSESSMENT_TITLE,ASSESSMENT_TYPE,WEEK_NUMBER,ASSESSMENT_CATEGORY) values (3054,2200,40,null,'Verbal',7,18);
INSERT INTO CALIBER_ASSESSMENT (ASSESSMENT_ID,BATCH_ID,RAW_SCORE,ASSESSMENT_TITLE,ASSESSMENT_TYPE,WEEK_NUMBER,ASSESSMENT_CATEGORY) values (3057,2200,40,null,'Verbal',8,19);
INSERT INTO CALIBER_ASSESSMENT (ASSESSMENT_ID,BATCH_ID,RAW_SCORE,ASSESSMENT_TITLE,ASSESSMENT_TYPE,WEEK_NUMBER,ASSESSMENT_CATEGORY) values (3058,2200,20,null,'Project',8,19);
INSERT INTO CALIBER_ASSESSMENT (ASSESSMENT_ID,BATCH_ID,RAW_SCORE,ASSESSMENT_TITLE,ASSESSMENT_TYPE,WEEK_NUMBER,ASSESSMENT_CATEGORY) values (3059,2200,50,null,'Exam',9,21);
INSERT INTO CALIBER_ASSESSMENT (ASSESSMENT_ID,BATCH_ID,RAW_SCORE,ASSESSMENT_TITLE,ASSESSMENT_TYPE,WEEK_NUMBER,ASSESSMENT_CATEGORY) values (3061,2201,20,null,'Other',1,1);
INSERT INTO CALIBER_ASSESSMENT (ASSESSMENT_ID,BATCH_ID,RAW_SCORE,ASSESSMENT_TITLE,ASSESSMENT_TYPE,WEEK_NUMBER,ASSESSMENT_CATEGORY) values (3063,2201,40,null,'Verbal',1,1);
INSERT INTO CALIBER_ASSESSMENT (ASSESSMENT_ID,BATCH_ID,RAW_SCORE,ASSESSMENT_TITLE,ASSESSMENT_TYPE,WEEK_NUMBER,ASSESSMENT_CATEGORY) values (3065,2201,50,null,'Exam',2,2);
INSERT INTO CALIBER_ASSESSMENT (ASSESSMENT_ID,BATCH_ID,RAW_SCORE,ASSESSMENT_TITLE,ASSESSMENT_TYPE,WEEK_NUMBER,ASSESSMENT_CATEGORY) values (3072,2201,40,null,'Verbal',5,18);
INSERT INTO CALIBER_ASSESSMENT (ASSESSMENT_ID,BATCH_ID,RAW_SCORE,ASSESSMENT_TITLE,ASSESSMENT_TYPE,WEEK_NUMBER,ASSESSMENT_CATEGORY) values (4000,3000,100,null,'Project',1,1);
INSERT INTO CALIBER_ASSESSMENT (ASSESSMENT_ID,BATCH_ID,RAW_SCORE,ASSESSMENT_TITLE,ASSESSMENT_TYPE,WEEK_NUMBER,ASSESSMENT_CATEGORY) values (4001,3000,100,null,'Project',2,1);
INSERT INTO CALIBER_ASSESSMENT (ASSESSMENT_ID,BATCH_ID,RAW_SCORE,ASSESSMENT_TITLE,ASSESSMENT_TYPE,WEEK_NUMBER,ASSESSMENT_CATEGORY) values (4003,3001,100,null,'Project',3,1);
INSERT INTO CALIBER_ASSESSMENT (ASSESSMENT_ID,BATCH_ID,RAW_SCORE,ASSESSMENT_TITLE,ASSESSMENT_TYPE,WEEK_NUMBER,ASSESSMENT_CATEGORY) values (4004,3001,100,null,'Project',3,1);
INSERT INTO CALIBER_ASSESSMENT (ASSESSMENT_ID,BATCH_ID,RAW_SCORE,ASSESSMENT_TITLE,ASSESSMENT_TYPE,WEEK_NUMBER,ASSESSMENT_CATEGORY) values (4005,3001,100,null,'Project',3,1);
INSERT INTO CALIBER_ASSESSMENT (ASSESSMENT_ID,BATCH_ID,RAW_SCORE,ASSESSMENT_TITLE,ASSESSMENT_TYPE,WEEK_NUMBER,ASSESSMENT_CATEGORY) values (4006,3002,100,null,'Verbal',1,1);
INSERT INTO CALIBER_ASSESSMENT (ASSESSMENT_ID,BATCH_ID,RAW_SCORE,ASSESSMENT_TITLE,ASSESSMENT_TYPE,WEEK_NUMBER,ASSESSMENT_CATEGORY) values (4007,3002,100,null,'Verbal',2,1);
INSERT INTO CALIBER_ASSESSMENT (ASSESSMENT_ID,BATCH_ID,RAW_SCORE,ASSESSMENT_TITLE,ASSESSMENT_TYPE,WEEK_NUMBER,ASSESSMENT_CATEGORY) values (4008,3003,100,null,'Verbal',1,1);
INSERT INTO CALIBER_ASSESSMENT (ASSESSMENT_ID,BATCH_ID,RAW_SCORE,ASSESSMENT_TITLE,ASSESSMENT_TYPE,WEEK_NUMBER,ASSESSMENT_CATEGORY) values (4009,3003,100,null,'Verbal',2,1);
INSERT INTO CALIBER_ASSESSMENT (ASSESSMENT_ID,BATCH_ID,RAW_SCORE,ASSESSMENT_TITLE,ASSESSMENT_TYPE,WEEK_NUMBER,ASSESSMENT_CATEGORY) values (4010,3006,100,null,'Project',1,1);
INSERT INTO CALIBER_ASSESSMENT (ASSESSMENT_ID,BATCH_ID,RAW_SCORE,ASSESSMENT_TITLE,ASSESSMENT_TYPE,WEEK_NUMBER,ASSESSMENT_CATEGORY) values (4011,3006,100,null,'Project',2,1);
COMMIT;

INSERT INTO CALIBER_TRAINEE (TRAINEE_ID,TRAINEE_EMAIL,TRAINEE_NAME,TRAINING_STATUS,BATCH_ID,PHONE_NUMBER,PROFILE_URL,SKYPE_ID) values (1,'howard.johnson@hotmail.com','Howard Johnson','Training',2003,'555-555-5555',null,null);
INSERT INTO CALIBER_TRAINEE (TRAINEE_ID,TRAINEE_EMAIL,TRAINEE_NAME,TRAINING_STATUS,BATCH_ID,PHONE_NUMBER,PROFILE_URL,SKYPE_ID) values (5500,'dlaut1@hotmail.com','Laut, Daniel','Dropped',2150,'843-360-9205',null,null);
INSERT INTO CALIBER_TRAINEE (TRAINEE_ID,TRAINEE_EMAIL,TRAINEE_NAME,TRAINING_STATUS,BATCH_ID,PHONE_NUMBER,PROFILE_URL,SKYPE_ID) values (5501,'ckipp2@hotmail.com','Kipp, Charles','Dropped',2150,'(480) 527-9139',null,null);
INSERT INTO CALIBER_TRAINEE (TRAINEE_ID,TRAINEE_EMAIL,TRAINEE_NAME,TRAINING_STATUS,BATCH_ID,PHONE_NUMBER,PROFILE_URL,SKYPE_ID) values (5502,'xinguang.huang1@gmail.com','Huang, Jason','Dropped',2150,'208-830-8976',null,null);
INSERT INTO CALIBER_TRAINEE (TRAINEE_ID,TRAINEE_EMAIL,TRAINEE_NAME,TRAINING_STATUS,BATCH_ID,PHONE_NUMBER,PROFILE_URL,SKYPE_ID) values (5503,'osher.y.cohen@gmail.com','Cohen, Osher','Employed',2200,'347-524-1846','https://app.revature.com/profile/Osher/f341fc92cebe36b3753df749eeb57b2a','osher.y.cohen');
INSERT INTO CALIBER_TRAINEE (TRAINEE_ID,TRAINEE_EMAIL,TRAINEE_NAME,TRAINING_STATUS,BATCH_ID,PHONE_NUMBER,PROFILE_URL,SKYPE_ID) values (5504,'kchangfatt@gmail.com','Chang Fatt, Kyle','Employed',2200,'(917) 843-0464','https://app.revature.com/profile/kchangfatt/566988d360a8a0df93036e3e0d33e81f','kyle.changfatt');
INSERT INTO CALIBER_TRAINEE (TRAINEE_ID,TRAINEE_EMAIL,TRAINEE_NAME,TRAINING_STATUS,BATCH_ID,PHONE_NUMBER,PROFILE_URL,SKYPE_ID) values (5505,'nikolovski23@gmail.com','Nikolovski, Martino','Employed',2200,'347-593-9059','https://app.revature.com/profile/Martino/18411f7d60abb8d3ea9b8a12f9e32041','martino.23');
INSERT INTO CALIBER_TRAINEE (TRAINEE_ID,TRAINEE_EMAIL,TRAINEE_NAME,TRAINING_STATUS,BATCH_ID,PHONE_NUMBER,PROFILE_URL,SKYPE_ID) values (5506,'louisalopez93@gmail.com','Lopez, Louis','Employed',2200,'516-301-8490','https://app.revature.com/profile/LouisLopez/71fd9c8b9c4fc2fe20ec464e14e14c5d','louisalopez23');
INSERT INTO CALIBER_TRAINEE (TRAINEE_ID,TRAINEE_EMAIL,TRAINEE_NAME,TRAINING_STATUS,BATCH_ID,PHONE_NUMBER,PROFILE_URL,SKYPE_ID) values (5507,'syar0052@gmail.com','Yar, Shehar','Employed',2200,'(347) 653-0052','https://app.revature.com/profile/Shehar/f35ad0947a9108f7724aaadb3f0d311b','syar0052');
INSERT INTO CALIBER_TRAINEE (TRAINEE_ID,TRAINEE_EMAIL,TRAINEE_NAME,TRAINING_STATUS,BATCH_ID,PHONE_NUMBER,PROFILE_URL,SKYPE_ID) values (5508,'achen.this@gmail.com','Chen, Andrew','Employed',2200,'347-618-9852','https://app.revature.com/profile/AndrewChen/77a3861a405068e383f482fb2bcdc629','achen.this');
INSERT INTO CALIBER_TRAINEE (TRAINEE_ID,TRAINEE_EMAIL,TRAINEE_NAME,TRAINING_STATUS,BATCH_ID,PHONE_NUMBER,PROFILE_URL,SKYPE_ID) values (5509,'davidsibrian08@gmail.com','Sibrian, David','Employed',2200,'347-933-0847','https://app.revature.com/profile/davidsibrian08/fd4cf53dd3924a64a537f888b9713def','davidsibrian08_1');
INSERT INTO CALIBER_TRAINEE (TRAINEE_ID,TRAINEE_EMAIL,TRAINEE_NAME,TRAINING_STATUS,BATCH_ID,PHONE_NUMBER,PROFILE_URL,SKYPE_ID) values (5510,'karymacancela@gmail.com','Macancela, Karina','Employed',2200,'347-570-5804','https://app.revature.com/profile/kmacancela/4862d51e2c3940d37b5baf300e58962b','karymacancela');
INSERT INTO CALIBER_TRAINEE (TRAINEE_ID,TRAINEE_EMAIL,TRAINEE_NAME,TRAINING_STATUS,BATCH_ID,PHONE_NUMBER,PROFILE_URL,SKYPE_ID) values (5511,'shamlau23@gmail.com','Lau, Samuel','Employed',2200,'347-557-7626','https://app.revature.com/profile/shamlau/02c9c1073f9b3ab702f9c5db18fe9e6c','shamlau');
INSERT INTO CALIBER_TRAINEE (TRAINEE_ID,TRAINEE_EMAIL,TRAINEE_NAME,TRAINING_STATUS,BATCH_ID,PHONE_NUMBER,PROFILE_URL,SKYPE_ID) values (5512,'ychenq001@gmail.com','Chen, Yan','Employed',2200,'(347) 265-0886','https://app.revature.com/profile/ychen/bae900b010b8c778db2b8b93fafd3d67','YChenq001');
INSERT INTO CALIBER_TRAINEE (TRAINEE_ID,TRAINEE_EMAIL,TRAINEE_NAME,TRAINING_STATUS,BATCH_ID,PHONE_NUMBER,PROFILE_URL,SKYPE_ID) values (5513,'williams.andrew15@gmail.com','Williams, Andrew','Employed',2200,'914-255-5011','https://app.revature.com/profile/Gigantor15/c33772d90963ba311da91439c153ded4','williams.andrew15');
INSERT INTO CALIBER_TRAINEE (TRAINEE_ID,TRAINEE_EMAIL,TRAINEE_NAME,TRAINING_STATUS,BATCH_ID,PHONE_NUMBER,PROFILE_URL,SKYPE_ID) values (5514,'katz.rikki@gmail.com','Katz, Rikki','Employed',2200,'(516) 531-3671','https://app.revature.com/profile/RebeccaK/3d80c961cf1dab656b02aa6d1aaa95b4','rikkik13');
INSERT INTO CALIBER_TRAINEE (TRAINEE_ID,TRAINEE_EMAIL,TRAINEE_NAME,TRAINING_STATUS,BATCH_ID,PHONE_NUMBER,PROFILE_URL,SKYPE_ID) values (5515,'bcantos17@gmail.com','Cantos, Bryan','Employed',2200,'347-848-4163','https://app.revature.com/profile/bcantos17/1d1241150188ed37a992e84d4ee3ccf3','BCantos17');
INSERT INTO CALIBER_TRAINEE (TRAINEE_ID,TRAINEE_EMAIL,TRAINEE_NAME,TRAINING_STATUS,BATCH_ID,PHONE_NUMBER,PROFILE_URL,SKYPE_ID) values (5516,'travis.dacosta1@gmail.com','Dacosta, Travis','Employed',2200,'347-500-7612','https://app.revature.com/profile/tdacosta11/9c0a7e4de28a8898c2b9186debe0e7cb','travisdac');
INSERT INTO CALIBER_TRAINEE (TRAINEE_ID,TRAINEE_EMAIL,TRAINEE_NAME,TRAINING_STATUS,BATCH_ID,PHONE_NUMBER,PROFILE_URL,SKYPE_ID) values (5517,'ilysiarh@gmail.com','Siarheyeu, Ilya','Employed',2200,'347-334-1704','https://app.revature.com/profile/ilysiarh/1612b1d54369bfa052cb56c24334040f','ilysiarh');
INSERT INTO CALIBER_TRAINEE (TRAINEE_ID,TRAINEE_EMAIL,TRAINEE_NAME,TRAINING_STATUS,BATCH_ID,PHONE_NUMBER,PROFILE_URL,SKYPE_ID) values (5518,'wingz101@icloud.com','Fredericksen-Rasberry, Salim','Dropped',2200,'(516) 825-1848',null,null);
INSERT INTO CALIBER_TRAINEE (TRAINEE_ID,TRAINEE_EMAIL,TRAINEE_NAME,TRAINING_STATUS,BATCH_ID,PHONE_NUMBER,PROFILE_URL,SKYPE_ID) values (5519,'bankole726@gmail.com','Thomas, Bankole','Dropped',2200,'3476527223',null,null);
INSERT INTO CALIBER_TRAINEE (TRAINEE_ID,TRAINEE_EMAIL,TRAINEE_NAME,TRAINING_STATUS,BATCH_ID,PHONE_NUMBER,PROFILE_URL,SKYPE_ID) values (5520,'davedataram@gmail.com','Dataram, Dave','Dropped',2201,'347-986-0617',null,null);
INSERT INTO CALIBER_TRAINEE (TRAINEE_ID,TRAINEE_EMAIL,TRAINEE_NAME,TRAINING_STATUS,BATCH_ID,PHONE_NUMBER,PROFILE_URL,SKYPE_ID) values (5521,'azraelzzz@hotmail.com','In Choi, Hou','Dropped',2201,'(347) 459-2016',null,null);
INSERT INTO CALIBER_TRAINEE (TRAINEE_ID,TRAINEE_EMAIL,TRAINEE_NAME,TRAINING_STATUS,BATCH_ID,PHONE_NUMBER,PROFILE_URL,SKYPE_ID) values (5522,'chandradatgir@yahoo.com','Gir, Chandradat','Dropped',2201,'347-447-7487',null,null);
INSERT INTO CALIBER_TRAINEE (TRAINEE_ID,TRAINEE_EMAIL,TRAINEE_NAME,TRAINING_STATUS,BATCH_ID,PHONE_NUMBER,PROFILE_URL,SKYPE_ID) values (5523,'jcsanchez1218@yahoo.com','Carlos Sanchez, Juan','Dropped',2201,'(347) 641-8146',null,null);
INSERT INTO CALIBER_TRAINEE (TRAINEE_ID,TRAINEE_EMAIL,TRAINEE_NAME,TRAINING_STATUS,BATCH_ID,PHONE_NUMBER,PROFILE_URL,SKYPE_ID) values (5524,'mcartagenaez8@gmail.com','Cartagena, Michael','Employed',2201,'347-782-4731','https://app.revature.com/profile/MichaelC/55b6b9a398dacdb90093a3088822d35c','mcart5566');
INSERT INTO CALIBER_TRAINEE (TRAINEE_ID,TRAINEE_EMAIL,TRAINEE_NAME,TRAINING_STATUS,BATCH_ID,PHONE_NUMBER,PROFILE_URL,SKYPE_ID) values (5525,'tanland20@gmail.com','Peralta, Yanilda','Employed',2201,'347-638-1605','https://app.revature.com/profile/Synac/254a7187dfc32f6f50710a56bd8112f6','eclipsesunsettreesynch');
INSERT INTO CALIBER_TRAINEE (TRAINEE_ID,TRAINEE_EMAIL,TRAINEE_NAME,TRAINING_STATUS,BATCH_ID,PHONE_NUMBER,PROFILE_URL,SKYPE_ID) values (5526,'son.jack0218@gmail.com','Duong, Jack','Employed',2201,'(646) 417-3976','https://app.revature.com/profile/imrjack/fab72b5d62b5965bcd22aabe0a9ee24b','imrjack');
INSERT INTO CALIBER_TRAINEE (TRAINEE_ID,TRAINEE_EMAIL,TRAINEE_NAME,TRAINING_STATUS,BATCH_ID,PHONE_NUMBER,PROFILE_URL,SKYPE_ID) values (5527,'hvalcin.grady@gmail.com','Valcin, Hendy','Employed',2201,'347-272-0040','https://app.revature.com/profile/Hendy/4991db30a308e99aff23eead11daa716','live:196c1fe19236d6c6');
INSERT INTO CALIBER_TRAINEE (TRAINEE_ID,TRAINEE_EMAIL,TRAINEE_NAME,TRAINING_STATUS,BATCH_ID,PHONE_NUMBER,PROFILE_URL,SKYPE_ID) values (5528,'hossain.yahya@outlook.com','Yahya, Hossain','Employed',2201,'347-595-0959','https://app.revature.com/profile/Hossain/56533488cfec931bbc8e43ba02f12190','live:hossain.yahya_1');
INSERT INTO CALIBER_TRAINEE (TRAINEE_ID,TRAINEE_EMAIL,TRAINEE_NAME,TRAINING_STATUS,BATCH_ID,PHONE_NUMBER,PROFILE_URL,SKYPE_ID) values (5529,'denise.j.montesdeoca@gmail.com','Montesdeoca, Denise','Employed',2201,'347-536-7727','https://app.revature.com/profile/dmontesdeoca/4ddfb0697a3c1fff8d16e6a1ce46348c','live:55f3683c5bb7165c');
INSERT INTO CALIBER_TRAINEE (TRAINEE_ID,TRAINEE_EMAIL,TRAINEE_NAME,TRAINING_STATUS,BATCH_ID,PHONE_NUMBER,PROFILE_URL,SKYPE_ID) values (5530,'fareed.ali37@qmail.cuny.edu','Ali, Fareed','Employed',2201,'347-526-5184','https://app.revature.com/profile/fareed/03198a1e81a3f4e32433a9e9c9db353e','live:bassph');
INSERT INTO CALIBER_TRAINEE (TRAINEE_ID,TRAINEE_EMAIL,TRAINEE_NAME,TRAINING_STATUS,BATCH_ID,PHONE_NUMBER,PROFILE_URL,SKYPE_ID) values (5531,'kamlam@live.com','Lam, Kam','Training',2201,'917-951-1138','https://app.revature.com/profile/Kamlam02/0b64db75d34cddd8b96f8091e44d57b7','live:89f575098655f2b');
INSERT INTO CALIBER_TRAINEE (TRAINEE_ID,TRAINEE_EMAIL,TRAINEE_NAME,TRAINING_STATUS,BATCH_ID,PHONE_NUMBER,PROFILE_URL,SKYPE_ID) values (5532,'sadat.t.ahmed@gmail.com','Ahmed, Sadat','Employed',2201,'646-407-7707','https://app.revature.com/profile/SadatAhmed/9b198abd1d0d88022d593375b61ed041','sadat.t.ahmed');
INSERT INTO CALIBER_TRAINEE (TRAINEE_ID,TRAINEE_EMAIL,TRAINEE_NAME,TRAINING_STATUS,BATCH_ID,PHONE_NUMBER,PROFILE_URL,SKYPE_ID) values (5533,'pieryospp@gmail.com','Yos, Pier','Employed',2201,'347-238-4965','https://app.revature.com/profile/Peacepapi/22e027610567ad08a4c6698a8dbfa74b','pieryospp');
INSERT INTO CALIBER_TRAINEE (TRAINEE_ID,TRAINEE_EMAIL,TRAINEE_NAME,TRAINING_STATUS,BATCH_ID,PHONE_NUMBER,PROFILE_URL,SKYPE_ID) values (5534,'ateebtahir@gmail.com','Khawaja, Ateeb','Employed',2201,'347-251-9865','https://app.revature.com/profile/KMAT/eab7a80a000dc662a9c098b80259c013','ateebtahir');
INSERT INTO CALIBER_TRAINEE (TRAINEE_ID,TRAINEE_EMAIL,TRAINEE_NAME,TRAINING_STATUS,BATCH_ID,PHONE_NUMBER,PROFILE_URL,SKYPE_ID) values (5535,'suditw@gmail.com','Itwaru, Sudish','Employed',2201,'718-415-0517','https://app.revature.com/profile/sitwaru/8995f5191fdba7a3508ed6e9825863e1','sudish.itwaru');
INSERT INTO CALIBER_TRAINEE (TRAINEE_ID,TRAINEE_EMAIL,TRAINEE_NAME,TRAINING_STATUS,BATCH_ID,PHONE_NUMBER,PROFILE_URL,SKYPE_ID) values (5536,'danliu277@gmail.com','Liu, Daniel','Employed',2201,'646-275-2027','https://app.revature.com/profile/DanielLiu/8ec745c0558385ae50ac8c25324d7bb3','danliu277');
INSERT INTO CALIBER_TRAINEE (TRAINEE_ID,TRAINEE_EMAIL,TRAINEE_NAME,TRAINING_STATUS,BATCH_ID,PHONE_NUMBER,PROFILE_URL,SKYPE_ID) values (5537,'guankev@gmail.com','Guan, Kevin','Employed',2201,'347-447-1888','https://app.revature.com/profile/KevinG92/2ba062861641fbf4e956c517983952c4','live:kevguan');
INSERT INTO CALIBER_TRAINEE (TRAINEE_ID,TRAINEE_EMAIL,TRAINEE_NAME,TRAINING_STATUS,BATCH_ID,PHONE_NUMBER,PROFILE_URL,SKYPE_ID) values (5538,'connelsp@gmail.com','Connelly, Sean','Employed',2201,'718-772-1455','https://app.revature.com/profile/Seanelly/64c09ac289741de8bf7ec0f81f2ad5ad','seanelly08');
INSERT INTO CALIBER_TRAINEE (TRAINEE_ID,TRAINEE_EMAIL,TRAINEE_NAME,TRAINING_STATUS,BATCH_ID,PHONE_NUMBER,PROFILE_URL,SKYPE_ID) values (5539,'igorgluskin@yahoo.com','Gluskin, Igor','Employed',2201,'347-791-1360','https://app.revature.com/profile/IgorGluskin/ae6866d406461c1c36de8df7c0a1a7a7','igor.gluskin');
INSERT INTO CALIBER_TRAINEE (TRAINEE_ID,TRAINEE_EMAIL,TRAINEE_NAME,TRAINING_STATUS,BATCH_ID,PHONE_NUMBER,PROFILE_URL,SKYPE_ID) values (5352,'jgt.tech@gmail.com','Tech, Jonathon','Employed',2050,'(918) 504-6831',null,null);
INSERT INTO CALIBER_TRAINEE (TRAINEE_ID,TRAINEE_EMAIL,TRAINEE_NAME,TRAINING_STATUS,BATCH_ID,PHONE_NUMBER,PROFILE_URL,SKYPE_ID) values (5350,'kh04548@georgiasouthern.edu','Haas, Kevin','Employed',2050,'(229) 255-7639',null,null);
INSERT INTO CALIBER_TRAINEE (TRAINEE_ID,TRAINEE_EMAIL,TRAINEE_NAME,TRAINING_STATUS,BATCH_ID,PHONE_NUMBER,PROFILE_URL,SKYPE_ID) values (5351,'ifouche10@gmail.com','Fouche, Issac','Employed',2050,'(301) 606-8749',null,null);
INSERT INTO CALIBER_TRAINEE (TRAINEE_ID,TRAINEE_EMAIL,TRAINEE_NAME,TRAINING_STATUS,BATCH_ID,PHONE_NUMBER,PROFILE_URL,SKYPE_ID) values (5353,'wyatt.duling@gmail.com','Duling, Wyatt','Employed',2050,'563-343-3075',null,null);
INSERT INTO CALIBER_TRAINEE (TRAINEE_ID,TRAINEE_EMAIL,TRAINEE_NAME,TRAINING_STATUS,BATCH_ID,PHONE_NUMBER,PROFILE_URL,SKYPE_ID) values (5354,'zhuang4@buffalo.edu','Huang, Jimmy','Employed',2050,'(917) 916-6881',null,null);
INSERT INTO CALIBER_TRAINEE (TRAINEE_ID,TRAINEE_EMAIL,TRAINEE_NAME,TRAINING_STATUS,BATCH_ID,PHONE_NUMBER,PROFILE_URL,SKYPE_ID) values (5355,'encastillo92@gmail.com','Castillo, Erika','Employed',2050,'(229) 669-3805',null,null);
INSERT INTO CALIBER_TRAINEE (TRAINEE_ID,TRAINEE_EMAIL,TRAINEE_NAME,TRAINING_STATUS,BATCH_ID,PHONE_NUMBER,PROFILE_URL,SKYPE_ID) values (5356,'m.blanchard@post.com','Blanchard, Martin','Dropped',2050,'(603) 264-0369',null,null);
INSERT INTO CALIBER_TRAINEE (TRAINEE_ID,TRAINEE_EMAIL,TRAINEE_NAME,TRAINING_STATUS,BATCH_ID,PHONE_NUMBER,PROFILE_URL,SKYPE_ID) values (5357,'manyaam13@gmail.com','Almatar, Manya','Dropped',2050,'(773) 954-9254',null,null);
INSERT INTO CALIBER_TRAINEE (TRAINEE_ID,TRAINEE_EMAIL,TRAINEE_NAME,TRAINING_STATUS,BATCH_ID,PHONE_NUMBER,PROFILE_URL,SKYPE_ID) values (5358,'dsantonov1990@gmail.com','Antonov, Denis','Dropped',2050,'(678) 763-6648',null,null);
INSERT INTO CALIBER_TRAINEE (TRAINEE_ID,TRAINEE_EMAIL,TRAINEE_NAME,TRAINING_STATUS,BATCH_ID,PHONE_NUMBER,PROFILE_URL,SKYPE_ID) values (5359,'rrpglad@gmail.com','Peters, Russell','Dropped',2050,'(240) 678-7156',null,null);
INSERT INTO CALIBER_TRAINEE (TRAINEE_ID,TRAINEE_EMAIL,TRAINEE_NAME,TRAINING_STATUS,BATCH_ID,PHONE_NUMBER,PROFILE_URL,SKYPE_ID) values (5360,'jbspruce@gmail.com','Spruce, Jason','Employed',2100,'417-793-2382',null,null);
INSERT INTO CALIBER_TRAINEE (TRAINEE_ID,TRAINEE_EMAIL,TRAINEE_NAME,TRAINING_STATUS,BATCH_ID,PHONE_NUMBER,PROFILE_URL,SKYPE_ID) values (5361,'taddetlef@hotmail.com','Detlef, Tad','Employed',2100,'980-254-4343',null,null);
INSERT INTO CALIBER_TRAINEE (TRAINEE_ID,TRAINEE_EMAIL,TRAINEE_NAME,TRAINING_STATUS,BATCH_ID,PHONE_NUMBER,PROFILE_URL,SKYPE_ID) values (5362,'tylerwelborn91@yahoo.com','Welborn, Tyler','Employed',2100,'(806) 831-8984',null,null);
INSERT INTO CALIBER_TRAINEE (TRAINEE_ID,TRAINEE_EMAIL,TRAINEE_NAME,TRAINING_STATUS,BATCH_ID,PHONE_NUMBER,PROFILE_URL,SKYPE_ID) values (5363,'yanznln@gmail.com','Lin, Yan','Employed',2100,'(646) 641-9538',null,null);
INSERT INTO CALIBER_TRAINEE (TRAINEE_ID,TRAINEE_EMAIL,TRAINEE_NAME,TRAINING_STATUS,BATCH_ID,PHONE_NUMBER,PROFILE_URL,SKYPE_ID) values (5540,'tmcdeane@gmail.com','McDeane, Trey','Training',2150,null,null,null);
INSERT INTO CALIBER_TRAINEE (TRAINEE_ID,TRAINEE_EMAIL,TRAINEE_NAME,TRAINING_STATUS,BATCH_ID,PHONE_NUMBER,PROFILE_URL,SKYPE_ID) values (5402,'justin.atkinson.1990@gmail.com','Atkinson, Justin','Employed',2100,'267-229-1865',null,null);
INSERT INTO CALIBER_TRAINEE (TRAINEE_ID,TRAINEE_EMAIL,TRAINEE_NAME,TRAINING_STATUS,BATCH_ID,PHONE_NUMBER,PROFILE_URL,SKYPE_ID) values (5400,'nbrown.joshua@yahoo.com','Brown, Joshua','Employed',2100,'301-917-4594',null,null);
INSERT INTO CALIBER_TRAINEE (TRAINEE_ID,TRAINEE_EMAIL,TRAINEE_NAME,TRAINING_STATUS,BATCH_ID,PHONE_NUMBER,PROFILE_URL,SKYPE_ID) values (5401,'eyekno3w@hotmail.com','Lovell, Jeffrey','Employed',2100,'414-801-6881',null,null);
INSERT INTO CALIBER_TRAINEE (TRAINEE_ID,TRAINEE_EMAIL,TRAINEE_NAME,TRAINING_STATUS,BATCH_ID,PHONE_NUMBER,PROFILE_URL,SKYPE_ID) values (5450,'tonyhill_1981@yahoo.com','Hill, Anthony','Dropped',2100,'312-752-0406',null,null);
INSERT INTO CALIBER_TRAINEE (TRAINEE_ID,TRAINEE_EMAIL,TRAINEE_NAME,TRAINING_STATUS,BATCH_ID,PHONE_NUMBER,PROFILE_URL,SKYPE_ID) values (5451,'fjyoung19@gmail.com','Young, Fagbemi','Dropped',2100,'(757) 478-5280',null,null);
INSERT INTO CALIBER_TRAINEE (TRAINEE_ID,TRAINEE_EMAIL,TRAINEE_NAME,TRAINING_STATUS,BATCH_ID,PHONE_NUMBER,PROFILE_URL,SKYPE_ID) values (5452,'swong8295@gmail.com','Wong, Steven','Dropped',2100,'(757) 289-6297',null,null);
INSERT INTO CALIBER_TRAINEE (TRAINEE_ID,TRAINEE_EMAIL,TRAINEE_NAME,TRAINING_STATUS,BATCH_ID,PHONE_NUMBER,PROFILE_URL,SKYPE_ID) values (5453,'mro2352@gmail.com','Olson, Matthew','Dropped',2100,'(573) 382-4546',null,null);
INSERT INTO CALIBER_TRAINEE (TRAINEE_ID,TRAINEE_EMAIL,TRAINEE_NAME,TRAINING_STATUS,BATCH_ID,PHONE_NUMBER,PROFILE_URL,SKYPE_ID) values (5454,'sidak_dhillon@hotmail.com','Dhillon, Sidak','Dropped',2100,'6783083035',null,null);
INSERT INTO CALIBER_TRAINEE (TRAINEE_ID,TRAINEE_EMAIL,TRAINEE_NAME,TRAINING_STATUS,BATCH_ID,PHONE_NUMBER,PROFILE_URL,SKYPE_ID) values (5455,'dennyayard@yahoo.com','Ayard, Denny','Employed',2100,'626-394-8606',null,null);
INSERT INTO CALIBER_TRAINEE (TRAINEE_ID,TRAINEE_EMAIL,TRAINEE_NAME,TRAINING_STATUS,BATCH_ID,PHONE_NUMBER,PROFILE_URL,SKYPE_ID) values (5456,'forsbergjj@gmail.com','Forsberg, Justin','Employed',2150,'(763) 614-9683',null,null);
INSERT INTO CALIBER_TRAINEE (TRAINEE_ID,TRAINEE_EMAIL,TRAINEE_NAME,TRAINING_STATUS,BATCH_ID,PHONE_NUMBER,PROFILE_URL,SKYPE_ID) values (5457,'nbrasco@msn.com','Brasco, Nick','Employed',2150,'(856) 472-1674',null,null);
INSERT INTO CALIBER_TRAINEE (TRAINEE_ID,TRAINEE_EMAIL,TRAINEE_NAME,TRAINING_STATUS,BATCH_ID,PHONE_NUMBER,PROFILE_URL,SKYPE_ID) values (5458,'alexanderjhajek@gmail.com','Hajek, Alexander','Employed',2150,'(507) 990-7261',null,null);
INSERT INTO CALIBER_TRAINEE (TRAINEE_ID,TRAINEE_EMAIL,TRAINEE_NAME,TRAINING_STATUS,BATCH_ID,PHONE_NUMBER,PROFILE_URL,SKYPE_ID) values (5459,'wenyuan.will@gmail.com','Wan, William','Employed',2150,'(908) 616-7543',null,null);
INSERT INTO CALIBER_TRAINEE (TRAINEE_ID,TRAINEE_EMAIL,TRAINEE_NAME,TRAINING_STATUS,BATCH_ID,PHONE_NUMBER,PROFILE_URL,SKYPE_ID) values (5460,'mr.eric.erwin@gmail.com','Erwin, Eric','Employed',2150,'(701) 500-9782',null,null);
INSERT INTO CALIBER_TRAINEE (TRAINEE_ID,TRAINEE_EMAIL,TRAINEE_NAME,TRAINING_STATUS,BATCH_ID,PHONE_NUMBER,PROFILE_URL,SKYPE_ID) values (5461,'lukehboggs@gmail.com','Boggs, Luke','Employed',2150,'(630) 338-6039',null,null);
INSERT INTO CALIBER_TRAINEE (TRAINEE_ID,TRAINEE_EMAIL,TRAINEE_NAME,TRAINING_STATUS,BATCH_ID,PHONE_NUMBER,PROFILE_URL,SKYPE_ID) values (5462,'patz1@umbc.edu','Zebron, Patrick','Employed',2150,'443-668-9955',null,null);
INSERT INTO CALIBER_TRAINEE (TRAINEE_ID,TRAINEE_EMAIL,TRAINEE_NAME,TRAINING_STATUS,BATCH_ID,PHONE_NUMBER,PROFILE_URL,SKYPE_ID) values (5463,'wjandrz@earthlink.net','Andrzejewski, Walter','Employed',2150,'(813) 892-2173',null,null);
INSERT INTO CALIBER_TRAINEE (TRAINEE_ID,TRAINEE_EMAIL,TRAINEE_NAME,TRAINING_STATUS,BATCH_ID,PHONE_NUMBER,PROFILE_URL,SKYPE_ID) values (5464,'wheeler146@yahoo.com','Wheeler, Justin','Employed',2150,'(760) 508-2059',null,null);
INSERT INTO CALIBER_TRAINEE (TRAINEE_ID,TRAINEE_EMAIL,TRAINEE_NAME,TRAINING_STATUS,BATCH_ID,PHONE_NUMBER,PROFILE_URL,SKYPE_ID) values (5465,'alex.michels94@hotmail.com','Michels, Alex','Employed',2150,'(661) 435-3844',null,null);
INSERT INTO CALIBER_TRAINEE (TRAINEE_ID,TRAINEE_EMAIL,TRAINEE_NAME,TRAINING_STATUS,BATCH_ID,PHONE_NUMBER,PROFILE_URL,SKYPE_ID) values (5466,'christopherlolney@gmail.com','Olney, Chris','Employed',2150,'(270) 535-1997',null,null);
INSERT INTO CALIBER_TRAINEE (TRAINEE_ID,TRAINEE_EMAIL,TRAINEE_NAME,TRAINING_STATUS,BATCH_ID,PHONE_NUMBER,PROFILE_URL,SKYPE_ID) values (5467,'bookofbromon@gmail.com','Smith, Carter','Employed',2150,'(402) 650-7288',null,null);
INSERT INTO CALIBER_TRAINEE (TRAINEE_ID,TRAINEE_EMAIL,TRAINEE_NAME,TRAINING_STATUS,BATCH_ID,PHONE_NUMBER,PROFILE_URL,SKYPE_ID) values (5468,'starrv2011@gmail.com','Starr, Valencia','Dropped',2150,'347-770-6819',null,null);
INSERT INTO CALIBER_TRAINEE (TRAINEE_ID,TRAINEE_EMAIL,TRAINEE_NAME,TRAINING_STATUS,BATCH_ID,PHONE_NUMBER,PROFILE_URL,SKYPE_ID) values (5469,'hrich558@live.kutztown.edu','Richiez, Hector','Dropped',2150,'(347) 247-9731',null,null);
INSERT INTO CALIBER_TRAINEE (TRAINEE_ID,TRAINEE_EMAIL,TRAINEE_NAME,TRAINING_STATUS,BATCH_ID,PHONE_NUMBER,PROFILE_URL,SKYPE_ID) values (5470,'patterdl@clarkson.edu','Patterson, Dalton','Dropped',2150,'(518) 481-7979',null,null);
INSERT INTO CALIBER_TRAINEE (TRAINEE_ID,TRAINEE_EMAIL,TRAINEE_NAME,TRAINING_STATUS,BATCH_ID,PHONE_NUMBER,PROFILE_URL,SKYPE_ID) values (5471,'kotayaaron@yahoo.com','Kotay Jr., Aaron','Dropped',2150,'(704) 412-0890',null,null);
INSERT INTO CALIBER_TRAINEE (TRAINEE_ID,TRAINEE_EMAIL,TRAINEE_NAME,TRAINING_STATUS,BATCH_ID,PHONE_NUMBER,PROFILE_URL,SKYPE_ID) values (5472,'barkercbel@gmail.com','Barker, Cory','Dropped',2150,'(360) 204-6555',null,null);
INSERT INTO CALIBER_TRAINEE (TRAINEE_ID,TRAINEE_EMAIL,TRAINEE_NAME,TRAINING_STATUS,BATCH_ID,PHONE_NUMBER,PROFILE_URL,SKYPE_ID) values (5473,'dominicjb4@hotmail.com','Bartholomeo, Dominic','Dropped',2150,'757-327-8076',null,null);
INSERT INTO CALIBER_TRAINEE (TRAINEE_ID,TRAINEE_EMAIL,TRAINEE_NAME,TRAINING_STATUS,BATCH_ID,PHONE_NUMBER,PROFILE_URL,SKYPE_ID) values (5474, 'dschrute@mailinator.com','Schrute, Dwight','Training',3000,'700-864-1234',null,null);
INSERT INTO CALIBER_TRAINEE (TRAINEE_ID,TRAINEE_EMAIL,TRAINEE_NAME,TRAINING_STATUS,BATCH_ID,PHONE_NUMBER,PROFILE_URL,SKYPE_ID) values (5475, 'jhalpert@mailinator.com','Halpert, Jim','Training',3000,'700-864-2345',null,null);
INSERT INTO CALIBER_TRAINEE (TRAINEE_ID,TRAINEE_EMAIL,TRAINEE_NAME,TRAINING_STATUS,BATCH_ID,PHONE_NUMBER,PROFILE_URL,SKYPE_ID) VALUES (5477, 'amartin@mailinator.com','Martin, Angela','Training',3001,'700-864-4567',null,null);
INSERT INTO CALIBER_TRAINEE (TRAINEE_ID,TRAINEE_EMAIL,TRAINEE_NAME,TRAINING_STATUS,BATCH_ID,PHONE_NUMBER,PROFILE_URL,SKYPE_ID) VALUES (5478, 'kmalone@mailinator.com','Malone, Kevin','Training',3001,'700-864-5678',null,null);
INSERT INTO CALIBER_TRAINEE (TRAINEE_ID,TRAINEE_EMAIL,TRAINEE_NAME,TRAINING_STATUS,BATCH_ID,PHONE_NUMBER,PROFILE_URL,SKYPE_ID) VALUES (5479, 'abernard@mailinator.com','Bernard, Andy','Training',3001,'700-864-6789',null,null);
INSERT INTO CALIBER_TRAINEE (TRAINEE_ID,TRAINEE_EMAIL,TRAINEE_NAME,TRAINING_STATUS,BATCH_ID,PHONE_NUMBER,PROFILE_URL,SKYPE_ID) VALUES (5480, 'gadams@mailinator.com','Adams, Gary','Training',3002,'700-864-7890',null,null);
INSERT INTO CALIBER_TRAINEE (TRAINEE_ID,TRAINEE_EMAIL,TRAINEE_NAME,TRAINING_STATUS,BATCH_ID,PHONE_NUMBER,PROFILE_URL,SKYPE_ID) VALUES (5481, 'elawrence@mailinator.com','Lawrence, Elaine','Training',3002,'700-864-8901',null,null);
INSERT INTO CALIBER_TRAINEE (TRAINEE_ID,TRAINEE_EMAIL,TRAINEE_NAME,TRAINING_STATUS,BATCH_ID,PHONE_NUMBER,PROFILE_URL,SKYPE_ID) VALUES (5482, 'qleyton@mailinator.com','Leyton, Quinn','Training',3003,'700-864-9012',null,null);
INSERT INTO CALIBER_TRAINEE (TRAINEE_ID,TRAINEE_EMAIL,TRAINEE_NAME,TRAINING_STATUS,BATCH_ID,PHONE_NUMBER,PROFILE_URL,SKYPE_ID) VALUES (5483, 'dcoke@mailinator.com','Coke, Donovan','Training',3003,'700-864-0123',null,null);
INSERT INTO CALIBER_TRAINEE (TRAINEE_ID,TRAINEE_EMAIL,TRAINEE_NAME,TRAINING_STATUS,BATCH_ID,PHONE_NUMBER,PROFILE_URL,SKYPE_ID) VALUES (5484,'bparish@mailinator.com','Parish, Brian','Training',3004,'700-865-1234',null,null);
INSERT INTO CALIBER_TRAINEE (TRAINEE_ID,TRAINEE_EMAIL,TRAINEE_NAME,TRAINING_STATUS,BATCH_ID,PHONE_NUMBER,PROFILE_URL,SKYPE_ID) VALUES (5485,'tbrewster@mailinator.com','Brewster, Tera','Training',3004,'700-865-2345',null,null);
INSERT INTO CALIBER_TRAINEE (TRAINEE_ID,TRAINEE_EMAIL,TRAINEE_NAME,TRAINING_STATUS,BATCH_ID,PHONE_NUMBER,PROFILE_URL,SKYPE_ID) VALUES (5486,'gjohnson@mailinator.com','Johnson, Garrett','Employed',3005,'700-865-3456',null,null);
INSERT INTO CALIBER_TRAINEE (TRAINEE_ID,TRAINEE_EMAIL,TRAINEE_NAME,TRAINING_STATUS,BATCH_ID,PHONE_NUMBER,PROFILE_URL,SKYPE_ID) VALUES (5487,'kwood@mailinator.com','Wood, Kelly','Employed',3005,'700-865-4567',null,null);
INSERT INTO CALIBER_TRAINEE (TRAINEE_ID,TRAINEE_EMAIL,TRAINEE_NAME,TRAINING_STATUS,BATCH_ID,PHONE_NUMBER,PROFILE_URL,SKYPE_ID) VALUES (5488,'mrose@mailinator.com','Rose, Marissa','Dropped',3006,'700-865-5678',null,null);
INSERT INTO CALIBER_TRAINEE (TRAINEE_ID,TRAINEE_EMAIL,TRAINEE_NAME,TRAINING_STATUS,BATCH_ID,PHONE_NUMBER,PROFILE_URL,SKYPE_ID) VALUES (5489,'lhex@mailinator.com','Hex, Leonard','Training',3006,'700-865-6789',null,null);
INSERT INTO CALIBER_TRAINEE (TRAINEE_ID,TRAINEE_EMAIL,TRAINEE_NAME,TRAINING_STATUS,BATCH_ID,PHONE_NUMBER,PROFILE_URL,SKYPE_ID) VALUES (5490, 'sgermanotta@mailinator.com','Germanotta, Stefani','Dropped',3003,'700-865-7890',null,null);
COMMIT;

INSERT INTO CALIBER_GRADE (GRADE_ID,DATE_RECEIVED,SCORE,ASSESSMENT_ID,TRAINEE_ID) values (1060,to_timestamp('19-APR-17 05.14.15.760000000 PM','DD-MON-RR HH.MI.SSXFF AM'),88.89,2051,5353);
INSERT INTO CALIBER_GRADE (GRADE_ID,DATE_RECEIVED,SCORE,ASSESSMENT_ID,TRAINEE_ID) values (1061,to_timestamp('19-APR-17 05.14.32.075000000 PM','DD-MON-RR HH.MI.SSXFF AM'),64.81,2051,5356);
INSERT INTO CALIBER_GRADE (GRADE_ID,DATE_RECEIVED,SCORE,ASSESSMENT_ID,TRAINEE_ID) values (1062,to_timestamp('19-APR-17 05.14.44.227000000 PM','DD-MON-RR HH.MI.SSXFF AM'),77.77,2051,5352);
INSERT INTO CALIBER_GRADE (GRADE_ID,DATE_RECEIVED,SCORE,ASSESSMENT_ID,TRAINEE_ID) values (1063,to_timestamp('19-APR-17 05.15.07.105000000 PM','DD-MON-RR HH.MI.SSXFF AM'),86.3,2051,5357);
INSERT INTO CALIBER_GRADE (GRADE_ID,DATE_RECEIVED,SCORE,ASSESSMENT_ID,TRAINEE_ID) values (1064,to_timestamp('19-APR-17 05.15.48.130000000 PM','DD-MON-RR HH.MI.SSXFF AM'),96.29,2051,5351);
INSERT INTO CALIBER_GRADE (GRADE_ID,DATE_RECEIVED,SCORE,ASSESSMENT_ID,TRAINEE_ID) values (1065,to_timestamp('19-APR-17 05.15.18.101000000 PM','DD-MON-RR HH.MI.SSXFF AM'),92.96,2051,5354);
INSERT INTO CALIBER_GRADE (GRADE_ID,DATE_RECEIVED,SCORE,ASSESSMENT_ID,TRAINEE_ID) values (1066,to_timestamp('19-APR-17 05.15.26.699000000 PM','DD-MON-RR HH.MI.SSXFF AM'),97.77,2051,5350);
INSERT INTO CALIBER_GRADE (GRADE_ID,DATE_RECEIVED,SCORE,ASSESSMENT_ID,TRAINEE_ID) values (1067,to_timestamp('19-APR-17 05.20.03.689000000 PM','DD-MON-RR HH.MI.SSXFF AM'),70.74,2051,5359);
INSERT INTO CALIBER_GRADE (GRADE_ID,DATE_RECEIVED,SCORE,ASSESSMENT_ID,TRAINEE_ID) values (1068,to_timestamp('19-APR-17 05.15.57.070000000 PM','DD-MON-RR HH.MI.SSXFF AM'),89.63,2051,5355);
INSERT INTO CALIBER_GRADE (GRADE_ID,DATE_RECEIVED,SCORE,ASSESSMENT_ID,TRAINEE_ID) values (1084,to_timestamp('19-APR-17 05.31.01.970000000 PM','DD-MON-RR HH.MI.SSXFF AM'),88.33,2054,5354);
INSERT INTO CALIBER_GRADE (GRADE_ID,DATE_RECEIVED,SCORE,ASSESSMENT_ID,TRAINEE_ID) values (1085,to_timestamp('19-APR-17 05.31.08.464000000 PM','DD-MON-RR HH.MI.SSXFF AM'),98.08,2054,5350);
INSERT INTO CALIBER_GRADE (GRADE_ID,DATE_RECEIVED,SCORE,ASSESSMENT_ID,TRAINEE_ID) values (1086,to_timestamp('19-APR-17 05.31.13.032000000 PM','DD-MON-RR HH.MI.SSXFF AM'),89.49,2054,5355);
INSERT INTO CALIBER_GRADE (GRADE_ID,DATE_RECEIVED,SCORE,ASSESSMENT_ID,TRAINEE_ID) values (1087,to_timestamp('19-APR-17 05.31.15.567000000 PM','DD-MON-RR HH.MI.SSXFF AM'),85,2054,5352);
INSERT INTO CALIBER_GRADE (GRADE_ID,DATE_RECEIVED,SCORE,ASSESSMENT_ID,TRAINEE_ID) values (1088,to_timestamp('19-APR-17 05.31.19.793000000 PM','DD-MON-RR HH.MI.SSXFF AM'),90.9,2054,5351);
INSERT INTO CALIBER_GRADE (GRADE_ID,DATE_RECEIVED,SCORE,ASSESSMENT_ID,TRAINEE_ID) values (1089,to_timestamp('19-APR-17 05.31.22.826000000 PM','DD-MON-RR HH.MI.SSXFF AM'),86.15,2054,5357);
INSERT INTO CALIBER_GRADE (GRADE_ID,DATE_RECEIVED,SCORE,ASSESSMENT_ID,TRAINEE_ID) values (1090,to_timestamp('19-APR-17 05.31.26.774000000 PM','DD-MON-RR HH.MI.SSXFF AM'),92.31,2054,5353);
INSERT INTO CALIBER_GRADE (GRADE_ID,DATE_RECEIVED,SCORE,ASSESSMENT_ID,TRAINEE_ID) values (1103,to_timestamp('19-APR-17 05.37.30.775000000 PM','DD-MON-RR HH.MI.SSXFF AM'),96.49,2057,5354);
INSERT INTO CALIBER_GRADE (GRADE_ID,DATE_RECEIVED,SCORE,ASSESSMENT_ID,TRAINEE_ID) values (1104,to_timestamp('19-APR-17 05.37.42.286000000 PM','DD-MON-RR HH.MI.SSXFF AM'),99.12,2057,5350);
INSERT INTO CALIBER_GRADE (GRADE_ID,DATE_RECEIVED,SCORE,ASSESSMENT_ID,TRAINEE_ID) values (1105,to_timestamp('19-APR-17 05.37.47.891000000 PM','DD-MON-RR HH.MI.SSXFF AM'),92.28,2057,5355);
INSERT INTO CALIBER_GRADE (GRADE_ID,DATE_RECEIVED,SCORE,ASSESSMENT_ID,TRAINEE_ID) values (1106,to_timestamp('19-APR-17 05.37.53.017000000 PM','DD-MON-RR HH.MI.SSXFF AM'),84.56,2057,5352);
INSERT INTO CALIBER_GRADE (GRADE_ID,DATE_RECEIVED,SCORE,ASSESSMENT_ID,TRAINEE_ID) values (1107,to_timestamp('19-APR-17 05.37.58.831000000 PM','DD-MON-RR HH.MI.SSXFF AM'),88.95,2057,5351);
INSERT INTO CALIBER_GRADE (GRADE_ID,DATE_RECEIVED,SCORE,ASSESSMENT_ID,TRAINEE_ID) values (1108,to_timestamp('19-APR-17 05.38.05.550000000 PM','DD-MON-RR HH.MI.SSXFF AM'),98.25,2057,5353);
INSERT INTO CALIBER_GRADE (GRADE_ID,DATE_RECEIVED,SCORE,ASSESSMENT_ID,TRAINEE_ID) values (1166,to_timestamp('19-APR-17 05.51.42.701000000 PM','DD-MON-RR HH.MI.SSXFF AM'),93.27,2063,5400);
INSERT INTO CALIBER_GRADE (GRADE_ID,DATE_RECEIVED,SCORE,ASSESSMENT_ID,TRAINEE_ID) values (1167,to_timestamp('19-APR-17 05.51.47.464000000 PM','DD-MON-RR HH.MI.SSXFF AM'),72.23,2063,5454);
INSERT INTO CALIBER_GRADE (GRADE_ID,DATE_RECEIVED,SCORE,ASSESSMENT_ID,TRAINEE_ID) values (1168,to_timestamp('19-APR-17 05.51.51.207000000 PM','DD-MON-RR HH.MI.SSXFF AM'),71.46,2063,5360);
INSERT INTO CALIBER_GRADE (GRADE_ID,DATE_RECEIVED,SCORE,ASSESSMENT_ID,TRAINEE_ID) values (1169,to_timestamp('19-APR-17 05.51.55.696000000 PM','DD-MON-RR HH.MI.SSXFF AM'),70.27,2063,5362);
INSERT INTO CALIBER_GRADE (GRADE_ID,DATE_RECEIVED,SCORE,ASSESSMENT_ID,TRAINEE_ID) values (1170,to_timestamp('19-APR-17 05.51.59.145000000 PM','DD-MON-RR HH.MI.SSXFF AM'),80.77,2063,5363);
INSERT INTO CALIBER_GRADE (GRADE_ID,DATE_RECEIVED,SCORE,ASSESSMENT_ID,TRAINEE_ID) values (1171,to_timestamp('19-APR-17 05.52.02.279000000 PM','DD-MON-RR HH.MI.SSXFF AM'),72.5,2063,5401);
INSERT INTO CALIBER_GRADE (GRADE_ID,DATE_RECEIVED,SCORE,ASSESSMENT_ID,TRAINEE_ID) values (1172,to_timestamp('19-APR-17 05.52.06.130000000 PM','DD-MON-RR HH.MI.SSXFF AM'),77.5,2063,5361);
INSERT INTO CALIBER_GRADE (GRADE_ID,DATE_RECEIVED,SCORE,ASSESSMENT_ID,TRAINEE_ID) values (1173,to_timestamp('19-APR-17 05.52.08.599000000 PM','DD-MON-RR HH.MI.SSXFF AM'),75.5,2063,5453);
INSERT INTO CALIBER_GRADE (GRADE_ID,DATE_RECEIVED,SCORE,ASSESSMENT_ID,TRAINEE_ID) values (1174,to_timestamp('19-APR-17 05.52.12.860000000 PM','DD-MON-RR HH.MI.SSXFF AM'),74.5,2063,5402);
INSERT INTO CALIBER_GRADE (GRADE_ID,DATE_RECEIVED,SCORE,ASSESSMENT_ID,TRAINEE_ID) values (1175,to_timestamp('19-APR-17 05.52.22.824000000 PM','DD-MON-RR HH.MI.SSXFF AM'),94.23,2063,5455);
INSERT INTO CALIBER_GRADE (GRADE_ID,DATE_RECEIVED,SCORE,ASSESSMENT_ID,TRAINEE_ID) values (1176,to_timestamp('19-APR-17 05.52.58.619000000 PM','DD-MON-RR HH.MI.SSXFF AM'),73.68,2064,5400);
INSERT INTO CALIBER_GRADE (GRADE_ID,DATE_RECEIVED,SCORE,ASSESSMENT_ID,TRAINEE_ID) values (1177,to_timestamp('19-APR-17 05.53.01.995000000 PM','DD-MON-RR HH.MI.SSXFF AM'),73.68,2065,5400);
INSERT INTO CALIBER_GRADE (GRADE_ID,DATE_RECEIVED,SCORE,ASSESSMENT_ID,TRAINEE_ID) values (1178,to_timestamp('19-APR-17 05.53.02.805000000 PM','DD-MON-RR HH.MI.SSXFF AM'),0,2064,5454);
INSERT INTO CALIBER_GRADE (GRADE_ID,DATE_RECEIVED,SCORE,ASSESSMENT_ID,TRAINEE_ID) values (1179,to_timestamp('19-APR-17 05.53.02.973000000 PM','DD-MON-RR HH.MI.SSXFF AM'),0,2065,5454);
INSERT INTO CALIBER_GRADE (GRADE_ID,DATE_RECEIVED,SCORE,ASSESSMENT_ID,TRAINEE_ID) values (1180,to_timestamp('19-APR-17 05.53.06.377000000 PM','DD-MON-RR HH.MI.SSXFF AM'),71.05,2064,5360);
INSERT INTO CALIBER_GRADE (GRADE_ID,DATE_RECEIVED,SCORE,ASSESSMENT_ID,TRAINEE_ID) values (1181,to_timestamp('19-APR-17 05.53.07.711000000 PM','DD-MON-RR HH.MI.SSXFF AM'),71.05,2065,5360);
INSERT INTO CALIBER_GRADE (GRADE_ID,DATE_RECEIVED,SCORE,ASSESSMENT_ID,TRAINEE_ID) values (1182,to_timestamp('19-APR-17 05.53.13.604000000 PM','DD-MON-RR HH.MI.SSXFF AM'),0,2064,5362);
INSERT INTO CALIBER_GRADE (GRADE_ID,DATE_RECEIVED,SCORE,ASSESSMENT_ID,TRAINEE_ID) values (1195,to_timestamp('19-APR-17 05.57.15.992000000 PM','DD-MON-RR HH.MI.SSXFF AM'),51,2068,5459);
INSERT INTO CALIBER_GRADE (GRADE_ID,DATE_RECEIVED,SCORE,ASSESSMENT_ID,TRAINEE_ID) values (1196,to_timestamp('19-APR-17 05.57.18.258000000 PM','DD-MON-RR HH.MI.SSXFF AM'),100,2066,5459);
INSERT INTO CALIBER_GRADE (GRADE_ID,DATE_RECEIVED,SCORE,ASSESSMENT_ID,TRAINEE_ID) values (1197,to_timestamp('19-APR-17 05.57.22.747000000 PM','DD-MON-RR HH.MI.SSXFF AM'),78.57,2067,5459);
INSERT INTO CALIBER_GRADE (GRADE_ID,DATE_RECEIVED,SCORE,ASSESSMENT_ID,TRAINEE_ID) values (1198,to_timestamp('19-APR-17 05.57.27.487000000 PM','DD-MON-RR HH.MI.SSXFF AM'),54,2068,5467);
INSERT INTO CALIBER_GRADE (GRADE_ID,DATE_RECEIVED,SCORE,ASSESSMENT_ID,TRAINEE_ID) values (1199,to_timestamp('19-APR-17 05.57.34.693000000 PM','DD-MON-RR HH.MI.SSXFF AM'),90,2066,5467);
INSERT INTO CALIBER_GRADE (GRADE_ID,DATE_RECEIVED,SCORE,ASSESSMENT_ID,TRAINEE_ID) values (1200,to_timestamp('19-APR-17 05.57.36.624000000 PM','DD-MON-RR HH.MI.SSXFF AM'),73.21,2067,5467);
INSERT INTO CALIBER_GRADE (GRADE_ID,DATE_RECEIVED,SCORE,ASSESSMENT_ID,TRAINEE_ID) values (1201,to_timestamp('19-APR-17 05.57.43.652000000 PM','DD-MON-RR HH.MI.SSXFF AM'),49,2068,5457);
INSERT INTO CALIBER_GRADE (GRADE_ID,DATE_RECEIVED,SCORE,ASSESSMENT_ID,TRAINEE_ID) values (1202,to_timestamp('19-APR-17 05.57.50.300000000 PM','DD-MON-RR HH.MI.SSXFF AM'),100,2066,5457);
INSERT INTO CALIBER_GRADE (GRADE_ID,DATE_RECEIVED,SCORE,ASSESSMENT_ID,TRAINEE_ID) values (1203,to_timestamp('19-APR-17 05.57.51.570000000 PM','DD-MON-RR HH.MI.SSXFF AM'),71.43,2067,5457);
INSERT INTO CALIBER_GRADE (GRADE_ID,DATE_RECEIVED,SCORE,ASSESSMENT_ID,TRAINEE_ID) values (1204,to_timestamp('19-APR-17 05.58.15.221000000 PM','DD-MON-RR HH.MI.SSXFF AM'),33,2068,5469);
INSERT INTO CALIBER_GRADE (GRADE_ID,DATE_RECEIVED,SCORE,ASSESSMENT_ID,TRAINEE_ID) values (1205,to_timestamp('19-APR-17 05.58.16.282000000 PM','DD-MON-RR HH.MI.SSXFF AM'),71.43,2066,5469);
INSERT INTO CALIBER_GRADE (GRADE_ID,DATE_RECEIVED,SCORE,ASSESSMENT_ID,TRAINEE_ID) values (1206,to_timestamp('19-APR-17 05.58.12.449000000 PM','DD-MON-RR HH.MI.SSXFF AM'),100,2067,5469);
INSERT INTO CALIBER_GRADE (GRADE_ID,DATE_RECEIVED,SCORE,ASSESSMENT_ID,TRAINEE_ID) values (1207,to_timestamp('19-APR-17 05.58.19.837000000 PM','DD-MON-RR HH.MI.SSXFF AM'),50,2068,5462);
INSERT INTO CALIBER_GRADE (GRADE_ID,DATE_RECEIVED,SCORE,ASSESSMENT_ID,TRAINEE_ID) values (1208,to_timestamp('19-APR-17 05.58.26.153000000 PM','DD-MON-RR HH.MI.SSXFF AM'),90,2066,5462);
INSERT INTO CALIBER_GRADE (GRADE_ID,DATE_RECEIVED,SCORE,ASSESSMENT_ID,TRAINEE_ID) values (1209,to_timestamp('19-APR-17 05.58.28.210000000 PM','DD-MON-RR HH.MI.SSXFF AM'),80.36,2067,5462);
INSERT INTO CALIBER_GRADE (GRADE_ID,DATE_RECEIVED,SCORE,ASSESSMENT_ID,TRAINEE_ID) values (1210,to_timestamp('19-APR-17 05.58.36.459000000 PM','DD-MON-RR HH.MI.SSXFF AM'),50,2068,5470);
INSERT INTO CALIBER_GRADE (GRADE_ID,DATE_RECEIVED,SCORE,ASSESSMENT_ID,TRAINEE_ID) values (1211,to_timestamp('19-APR-17 05.58.37.019000000 PM','DD-MON-RR HH.MI.SSXFF AM'),90,2066,5470);
INSERT INTO CALIBER_GRADE (GRADE_ID,DATE_RECEIVED,SCORE,ASSESSMENT_ID,TRAINEE_ID) values (1212,to_timestamp('19-APR-17 05.58.37.758000000 PM','DD-MON-RR HH.MI.SSXFF AM'),75,2067,5470);
INSERT INTO CALIBER_GRADE (GRADE_ID,DATE_RECEIVED,SCORE,ASSESSMENT_ID,TRAINEE_ID) values (1213,to_timestamp('19-APR-17 05.58.42.265000000 PM','DD-MON-RR HH.MI.SSXFF AM'),0,2068,5501);
INSERT INTO CALIBER_GRADE (GRADE_ID,DATE_RECEIVED,SCORE,ASSESSMENT_ID,TRAINEE_ID) values (1214,to_timestamp('19-APR-17 05.58.54.514000000 PM','DD-MON-RR HH.MI.SSXFF AM'),49,2068,5463);
INSERT INTO CALIBER_GRADE (GRADE_ID,DATE_RECEIVED,SCORE,ASSESSMENT_ID,TRAINEE_ID) values (1215,to_timestamp('19-APR-17 05.58.55.262000000 PM','DD-MON-RR HH.MI.SSXFF AM'),80,2066,5463);
INSERT INTO CALIBER_GRADE (GRADE_ID,DATE_RECEIVED,SCORE,ASSESSMENT_ID,TRAINEE_ID) values (1216,to_timestamp('19-APR-17 05.58.56.299000000 PM','DD-MON-RR HH.MI.SSXFF AM'),80.36,2067,5463);
INSERT INTO CALIBER_GRADE (GRADE_ID,DATE_RECEIVED,SCORE,ASSESSMENT_ID,TRAINEE_ID) values (1217,to_timestamp('19-APR-17 05.59.13.258000000 PM','DD-MON-RR HH.MI.SSXFF AM'),46,2068,5466);
INSERT INTO CALIBER_GRADE (GRADE_ID,DATE_RECEIVED,SCORE,ASSESSMENT_ID,TRAINEE_ID) values (1218,to_timestamp('19-APR-17 05.59.15.260000000 PM','DD-MON-RR HH.MI.SSXFF AM'),90,2066,5466);
INSERT INTO CALIBER_GRADE (GRADE_ID,DATE_RECEIVED,SCORE,ASSESSMENT_ID,TRAINEE_ID) values (1219,to_timestamp('19-APR-17 05.59.15.399000000 PM','DD-MON-RR HH.MI.SSXFF AM'),71.43,2067,5466);
INSERT INTO CALIBER_GRADE (GRADE_ID,DATE_RECEIVED,SCORE,ASSESSMENT_ID,TRAINEE_ID) values (1220,to_timestamp('19-APR-17 05.59.20.585000000 PM','DD-MON-RR HH.MI.SSXFF AM'),73,2068,5461);
INSERT INTO CALIBER_GRADE (GRADE_ID,DATE_RECEIVED,SCORE,ASSESSMENT_ID,TRAINEE_ID) values (1221,to_timestamp('19-APR-17 05.59.22.261000000 PM','DD-MON-RR HH.MI.SSXFF AM'),80,2066,5461);
INSERT INTO CALIBER_GRADE (GRADE_ID,DATE_RECEIVED,SCORE,ASSESSMENT_ID,TRAINEE_ID) values (1222,to_timestamp('19-APR-17 05.59.23.897000000 PM','DD-MON-RR HH.MI.SSXFF AM'),91.07,2067,5461);
INSERT INTO CALIBER_GRADE (GRADE_ID,DATE_RECEIVED,SCORE,ASSESSMENT_ID,TRAINEE_ID) values (1223,to_timestamp('19-APR-17 05.59.28.901000000 PM','DD-MON-RR HH.MI.SSXFF AM'),50,2068,5468);
INSERT INTO CALIBER_GRADE (GRADE_ID,DATE_RECEIVED,SCORE,ASSESSMENT_ID,TRAINEE_ID) values (1224,to_timestamp('19-APR-17 05.59.33.921000000 PM','DD-MON-RR HH.MI.SSXFF AM'),80,2066,5468);
INSERT INTO CALIBER_GRADE (GRADE_ID,DATE_RECEIVED,SCORE,ASSESSMENT_ID,TRAINEE_ID) values (1225,to_timestamp('19-APR-17 05.59.35.983000000 PM','DD-MON-RR HH.MI.SSXFF AM'),78.57,2067,5468);
INSERT INTO CALIBER_GRADE (GRADE_ID,DATE_RECEIVED,SCORE,ASSESSMENT_ID,TRAINEE_ID) values (1226,to_timestamp('19-APR-17 05.59.39.402000000 PM','DD-MON-RR HH.MI.SSXFF AM'),44,2068,5500);
INSERT INTO CALIBER_GRADE (GRADE_ID,DATE_RECEIVED,SCORE,ASSESSMENT_ID,TRAINEE_ID) values (1227,to_timestamp('19-APR-17 05.59.42.358000000 PM','DD-MON-RR HH.MI.SSXFF AM'),40,2066,5500);
INSERT INTO CALIBER_GRADE (GRADE_ID,DATE_RECEIVED,SCORE,ASSESSMENT_ID,TRAINEE_ID) values (1228,to_timestamp('19-APR-17 05.59.48.230000000 PM','DD-MON-RR HH.MI.SSXFF AM'),58.93,2067,5500);
INSERT INTO CALIBER_GRADE (GRADE_ID,DATE_RECEIVED,SCORE,ASSESSMENT_ID,TRAINEE_ID) values (1229,to_timestamp('19-APR-17 05.59.51.518000000 PM','DD-MON-RR HH.MI.SSXFF AM'),73,2068,5456);
INSERT INTO CALIBER_GRADE (GRADE_ID,DATE_RECEIVED,SCORE,ASSESSMENT_ID,TRAINEE_ID) values (1230,to_timestamp('19-APR-17 05.59.54.887000000 PM','DD-MON-RR HH.MI.SSXFF AM'),90,2066,5456);
INSERT INTO CALIBER_GRADE (GRADE_ID,DATE_RECEIVED,SCORE,ASSESSMENT_ID,TRAINEE_ID) values (1231,to_timestamp('19-APR-17 05.59.56.522000000 PM','DD-MON-RR HH.MI.SSXFF AM'),82.14,2067,5456);
INSERT INTO CALIBER_GRADE (GRADE_ID,DATE_RECEIVED,SCORE,ASSESSMENT_ID,TRAINEE_ID) values (1232,to_timestamp('19-APR-17 06.00.02.812000000 PM','DD-MON-RR HH.MI.SSXFF AM'),57,2068,5464);
INSERT INTO CALIBER_GRADE (GRADE_ID,DATE_RECEIVED,SCORE,ASSESSMENT_ID,TRAINEE_ID) values (1233,to_timestamp('19-APR-17 06.00.04.746000000 PM','DD-MON-RR HH.MI.SSXFF AM'),100,2066,5464);
INSERT INTO CALIBER_GRADE (GRADE_ID,DATE_RECEIVED,SCORE,ASSESSMENT_ID,TRAINEE_ID) values (1234,to_timestamp('19-APR-17 06.00.06.320000000 PM','DD-MON-RR HH.MI.SSXFF AM'),91.07,2067,5464);
INSERT INTO CALIBER_GRADE (GRADE_ID,DATE_RECEIVED,SCORE,ASSESSMENT_ID,TRAINEE_ID) values (1235,to_timestamp('19-APR-17 06.00.11.933000000 PM','DD-MON-RR HH.MI.SSXFF AM'),44,2068,5471);
INSERT INTO CALIBER_GRADE (GRADE_ID,DATE_RECEIVED,SCORE,ASSESSMENT_ID,TRAINEE_ID) values (1236,to_timestamp('19-APR-17 06.00.14.291000000 PM','DD-MON-RR HH.MI.SSXFF AM'),58.93,2066,5471);
INSERT INTO CALIBER_GRADE (GRADE_ID,DATE_RECEIVED,SCORE,ASSESSMENT_ID,TRAINEE_ID) values (1237,to_timestamp('19-APR-17 06.00.15.969000000 PM','DD-MON-RR HH.MI.SSXFF AM'),50,2067,5471);
INSERT INTO CALIBER_GRADE (GRADE_ID,DATE_RECEIVED,SCORE,ASSESSMENT_ID,TRAINEE_ID) values (1238,to_timestamp('19-APR-17 06.00.20.584000000 PM','DD-MON-RR HH.MI.SSXFF AM'),71,2068,5458);
INSERT INTO CALIBER_GRADE (GRADE_ID,DATE_RECEIVED,SCORE,ASSESSMENT_ID,TRAINEE_ID) values (1240,to_timestamp('19-APR-17 06.00.23.143000000 PM','DD-MON-RR HH.MI.SSXFF AM'),90,2066,5458);
INSERT INTO CALIBER_GRADE (GRADE_ID,DATE_RECEIVED,SCORE,ASSESSMENT_ID,TRAINEE_ID) values (1241,to_timestamp('19-APR-17 06.00.26.485000000 PM','DD-MON-RR HH.MI.SSXFF AM'),83.93,2067,5458);
INSERT INTO CALIBER_GRADE (GRADE_ID,DATE_RECEIVED,SCORE,ASSESSMENT_ID,TRAINEE_ID) values (1242,to_timestamp('19-APR-17 06.00.31.385000000 PM','DD-MON-RR HH.MI.SSXFF AM'),63,2068,5465);
INSERT INTO CALIBER_GRADE (GRADE_ID,DATE_RECEIVED,SCORE,ASSESSMENT_ID,TRAINEE_ID) values (1244,to_timestamp('19-APR-17 06.00.34.040000000 PM','DD-MON-RR HH.MI.SSXFF AM'),75,2067,5465);
INSERT INTO CALIBER_GRADE (GRADE_ID,DATE_RECEIVED,SCORE,ASSESSMENT_ID,TRAINEE_ID) values (1245,to_timestamp('19-APR-17 06.00.37.533000000 PM','DD-MON-RR HH.MI.SSXFF AM'),0,2068,5472);
INSERT INTO CALIBER_GRADE (GRADE_ID,DATE_RECEIVED,SCORE,ASSESSMENT_ID,TRAINEE_ID) values (1285,to_timestamp('19-APR-17 06.06.51.906000000 PM','DD-MON-RR HH.MI.SSXFF AM'),100,2069,5465);
INSERT INTO CALIBER_GRADE (GRADE_ID,DATE_RECEIVED,SCORE,ASSESSMENT_ID,TRAINEE_ID) values (1286,to_timestamp('19-APR-17 06.06.57.022000000 PM','DD-MON-RR HH.MI.SSXFF AM'),0,2070,5502);
INSERT INTO CALIBER_GRADE (GRADE_ID,DATE_RECEIVED,SCORE,ASSESSMENT_ID,TRAINEE_ID) values (2065,to_timestamp('19-APR-17 06.20.50.484000000 PM','DD-MON-RR HH.MI.SSXFF AM'),87,2068,5540);
INSERT INTO CALIBER_GRADE (GRADE_ID,DATE_RECEIVED,SCORE,ASSESSMENT_ID,TRAINEE_ID) values (2066,to_timestamp('19-APR-17 06.20.52.606000000 PM','DD-MON-RR HH.MI.SSXFF AM'),100,2066,5540);
INSERT INTO CALIBER_GRADE (GRADE_ID,DATE_RECEIVED,SCORE,ASSESSMENT_ID,TRAINEE_ID) values (2067,to_timestamp('19-APR-17 06.21.01.723000000 PM','DD-MON-RR HH.MI.SSXFF AM'),96.43,2067,5540);
INSERT INTO CALIBER_GRADE (GRADE_ID,DATE_RECEIVED,SCORE,ASSESSMENT_ID,TRAINEE_ID) values (2070,to_timestamp('19-APR-17 06.21.52.556000000 PM','DD-MON-RR HH.MI.SSXFF AM'),100,2073,5466);
INSERT INTO CALIBER_GRADE (GRADE_ID,DATE_RECEIVED,SCORE,ASSESSMENT_ID,TRAINEE_ID) values (2071,to_timestamp('19-APR-17 06.21.55.011000000 PM','DD-MON-RR HH.MI.SSXFF AM'),71.43,2071,5466);
INSERT INTO CALIBER_GRADE (GRADE_ID,DATE_RECEIVED,SCORE,ASSESSMENT_ID,TRAINEE_ID) values (2072,to_timestamp('19-APR-17 06.21.55.608000000 PM','DD-MON-RR HH.MI.SSXFF AM'),90,2072,5466);
INSERT INTO CALIBER_GRADE (GRADE_ID,DATE_RECEIVED,SCORE,ASSESSMENT_ID,TRAINEE_ID) values (2073,to_timestamp('19-APR-17 06.21.57.888000000 PM','DD-MON-RR HH.MI.SSXFF AM'),75,2073,5470);
INSERT INTO CALIBER_GRADE (GRADE_ID,DATE_RECEIVED,SCORE,ASSESSMENT_ID,TRAINEE_ID) values (2074,to_timestamp('19-APR-17 06.21.59.077000000 PM','DD-MON-RR HH.MI.SSXFF AM'),77.78,2071,5470);
INSERT INTO CALIBER_GRADE (GRADE_ID,DATE_RECEIVED,SCORE,ASSESSMENT_ID,TRAINEE_ID) values (2075,to_timestamp('19-APR-17 06.21.59.822000000 PM','DD-MON-RR HH.MI.SSXFF AM'),60,2072,5470);
INSERT INTO CALIBER_GRADE (GRADE_ID,DATE_RECEIVED,SCORE,ASSESSMENT_ID,TRAINEE_ID) values (2076,to_timestamp('19-APR-17 06.22.02.624000000 PM','DD-MON-RR HH.MI.SSXFF AM'),75,2073,5469);
INSERT INTO CALIBER_GRADE (GRADE_ID,DATE_RECEIVED,SCORE,ASSESSMENT_ID,TRAINEE_ID) values (2077,to_timestamp('19-APR-17 06.22.04.143000000 PM','DD-MON-RR HH.MI.SSXFF AM'),79.37,2071,5469);
INSERT INTO CALIBER_GRADE (GRADE_ID,DATE_RECEIVED,SCORE,ASSESSMENT_ID,TRAINEE_ID) values (2078,to_timestamp('19-APR-17 06.22.04.656000000 PM','DD-MON-RR HH.MI.SSXFF AM'),80,2072,5469);
INSERT INTO CALIBER_GRADE (GRADE_ID,DATE_RECEIVED,SCORE,ASSESSMENT_ID,TRAINEE_ID) values (2079,to_timestamp('19-APR-17 06.22.07.496000000 PM','DD-MON-RR HH.MI.SSXFF AM'),100,2073,5467);
INSERT INTO CALIBER_GRADE (GRADE_ID,DATE_RECEIVED,SCORE,ASSESSMENT_ID,TRAINEE_ID) values (2080,to_timestamp('19-APR-17 06.22.08.508000000 PM','DD-MON-RR HH.MI.SSXFF AM'),77.78,2071,5467);
INSERT INTO CALIBER_GRADE (GRADE_ID,DATE_RECEIVED,SCORE,ASSESSMENT_ID,TRAINEE_ID) values (2081,to_timestamp('19-APR-17 06.22.09.449000000 PM','DD-MON-RR HH.MI.SSXFF AM'),100,2072,5467);
INSERT INTO CALIBER_GRADE (GRADE_ID,DATE_RECEIVED,SCORE,ASSESSMENT_ID,TRAINEE_ID) values (2082,to_timestamp('19-APR-17 06.22.12.195000000 PM','DD-MON-RR HH.MI.SSXFF AM'),50,2073,5468);
INSERT INTO CALIBER_GRADE (GRADE_ID,DATE_RECEIVED,SCORE,ASSESSMENT_ID,TRAINEE_ID) values (2083,to_timestamp('19-APR-17 06.22.14.701000000 PM','DD-MON-RR HH.MI.SSXFF AM'),92.06,2071,5468);
INSERT INTO CALIBER_GRADE (GRADE_ID,DATE_RECEIVED,SCORE,ASSESSMENT_ID,TRAINEE_ID) values (2084,to_timestamp('19-APR-17 06.22.15.335000000 PM','DD-MON-RR HH.MI.SSXFF AM'),90,2072,5468);
INSERT INTO CALIBER_GRADE (GRADE_ID,DATE_RECEIVED,SCORE,ASSESSMENT_ID,TRAINEE_ID) values (2085,to_timestamp('19-APR-17 06.22.19.998000000 PM','DD-MON-RR HH.MI.SSXFF AM'),75,2073,5459);
INSERT INTO CALIBER_GRADE (GRADE_ID,DATE_RECEIVED,SCORE,ASSESSMENT_ID,TRAINEE_ID) values (2086,to_timestamp('19-APR-17 06.22.22.300000000 PM','DD-MON-RR HH.MI.SSXFF AM'),73.02,2071,5459);
INSERT INTO CALIBER_GRADE (GRADE_ID,DATE_RECEIVED,SCORE,ASSESSMENT_ID,TRAINEE_ID) values (2087,to_timestamp('19-APR-17 06.22.23.241000000 PM','DD-MON-RR HH.MI.SSXFF AM'),90,2072,5459);
INSERT INTO CALIBER_GRADE (GRADE_ID,DATE_RECEIVED,SCORE,ASSESSMENT_ID,TRAINEE_ID) values (2088,to_timestamp('19-APR-17 06.22.25.744000000 PM','DD-MON-RR HH.MI.SSXFF AM'),100,2073,5464);
INSERT INTO CALIBER_GRADE (GRADE_ID,DATE_RECEIVED,SCORE,ASSESSMENT_ID,TRAINEE_ID) values (2089,to_timestamp('19-APR-17 06.22.26.962000000 PM','DD-MON-RR HH.MI.SSXFF AM'),82.54,2071,5464);
INSERT INTO CALIBER_GRADE (GRADE_ID,DATE_RECEIVED,SCORE,ASSESSMENT_ID,TRAINEE_ID) values (2090,to_timestamp('19-APR-17 06.22.27.736000000 PM','DD-MON-RR HH.MI.SSXFF AM'),100,2072,5464);
INSERT INTO CALIBER_GRADE (GRADE_ID,DATE_RECEIVED,SCORE,ASSESSMENT_ID,TRAINEE_ID) values (2091,to_timestamp('19-APR-17 06.22.30.311000000 PM','DD-MON-RR HH.MI.SSXFF AM'),100,2073,5462);
INSERT INTO CALIBER_GRADE (GRADE_ID,DATE_RECEIVED,SCORE,ASSESSMENT_ID,TRAINEE_ID) values (2092,to_timestamp('19-APR-17 06.22.31.697000000 PM','DD-MON-RR HH.MI.SSXFF AM'),88.89,2071,5462);
INSERT INTO CALIBER_GRADE (GRADE_ID,DATE_RECEIVED,SCORE,ASSESSMENT_ID,TRAINEE_ID) values (2093,to_timestamp('19-APR-17 06.22.32.982000000 PM','DD-MON-RR HH.MI.SSXFF AM'),90,2072,5462);
INSERT INTO CALIBER_GRADE (GRADE_ID,DATE_RECEIVED,SCORE,ASSESSMENT_ID,TRAINEE_ID) values (2094,to_timestamp('19-APR-17 06.22.35.364000000 PM','DD-MON-RR HH.MI.SSXFF AM'),100,2073,5540);
INSERT INTO CALIBER_GRADE (GRADE_ID,DATE_RECEIVED,SCORE,ASSESSMENT_ID,TRAINEE_ID) values (2095,to_timestamp('19-APR-17 06.22.36.976000000 PM','DD-MON-RR HH.MI.SSXFF AM'),95.24,2071,5540);
INSERT INTO CALIBER_GRADE (GRADE_ID,DATE_RECEIVED,SCORE,ASSESSMENT_ID,TRAINEE_ID) values (2096,to_timestamp('19-APR-17 06.22.37.935000000 PM','DD-MON-RR HH.MI.SSXFF AM'),100,2072,5540);
INSERT INTO CALIBER_GRADE (GRADE_ID,DATE_RECEIVED,SCORE,ASSESSMENT_ID,TRAINEE_ID) values (2097,to_timestamp('19-APR-17 06.24.36.187000000 PM','DD-MON-RR HH.MI.SSXFF AM'),90,2074,5463);
INSERT INTO CALIBER_GRADE (GRADE_ID,DATE_RECEIVED,SCORE,ASSESSMENT_ID,TRAINEE_ID) values (2098,to_timestamp('19-APR-17 06.24.38.980000000 PM','DD-MON-RR HH.MI.SSXFF AM'),80,2076,5463);
INSERT INTO CALIBER_GRADE (GRADE_ID,DATE_RECEIVED,SCORE,ASSESSMENT_ID,TRAINEE_ID) values (2099,to_timestamp('19-APR-17 06.24.40.660000000 PM','DD-MON-RR HH.MI.SSXFF AM'),67.86,2075,5463);
INSERT INTO CALIBER_GRADE (GRADE_ID,DATE_RECEIVED,SCORE,ASSESSMENT_ID,TRAINEE_ID) values (2100,to_timestamp('19-APR-17 06.24.45.068000000 PM','DD-MON-RR HH.MI.SSXFF AM'),90,2074,5473);
INSERT INTO CALIBER_GRADE (GRADE_ID,DATE_RECEIVED,SCORE,ASSESSMENT_ID,TRAINEE_ID) values (2101,to_timestamp('19-APR-17 06.24.47.568000000 PM','DD-MON-RR HH.MI.SSXFF AM'),30,2076,5473);
INSERT INTO CALIBER_GRADE (GRADE_ID,DATE_RECEIVED,SCORE,ASSESSMENT_ID,TRAINEE_ID) values (2102,to_timestamp('19-APR-17 06.24.49.916000000 PM','DD-MON-RR HH.MI.SSXFF AM'),85.71,2075,5473);
INSERT INTO CALIBER_GRADE (GRADE_ID,DATE_RECEIVED,SCORE,ASSESSMENT_ID,TRAINEE_ID) values (2103,to_timestamp('19-APR-17 06.24.54.044000000 PM','DD-MON-RR HH.MI.SSXFF AM'),90,2074,5461);
INSERT INTO CALIBER_GRADE (GRADE_ID,DATE_RECEIVED,SCORE,ASSESSMENT_ID,TRAINEE_ID) values (2104,to_timestamp('19-APR-17 06.24.55.628000000 PM','DD-MON-RR HH.MI.SSXFF AM'),90,2076,5461);
INSERT INTO CALIBER_GRADE (GRADE_ID,DATE_RECEIVED,SCORE,ASSESSMENT_ID,TRAINEE_ID) values (2105,to_timestamp('19-APR-17 06.24.57.299000000 PM','DD-MON-RR HH.MI.SSXFF AM'),82.14,2075,5461);
INSERT INTO CALIBER_GRADE (GRADE_ID,DATE_RECEIVED,SCORE,ASSESSMENT_ID,TRAINEE_ID) values (2106,to_timestamp('19-APR-17 06.25.00.463000000 PM','DD-MON-RR HH.MI.SSXFF AM'),90,2074,5457);
INSERT INTO CALIBER_GRADE (GRADE_ID,DATE_RECEIVED,SCORE,ASSESSMENT_ID,TRAINEE_ID) values (2107,to_timestamp('19-APR-17 06.25.01.024000000 PM','DD-MON-RR HH.MI.SSXFF AM'),50,2076,5457);
INSERT INTO CALIBER_GRADE (GRADE_ID,DATE_RECEIVED,SCORE,ASSESSMENT_ID,TRAINEE_ID) values (2108,to_timestamp('19-APR-17 06.25.01.615000000 PM','DD-MON-RR HH.MI.SSXFF AM'),75,2075,5457);
INSERT INTO CALIBER_GRADE (GRADE_ID,DATE_RECEIVED,SCORE,ASSESSMENT_ID,TRAINEE_ID) values (2109,to_timestamp('19-APR-17 06.25.03.818000000 PM','DD-MON-RR HH.MI.SSXFF AM'),90,2074,5460);
INSERT INTO CALIBER_GRADE (GRADE_ID,DATE_RECEIVED,SCORE,ASSESSMENT_ID,TRAINEE_ID) values (2110,to_timestamp('19-APR-17 06.25.05.108000000 PM','DD-MON-RR HH.MI.SSXFF AM'),100,2076,5460);
INSERT INTO CALIBER_GRADE (GRADE_ID,DATE_RECEIVED,SCORE,ASSESSMENT_ID,TRAINEE_ID) values (2111,to_timestamp('19-APR-17 06.25.06.390000000 PM','DD-MON-RR HH.MI.SSXFF AM'),89.29,2075,5460);
INSERT INTO CALIBER_GRADE (GRADE_ID,DATE_RECEIVED,SCORE,ASSESSMENT_ID,TRAINEE_ID) values (2112,to_timestamp('19-APR-17 06.25.08.939000000 PM','DD-MON-RR HH.MI.SSXFF AM'),100,2074,5456);
INSERT INTO CALIBER_GRADE (GRADE_ID,DATE_RECEIVED,SCORE,ASSESSMENT_ID,TRAINEE_ID) values (2113,to_timestamp('19-APR-17 06.25.12.695000000 PM','DD-MON-RR HH.MI.SSXFF AM'),100,2076,5456);
INSERT INTO CALIBER_GRADE (GRADE_ID,DATE_RECEIVED,SCORE,ASSESSMENT_ID,TRAINEE_ID) values (2114,to_timestamp('19-APR-17 06.25.16.494000000 PM','DD-MON-RR HH.MI.SSXFF AM'),60.71,2075,5456);
INSERT INTO CALIBER_GRADE (GRADE_ID,DATE_RECEIVED,SCORE,ASSESSMENT_ID,TRAINEE_ID) values (2115,to_timestamp('19-APR-17 06.25.20.207000000 PM','DD-MON-RR HH.MI.SSXFF AM'),70,2074,5458);
INSERT INTO CALIBER_GRADE (GRADE_ID,DATE_RECEIVED,SCORE,ASSESSMENT_ID,TRAINEE_ID) values (2116,to_timestamp('19-APR-17 06.25.21.899000000 PM','DD-MON-RR HH.MI.SSXFF AM'),90,2076,5458);
INSERT INTO CALIBER_GRADE (GRADE_ID,DATE_RECEIVED,SCORE,ASSESSMENT_ID,TRAINEE_ID) values (2117,to_timestamp('19-APR-17 06.25.23.559000000 PM','DD-MON-RR HH.MI.SSXFF AM'),100,2075,5458);
INSERT INTO CALIBER_GRADE (GRADE_ID,DATE_RECEIVED,SCORE,ASSESSMENT_ID,TRAINEE_ID) values (2118,to_timestamp('19-APR-17 06.25.29.069000000 PM','DD-MON-RR HH.MI.SSXFF AM'),90,2074,5465);
INSERT INTO CALIBER_GRADE (GRADE_ID,DATE_RECEIVED,SCORE,ASSESSMENT_ID,TRAINEE_ID) values (2119,to_timestamp('19-APR-17 06.25.31.025000000 PM','DD-MON-RR HH.MI.SSXFF AM'),70,2076,5465);
INSERT INTO CALIBER_GRADE (GRADE_ID,DATE_RECEIVED,SCORE,ASSESSMENT_ID,TRAINEE_ID) values (2120,to_timestamp('19-APR-17 06.25.31.547000000 PM','DD-MON-RR HH.MI.SSXFF AM'),75,2075,5465);
INSERT INTO CALIBER_GRADE (GRADE_ID,DATE_RECEIVED,SCORE,ASSESSMENT_ID,TRAINEE_ID) values (2121,to_timestamp('19-APR-17 06.25.36.261000000 PM','DD-MON-RR HH.MI.SSXFF AM'),80,2074,5466);
INSERT INTO CALIBER_GRADE (GRADE_ID,DATE_RECEIVED,SCORE,ASSESSMENT_ID,TRAINEE_ID) values (2122,to_timestamp('19-APR-17 06.25.36.860000000 PM','DD-MON-RR HH.MI.SSXFF AM'),100,2076,5466);
INSERT INTO CALIBER_GRADE (GRADE_ID,DATE_RECEIVED,SCORE,ASSESSMENT_ID,TRAINEE_ID) values (2123,to_timestamp('19-APR-17 06.25.38.627000000 PM','DD-MON-RR HH.MI.SSXFF AM'),67.86,2075,5466);
INSERT INTO CALIBER_GRADE (GRADE_ID,DATE_RECEIVED,SCORE,ASSESSMENT_ID,TRAINEE_ID) values (2124,to_timestamp('19-APR-17 06.25.40.739000000 PM','DD-MON-RR HH.MI.SSXFF AM'),0,2074,5470);
INSERT INTO CALIBER_GRADE (GRADE_ID,DATE_RECEIVED,SCORE,ASSESSMENT_ID,TRAINEE_ID) values (2125,to_timestamp('19-APR-17 06.25.40.928000000 PM','DD-MON-RR HH.MI.SSXFF AM'),0,2076,5470);
INSERT INTO CALIBER_GRADE (GRADE_ID,DATE_RECEIVED,SCORE,ASSESSMENT_ID,TRAINEE_ID) values (2126,to_timestamp('19-APR-17 06.25.41.106000000 PM','DD-MON-RR HH.MI.SSXFF AM'),0,2075,5470);
INSERT INTO CALIBER_GRADE (GRADE_ID,DATE_RECEIVED,SCORE,ASSESSMENT_ID,TRAINEE_ID) values (2127,to_timestamp('19-APR-17 06.25.48.151000000 PM','DD-MON-RR HH.MI.SSXFF AM'),60,2074,5469);
INSERT INTO CALIBER_GRADE (GRADE_ID,DATE_RECEIVED,SCORE,ASSESSMENT_ID,TRAINEE_ID) values (2128,to_timestamp('19-APR-17 06.25.51.556000000 PM','DD-MON-RR HH.MI.SSXFF AM'),60,2076,5469);
INSERT INTO CALIBER_GRADE (GRADE_ID,DATE_RECEIVED,SCORE,ASSESSMENT_ID,TRAINEE_ID) values (2129,to_timestamp('19-APR-17 06.25.52.343000000 PM','DD-MON-RR HH.MI.SSXFF AM'),50,2075,5469);
INSERT INTO CALIBER_GRADE (GRADE_ID,DATE_RECEIVED,SCORE,ASSESSMENT_ID,TRAINEE_ID) values (2130,to_timestamp('19-APR-17 06.25.57.949000000 PM','DD-MON-RR HH.MI.SSXFF AM'),100,2074,5467);
INSERT INTO CALIBER_GRADE (GRADE_ID,DATE_RECEIVED,SCORE,ASSESSMENT_ID,TRAINEE_ID) values (2131,to_timestamp('19-APR-17 06.25.59.813000000 PM','DD-MON-RR HH.MI.SSXFF AM'),50,2076,5467);
INSERT INTO CALIBER_GRADE (GRADE_ID,DATE_RECEIVED,SCORE,ASSESSMENT_ID,TRAINEE_ID) values (2132,to_timestamp('19-APR-17 06.26.04.488000000 PM','DD-MON-RR HH.MI.SSXFF AM'),82.14,2075,5467);
INSERT INTO CALIBER_GRADE (GRADE_ID,DATE_RECEIVED,SCORE,ASSESSMENT_ID,TRAINEE_ID) values (2133,to_timestamp('19-APR-17 06.26.09.734000000 PM','DD-MON-RR HH.MI.SSXFF AM'),100,2074,5468);
INSERT INTO CALIBER_GRADE (GRADE_ID,DATE_RECEIVED,SCORE,ASSESSMENT_ID,TRAINEE_ID) values (2134,to_timestamp('19-APR-17 06.26.10.995000000 PM','DD-MON-RR HH.MI.SSXFF AM'),60,2076,5468);
INSERT INTO CALIBER_GRADE (GRADE_ID,DATE_RECEIVED,SCORE,ASSESSMENT_ID,TRAINEE_ID) values (2135,to_timestamp('19-APR-17 06.27.24.484000000 PM','DD-MON-RR HH.MI.SSXFF AM'),85.71,2075,5468);
INSERT INTO CALIBER_GRADE (GRADE_ID,DATE_RECEIVED,SCORE,ASSESSMENT_ID,TRAINEE_ID) values (2136,to_timestamp('19-APR-17 06.27.33.490000000 PM','DD-MON-RR HH.MI.SSXFF AM'),100,2074,5459);
INSERT INTO CALIBER_GRADE (GRADE_ID,DATE_RECEIVED,SCORE,ASSESSMENT_ID,TRAINEE_ID) values (2137,to_timestamp('19-APR-17 06.27.33.831000000 PM','DD-MON-RR HH.MI.SSXFF AM'),90,2076,5459);
INSERT INTO CALIBER_GRADE (GRADE_ID,DATE_RECEIVED,SCORE,ASSESSMENT_ID,TRAINEE_ID) values (2138,to_timestamp('19-APR-17 06.27.35.216000000 PM','DD-MON-RR HH.MI.SSXFF AM'),85.71,2075,5459);
INSERT INTO CALIBER_GRADE (GRADE_ID,DATE_RECEIVED,SCORE,ASSESSMENT_ID,TRAINEE_ID) values (2139,to_timestamp('19-APR-17 06.27.39.385000000 PM','DD-MON-RR HH.MI.SSXFF AM'),100,2074,5464);
INSERT INTO CALIBER_GRADE (GRADE_ID,DATE_RECEIVED,SCORE,ASSESSMENT_ID,TRAINEE_ID) values (2140,to_timestamp('19-APR-17 06.27.39.736000000 PM','DD-MON-RR HH.MI.SSXFF AM'),90,2076,5464);
INSERT INTO CALIBER_GRADE (GRADE_ID,DATE_RECEIVED,SCORE,ASSESSMENT_ID,TRAINEE_ID) values (2141,to_timestamp('19-APR-17 06.27.41.392000000 PM','DD-MON-RR HH.MI.SSXFF AM'),82.14,2075,5464);
INSERT INTO CALIBER_GRADE (GRADE_ID,DATE_RECEIVED,SCORE,ASSESSMENT_ID,TRAINEE_ID) values (2142,to_timestamp('19-APR-17 06.27.45.589000000 PM','DD-MON-RR HH.MI.SSXFF AM'),80,2074,5462);
INSERT INTO CALIBER_GRADE (GRADE_ID,DATE_RECEIVED,SCORE,ASSESSMENT_ID,TRAINEE_ID) values (2143,to_timestamp('19-APR-17 06.27.46.094000000 PM','DD-MON-RR HH.MI.SSXFF AM'),80,2076,5462);
INSERT INTO CALIBER_GRADE (GRADE_ID,DATE_RECEIVED,SCORE,ASSESSMENT_ID,TRAINEE_ID) values (2144,to_timestamp('19-APR-17 06.27.47.833000000 PM','DD-MON-RR HH.MI.SSXFF AM'),82.14,2075,5462);
INSERT INTO CALIBER_GRADE (GRADE_ID,DATE_RECEIVED,SCORE,ASSESSMENT_ID,TRAINEE_ID) values (2145,to_timestamp('19-APR-17 06.27.51.060000000 PM','DD-MON-RR HH.MI.SSXFF AM'),100,2074,5540);
INSERT INTO CALIBER_GRADE (GRADE_ID,DATE_RECEIVED,SCORE,ASSESSMENT_ID,TRAINEE_ID) values (2146,to_timestamp('19-APR-17 06.27.51.505000000 PM','DD-MON-RR HH.MI.SSXFF AM'),90,2076,5540);
INSERT INTO CALIBER_GRADE (GRADE_ID,DATE_RECEIVED,SCORE,ASSESSMENT_ID,TRAINEE_ID) values (2147,to_timestamp('19-APR-17 06.27.53.247000000 PM','DD-MON-RR HH.MI.SSXFF AM'),85.71,2075,5540);
INSERT INTO CALIBER_GRADE (GRADE_ID,DATE_RECEIVED,SCORE,ASSESSMENT_ID,TRAINEE_ID) values (2152,to_timestamp('19-APR-17 06.31.13.732000000 PM','DD-MON-RR HH.MI.SSXFF AM'),90,2078,5461);
INSERT INTO CALIBER_GRADE (GRADE_ID,DATE_RECEIVED,SCORE,ASSESSMENT_ID,TRAINEE_ID) values (2153,to_timestamp('19-APR-17 06.31.14.759000000 PM','DD-MON-RR HH.MI.SSXFF AM'),100,2079,5461);
INSERT INTO CALIBER_GRADE (GRADE_ID,DATE_RECEIVED,SCORE,ASSESSMENT_ID,TRAINEE_ID) values (2154,to_timestamp('19-APR-17 06.31.15.987000000 PM','DD-MON-RR HH.MI.SSXFF AM'),83.75,2077,5461);
INSERT INTO CALIBER_GRADE (GRADE_ID,DATE_RECEIVED,SCORE,ASSESSMENT_ID,TRAINEE_ID) values (2155,to_timestamp('19-APR-17 06.31.18.363000000 PM','DD-MON-RR HH.MI.SSXFF AM'),80,2078,5457);
INSERT INTO CALIBER_GRADE (GRADE_ID,DATE_RECEIVED,SCORE,ASSESSMENT_ID,TRAINEE_ID) values (2156,to_timestamp('19-APR-17 06.31.18.993000000 PM','DD-MON-RR HH.MI.SSXFF AM'),100,2079,5457);
INSERT INTO CALIBER_GRADE (GRADE_ID,DATE_RECEIVED,SCORE,ASSESSMENT_ID,TRAINEE_ID) values (2157,to_timestamp('19-APR-17 06.31.20.516000000 PM','DD-MON-RR HH.MI.SSXFF AM'),83.75,2077,5457);
INSERT INTO CALIBER_GRADE (GRADE_ID,DATE_RECEIVED,SCORE,ASSESSMENT_ID,TRAINEE_ID) values (2158,to_timestamp('19-APR-17 06.31.23.335000000 PM','DD-MON-RR HH.MI.SSXFF AM'),70,2078,5460);
INSERT INTO CALIBER_GRADE (GRADE_ID,DATE_RECEIVED,SCORE,ASSESSMENT_ID,TRAINEE_ID) values (2159,to_timestamp('19-APR-17 06.31.23.938000000 PM','DD-MON-RR HH.MI.SSXFF AM'),100,2079,5460);
INSERT INTO CALIBER_GRADE (GRADE_ID,DATE_RECEIVED,SCORE,ASSESSMENT_ID,TRAINEE_ID) values (2160,to_timestamp('19-APR-17 06.31.25.287000000 PM','DD-MON-RR HH.MI.SSXFF AM'),78.75,2077,5460);
INSERT INTO CALIBER_GRADE (GRADE_ID,DATE_RECEIVED,SCORE,ASSESSMENT_ID,TRAINEE_ID) values (2161,to_timestamp('19-APR-17 06.31.27.636000000 PM','DD-MON-RR HH.MI.SSXFF AM'),100,2078,5456);
INSERT INTO CALIBER_GRADE (GRADE_ID,DATE_RECEIVED,SCORE,ASSESSMENT_ID,TRAINEE_ID) values (2162,to_timestamp('19-APR-17 06.31.29.472000000 PM','DD-MON-RR HH.MI.SSXFF AM'),110,2079,5456);
INSERT INTO CALIBER_GRADE (GRADE_ID,DATE_RECEIVED,SCORE,ASSESSMENT_ID,TRAINEE_ID) values (2163,to_timestamp('19-APR-17 06.31.31.176000000 PM','DD-MON-RR HH.MI.SSXFF AM'),78.75,2077,5456);
INSERT INTO CALIBER_GRADE (GRADE_ID,DATE_RECEIVED,SCORE,ASSESSMENT_ID,TRAINEE_ID) values (2164,to_timestamp('19-APR-17 06.31.36.889000000 PM','DD-MON-RR HH.MI.SSXFF AM'),100,2078,5458);
INSERT INTO CALIBER_GRADE (GRADE_ID,DATE_RECEIVED,SCORE,ASSESSMENT_ID,TRAINEE_ID) values (2165,to_timestamp('19-APR-17 06.31.37.956000000 PM','DD-MON-RR HH.MI.SSXFF AM'),100,2079,5458);
INSERT INTO CALIBER_GRADE (GRADE_ID,DATE_RECEIVED,SCORE,ASSESSMENT_ID,TRAINEE_ID) values (2166,to_timestamp('19-APR-17 06.31.39.401000000 PM','DD-MON-RR HH.MI.SSXFF AM'),96.25,2077,5458);
INSERT INTO CALIBER_GRADE (GRADE_ID,DATE_RECEIVED,SCORE,ASSESSMENT_ID,TRAINEE_ID) values (2167,to_timestamp('19-APR-17 06.31.43.489000000 PM','DD-MON-RR HH.MI.SSXFF AM'),80,2078,5465);
INSERT INTO CALIBER_GRADE (GRADE_ID,DATE_RECEIVED,SCORE,ASSESSMENT_ID,TRAINEE_ID) values (2168,to_timestamp('19-APR-17 06.31.43.963000000 PM','DD-MON-RR HH.MI.SSXFF AM'),90,2079,5465);
INSERT INTO CALIBER_GRADE (GRADE_ID,DATE_RECEIVED,SCORE,ASSESSMENT_ID,TRAINEE_ID) values (2169,to_timestamp('19-APR-17 06.31.45.572000000 PM','DD-MON-RR HH.MI.SSXFF AM'),82.5,2077,5465);
INSERT INTO CALIBER_GRADE (GRADE_ID,DATE_RECEIVED,SCORE,ASSESSMENT_ID,TRAINEE_ID) values (2170,to_timestamp('19-APR-17 06.31.48.667000000 PM','DD-MON-RR HH.MI.SSXFF AM'),70,2078,5466);
INSERT INTO CALIBER_GRADE (GRADE_ID,DATE_RECEIVED,SCORE,ASSESSMENT_ID,TRAINEE_ID) values (2171,to_timestamp('19-APR-17 06.31.49.584000000 PM','DD-MON-RR HH.MI.SSXFF AM'),100,2079,5466);
INSERT INTO CALIBER_GRADE (GRADE_ID,DATE_RECEIVED,SCORE,ASSESSMENT_ID,TRAINEE_ID) values (2172,to_timestamp('19-APR-17 06.31.50.959000000 PM','DD-MON-RR HH.MI.SSXFF AM'),72.5,2077,5466);
INSERT INTO CALIBER_GRADE (GRADE_ID,DATE_RECEIVED,SCORE,ASSESSMENT_ID,TRAINEE_ID) values (2173,to_timestamp('19-APR-17 06.31.54.330000000 PM','DD-MON-RR HH.MI.SSXFF AM'),0,2078,5469);
INSERT INTO CALIBER_GRADE (GRADE_ID,DATE_RECEIVED,SCORE,ASSESSMENT_ID,TRAINEE_ID) values (2174,to_timestamp('19-APR-17 06.31.57.337000000 PM','DD-MON-RR HH.MI.SSXFF AM'),80,2078,5467);
INSERT INTO CALIBER_GRADE (GRADE_ID,DATE_RECEIVED,SCORE,ASSESSMENT_ID,TRAINEE_ID) values (2175,to_timestamp('19-APR-17 06.31.58.218000000 PM','DD-MON-RR HH.MI.SSXFF AM'),100,2079,5467);
INSERT INTO CALIBER_GRADE (GRADE_ID,DATE_RECEIVED,SCORE,ASSESSMENT_ID,TRAINEE_ID) values (2176,to_timestamp('19-APR-17 06.31.59.050000000 PM','DD-MON-RR HH.MI.SSXFF AM'),80,2077,5467);
INSERT INTO CALIBER_GRADE (GRADE_ID,DATE_RECEIVED,SCORE,ASSESSMENT_ID,TRAINEE_ID) values (2177,to_timestamp('19-APR-17 06.32.01.193000000 PM','DD-MON-RR HH.MI.SSXFF AM'),100,2078,5468);
INSERT INTO CALIBER_GRADE (GRADE_ID,DATE_RECEIVED,SCORE,ASSESSMENT_ID,TRAINEE_ID) values (2178,to_timestamp('19-APR-17 06.32.02.047000000 PM','DD-MON-RR HH.MI.SSXFF AM'),100,2079,5468);
INSERT INTO CALIBER_GRADE (GRADE_ID,DATE_RECEIVED,SCORE,ASSESSMENT_ID,TRAINEE_ID) values (2179,to_timestamp('19-APR-17 06.32.03.506000000 PM','DD-MON-RR HH.MI.SSXFF AM'),82.5,2077,5468);
INSERT INTO CALIBER_GRADE (GRADE_ID,DATE_RECEIVED,SCORE,ASSESSMENT_ID,TRAINEE_ID) values (2180,to_timestamp('19-APR-17 06.32.07.311000000 PM','DD-MON-RR HH.MI.SSXFF AM'),80,2078,5459);
INSERT INTO CALIBER_GRADE (GRADE_ID,DATE_RECEIVED,SCORE,ASSESSMENT_ID,TRAINEE_ID) values (2181,to_timestamp('19-APR-17 06.32.07.936000000 PM','DD-MON-RR HH.MI.SSXFF AM'),100,2079,5459);
INSERT INTO CALIBER_GRADE (GRADE_ID,DATE_RECEIVED,SCORE,ASSESSMENT_ID,TRAINEE_ID) values (2182,to_timestamp('19-APR-17 06.32.09.254000000 PM','DD-MON-RR HH.MI.SSXFF AM'),76.25,2077,5459);
INSERT INTO CALIBER_GRADE (GRADE_ID,DATE_RECEIVED,SCORE,ASSESSMENT_ID,TRAINEE_ID) values (2183,to_timestamp('19-APR-17 06.32.14.810000000 PM','DD-MON-RR HH.MI.SSXFF AM'),100,2078,5464);
INSERT INTO CALIBER_GRADE (GRADE_ID,DATE_RECEIVED,SCORE,ASSESSMENT_ID,TRAINEE_ID) values (2184,to_timestamp('19-APR-17 06.32.16.077000000 PM','DD-MON-RR HH.MI.SSXFF AM'),110,2079,5464);
INSERT INTO CALIBER_GRADE (GRADE_ID,DATE_RECEIVED,SCORE,ASSESSMENT_ID,TRAINEE_ID) values (2185,to_timestamp('19-APR-17 06.32.17.800000000 PM','DD-MON-RR HH.MI.SSXFF AM'),86.25,2077,5464);
INSERT INTO CALIBER_GRADE (GRADE_ID,DATE_RECEIVED,SCORE,ASSESSMENT_ID,TRAINEE_ID) values (2186,to_timestamp('19-APR-17 06.32.23.295000000 PM','DD-MON-RR HH.MI.SSXFF AM'),100,2078,5462);
INSERT INTO CALIBER_GRADE (GRADE_ID,DATE_RECEIVED,SCORE,ASSESSMENT_ID,TRAINEE_ID) values (2187,to_timestamp('19-APR-17 06.32.24.552000000 PM','DD-MON-RR HH.MI.SSXFF AM'),100,2079,5462);
INSERT INTO CALIBER_GRADE (GRADE_ID,DATE_RECEIVED,SCORE,ASSESSMENT_ID,TRAINEE_ID) values (2188,to_timestamp('19-APR-17 06.32.25.993000000 PM','DD-MON-RR HH.MI.SSXFF AM'),88.75,2077,5462);
INSERT INTO CALIBER_GRADE (GRADE_ID,DATE_RECEIVED,SCORE,ASSESSMENT_ID,TRAINEE_ID) values (2189,to_timestamp('19-APR-17 06.32.29.038000000 PM','DD-MON-RR HH.MI.SSXFF AM'),100,2078,5540);
INSERT INTO CALIBER_GRADE (GRADE_ID,DATE_RECEIVED,SCORE,ASSESSMENT_ID,TRAINEE_ID) values (2190,to_timestamp('19-APR-17 06.32.29.606000000 PM','DD-MON-RR HH.MI.SSXFF AM'),80,2079,5540);
INSERT INTO CALIBER_GRADE (GRADE_ID,DATE_RECEIVED,SCORE,ASSESSMENT_ID,TRAINEE_ID) values (2191,to_timestamp('19-APR-17 06.32.30.455000000 PM','DD-MON-RR HH.MI.SSXFF AM'),85,2077,5540);
INSERT INTO CALIBER_GRADE (GRADE_ID,DATE_RECEIVED,SCORE,ASSESSMENT_ID,TRAINEE_ID) values (2373,to_timestamp('19-APR-17 06.56.28.996000000 PM','DD-MON-RR HH.MI.SSXFF AM'),90,2093,5506);
INSERT INTO CALIBER_GRADE (GRADE_ID,DATE_RECEIVED,SCORE,ASSESSMENT_ID,TRAINEE_ID) values (2374,to_timestamp('19-APR-17 06.56.29.811000000 PM','DD-MON-RR HH.MI.SSXFF AM'),70,2092,5506);
INSERT INTO CALIBER_GRADE (GRADE_ID,DATE_RECEIVED,SCORE,ASSESSMENT_ID,TRAINEE_ID) values (2375,to_timestamp('19-APR-17 06.56.32.276000000 PM','DD-MON-RR HH.MI.SSXFF AM'),100,2093,5503);
INSERT INTO CALIBER_GRADE (GRADE_ID,DATE_RECEIVED,SCORE,ASSESSMENT_ID,TRAINEE_ID) values (2376,to_timestamp('19-APR-17 06.56.33.466000000 PM','DD-MON-RR HH.MI.SSXFF AM'),77.14,2092,5503);
INSERT INTO CALIBER_GRADE (GRADE_ID,DATE_RECEIVED,SCORE,ASSESSMENT_ID,TRAINEE_ID) values (2377,to_timestamp('19-APR-17 06.56.35.796000000 PM','DD-MON-RR HH.MI.SSXFF AM'),80,2093,5514);
INSERT INTO CALIBER_GRADE (GRADE_ID,DATE_RECEIVED,SCORE,ASSESSMENT_ID,TRAINEE_ID) values (2378,to_timestamp('19-APR-17 06.56.37.447000000 PM','DD-MON-RR HH.MI.SSXFF AM'),63.81,2092,5514);
INSERT INTO CALIBER_GRADE (GRADE_ID,DATE_RECEIVED,SCORE,ASSESSMENT_ID,TRAINEE_ID) values (2379,to_timestamp('19-APR-17 06.56.41.638000000 PM','DD-MON-RR HH.MI.SSXFF AM'),80,2093,5510);
INSERT INTO CALIBER_GRADE (GRADE_ID,DATE_RECEIVED,SCORE,ASSESSMENT_ID,TRAINEE_ID) values (2380,to_timestamp('19-APR-17 06.56.42.825000000 PM','DD-MON-RR HH.MI.SSXFF AM'),71.9,2092,5510);
INSERT INTO CALIBER_GRADE (GRADE_ID,DATE_RECEIVED,SCORE,ASSESSMENT_ID,TRAINEE_ID) values (2381,to_timestamp('19-APR-17 06.56.46.370000000 PM','DD-MON-RR HH.MI.SSXFF AM'),90,2093,5504);
INSERT INTO CALIBER_GRADE (GRADE_ID,DATE_RECEIVED,SCORE,ASSESSMENT_ID,TRAINEE_ID) values (2382,to_timestamp('19-APR-17 06.56.46.724000000 PM','DD-MON-RR HH.MI.SSXFF AM'),80,2092,5504);
INSERT INTO CALIBER_GRADE (GRADE_ID,DATE_RECEIVED,SCORE,ASSESSMENT_ID,TRAINEE_ID) values (2383,to_timestamp('19-APR-17 06.56.49.136000000 PM','DD-MON-RR HH.MI.SSXFF AM'),90,2093,5511);
INSERT INTO CALIBER_GRADE (GRADE_ID,DATE_RECEIVED,SCORE,ASSESSMENT_ID,TRAINEE_ID) values (2384,to_timestamp('19-APR-17 06.56.50.719000000 PM','DD-MON-RR HH.MI.SSXFF AM'),73.81,2092,5511);
INSERT INTO CALIBER_GRADE (GRADE_ID,DATE_RECEIVED,SCORE,ASSESSMENT_ID,TRAINEE_ID) values (2385,to_timestamp('19-APR-17 06.56.53.729000000 PM','DD-MON-RR HH.MI.SSXFF AM'),80,2093,5513);
INSERT INTO CALIBER_GRADE (GRADE_ID,DATE_RECEIVED,SCORE,ASSESSMENT_ID,TRAINEE_ID) values (1050,to_timestamp('19-APR-17 05.11.04.377000000 PM','DD-MON-RR HH.MI.SSXFF AM'),67.86,2050,5358);
INSERT INTO CALIBER_GRADE (GRADE_ID,DATE_RECEIVED,SCORE,ASSESSMENT_ID,TRAINEE_ID) values (1051,to_timestamp('19-APR-17 05.11.16.655000000 PM','DD-MON-RR HH.MI.SSXFF AM'),87.04,2050,5354);
INSERT INTO CALIBER_GRADE (GRADE_ID,DATE_RECEIVED,SCORE,ASSESSMENT_ID,TRAINEE_ID) values (1052,to_timestamp('19-APR-17 05.11.32.339000000 PM','DD-MON-RR HH.MI.SSXFF AM'),90.19,2050,5350);
INSERT INTO CALIBER_GRADE (GRADE_ID,DATE_RECEIVED,SCORE,ASSESSMENT_ID,TRAINEE_ID) values (1053,to_timestamp('19-APR-17 05.11.44.107000000 PM','DD-MON-RR HH.MI.SSXFF AM'),88.3,2050,5355);
INSERT INTO CALIBER_GRADE (GRADE_ID,DATE_RECEIVED,SCORE,ASSESSMENT_ID,TRAINEE_ID) values (1054,to_timestamp('19-APR-17 05.11.53.001000000 PM','DD-MON-RR HH.MI.SSXFF AM'),80.97,2050,5352);
INSERT INTO CALIBER_GRADE (GRADE_ID,DATE_RECEIVED,SCORE,ASSESSMENT_ID,TRAINEE_ID) values (1055,to_timestamp('19-APR-17 05.12.07.815000000 PM','DD-MON-RR HH.MI.SSXFF AM'),77.67,2050,5356);
INSERT INTO CALIBER_GRADE (GRADE_ID,DATE_RECEIVED,SCORE,ASSESSMENT_ID,TRAINEE_ID) values (1056,to_timestamp('19-APR-17 05.12.21.049000000 PM','DD-MON-RR HH.MI.SSXFF AM'),79.75,2050,5359);
INSERT INTO CALIBER_GRADE (GRADE_ID,DATE_RECEIVED,SCORE,ASSESSMENT_ID,TRAINEE_ID) values (1057,to_timestamp('19-APR-17 05.12.29.040000000 PM','DD-MON-RR HH.MI.SSXFF AM'),86.63,2050,5351);
INSERT INTO CALIBER_GRADE (GRADE_ID,DATE_RECEIVED,SCORE,ASSESSMENT_ID,TRAINEE_ID) values (1058,to_timestamp('19-APR-17 05.12.44.406000000 PM','DD-MON-RR HH.MI.SSXFF AM'),92.26,2050,5357);
INSERT INTO CALIBER_GRADE (GRADE_ID,DATE_RECEIVED,SCORE,ASSESSMENT_ID,TRAINEE_ID) values (1059,to_timestamp('19-APR-17 05.13.00.528000000 PM','DD-MON-RR HH.MI.SSXFF AM'),86.82,2050,5353);
INSERT INTO CALIBER_GRADE (GRADE_ID,DATE_RECEIVED,SCORE,ASSESSMENT_ID,TRAINEE_ID) values (1069,to_timestamp('19-APR-17 05.25.29.280000000 PM','DD-MON-RR HH.MI.SSXFF AM'),88.28,2052,5354);
INSERT INTO CALIBER_GRADE (GRADE_ID,DATE_RECEIVED,SCORE,ASSESSMENT_ID,TRAINEE_ID) values (1070,to_timestamp('19-APR-17 05.25.41.721000000 PM','DD-MON-RR HH.MI.SSXFF AM'),97.98,2052,5350);
INSERT INTO CALIBER_GRADE (GRADE_ID,DATE_RECEIVED,SCORE,ASSESSMENT_ID,TRAINEE_ID) values (1071,to_timestamp('19-APR-17 05.25.52.070000000 PM','DD-MON-RR HH.MI.SSXFF AM'),90.91,2052,5355);
INSERT INTO CALIBER_GRADE (GRADE_ID,DATE_RECEIVED,SCORE,ASSESSMENT_ID,TRAINEE_ID) values (1072,to_timestamp('19-APR-17 05.26.03.774000000 PM','DD-MON-RR HH.MI.SSXFF AM'),86.56,2052,5352);
INSERT INTO CALIBER_GRADE (GRADE_ID,DATE_RECEIVED,SCORE,ASSESSMENT_ID,TRAINEE_ID) values (1073,to_timestamp('19-APR-17 05.26.17.172000000 PM','DD-MON-RR HH.MI.SSXFF AM'),0,2052,5359);
INSERT INTO CALIBER_GRADE (GRADE_ID,DATE_RECEIVED,SCORE,ASSESSMENT_ID,TRAINEE_ID) values (1074,to_timestamp('19-APR-17 05.26.34.211000000 PM','DD-MON-RR HH.MI.SSXFF AM'),85.25,2052,5351);
INSERT INTO CALIBER_GRADE (GRADE_ID,DATE_RECEIVED,SCORE,ASSESSMENT_ID,TRAINEE_ID) values (1075,to_timestamp('19-APR-17 05.26.50.748000000 PM','DD-MON-RR HH.MI.SSXFF AM'),90.91,2052,5357);
INSERT INTO CALIBER_GRADE (GRADE_ID,DATE_RECEIVED,SCORE,ASSESSMENT_ID,TRAINEE_ID) values (1076,to_timestamp('19-APR-17 05.27.01.018000000 PM','DD-MON-RR HH.MI.SSXFF AM'),84.24,2052,5353);
INSERT INTO CALIBER_GRADE (GRADE_ID,DATE_RECEIVED,SCORE,ASSESSMENT_ID,TRAINEE_ID) values (1109,to_timestamp('19-APR-17 05.43.17.628000000 PM','DD-MON-RR HH.MI.SSXFF AM'),85,2058,5400);
INSERT INTO CALIBER_GRADE (GRADE_ID,DATE_RECEIVED,SCORE,ASSESSMENT_ID,TRAINEE_ID) values (1110,to_timestamp('19-APR-17 05.43.21.426000000 PM','DD-MON-RR HH.MI.SSXFF AM'),88,2058,5454);
INSERT INTO CALIBER_GRADE (GRADE_ID,DATE_RECEIVED,SCORE,ASSESSMENT_ID,TRAINEE_ID) values (1111,to_timestamp('19-APR-17 05.43.24.910000000 PM','DD-MON-RR HH.MI.SSXFF AM'),80,2058,5360);
INSERT INTO CALIBER_GRADE (GRADE_ID,DATE_RECEIVED,SCORE,ASSESSMENT_ID,TRAINEE_ID) values (1112,to_timestamp('19-APR-17 05.43.27.484000000 PM','DD-MON-RR HH.MI.SSXFF AM'),80,2058,5362);
INSERT INTO CALIBER_GRADE (GRADE_ID,DATE_RECEIVED,SCORE,ASSESSMENT_ID,TRAINEE_ID) values (1113,to_timestamp('19-APR-17 05.43.30.508000000 PM','DD-MON-RR HH.MI.SSXFF AM'),60,2058,5452);
INSERT INTO CALIBER_GRADE (GRADE_ID,DATE_RECEIVED,SCORE,ASSESSMENT_ID,TRAINEE_ID) values (1114,to_timestamp('19-APR-17 05.43.38.472000000 PM','DD-MON-RR HH.MI.SSXFF AM'),87,2058,5363);
INSERT INTO CALIBER_GRADE (GRADE_ID,DATE_RECEIVED,SCORE,ASSESSMENT_ID,TRAINEE_ID) values (1115,to_timestamp('19-APR-17 05.43.50.981000000 PM','DD-MON-RR HH.MI.SSXFF AM'),96,2058,5401);
INSERT INTO CALIBER_GRADE (GRADE_ID,DATE_RECEIVED,SCORE,ASSESSMENT_ID,TRAINEE_ID) values (1116,to_timestamp('19-APR-17 05.43.59.182000000 PM','DD-MON-RR HH.MI.SSXFF AM'),83,2058,5361);
INSERT INTO CALIBER_GRADE (GRADE_ID,DATE_RECEIVED,SCORE,ASSESSMENT_ID,TRAINEE_ID) values (1117,to_timestamp('19-APR-17 05.44.02.521000000 PM','DD-MON-RR HH.MI.SSXFF AM'),75,2058,5450);
INSERT INTO CALIBER_GRADE (GRADE_ID,DATE_RECEIVED,SCORE,ASSESSMENT_ID,TRAINEE_ID) values (1118,to_timestamp('19-APR-17 05.44.06.046000000 PM','DD-MON-RR HH.MI.SSXFF AM'),85,2058,5453);
INSERT INTO CALIBER_GRADE (GRADE_ID,DATE_RECEIVED,SCORE,ASSESSMENT_ID,TRAINEE_ID) values (1119,to_timestamp('19-APR-17 05.44.10.439000000 PM','DD-MON-RR HH.MI.SSXFF AM'),81,2058,5402);
INSERT INTO CALIBER_GRADE (GRADE_ID,DATE_RECEIVED,SCORE,ASSESSMENT_ID,TRAINEE_ID) values (1120,to_timestamp('19-APR-17 05.44.14.012000000 PM','DD-MON-RR HH.MI.SSXFF AM'),93,2058,5455);
INSERT INTO CALIBER_GRADE (GRADE_ID,DATE_RECEIVED,SCORE,ASSESSMENT_ID,TRAINEE_ID) values (1121,to_timestamp('19-APR-17 05.44.16.060000000 PM','DD-MON-RR HH.MI.SSXFF AM'),73,2058,5451);
INSERT INTO CALIBER_GRADE (GRADE_ID,DATE_RECEIVED,SCORE,ASSESSMENT_ID,TRAINEE_ID) values (1122,to_timestamp('19-APR-17 05.45.48.063000000 PM','DD-MON-RR HH.MI.SSXFF AM'),98,2059,5400);
INSERT INTO CALIBER_GRADE (GRADE_ID,DATE_RECEIVED,SCORE,ASSESSMENT_ID,TRAINEE_ID) values (1123,to_timestamp('19-APR-17 05.45.50.500000000 PM','DD-MON-RR HH.MI.SSXFF AM'),94,2059,5454);
INSERT INTO CALIBER_GRADE (GRADE_ID,DATE_RECEIVED,SCORE,ASSESSMENT_ID,TRAINEE_ID) values (1124,to_timestamp('19-APR-17 05.45.54.443000000 PM','DD-MON-RR HH.MI.SSXFF AM'),86,2059,5360);
INSERT INTO CALIBER_GRADE (GRADE_ID,DATE_RECEIVED,SCORE,ASSESSMENT_ID,TRAINEE_ID) values (1125,to_timestamp('19-APR-17 05.45.56.744000000 PM','DD-MON-RR HH.MI.SSXFF AM'),87,2059,5362);
INSERT INTO CALIBER_GRADE (GRADE_ID,DATE_RECEIVED,SCORE,ASSESSMENT_ID,TRAINEE_ID) values (1126,to_timestamp('19-APR-17 05.45.59.332000000 PM','DD-MON-RR HH.MI.SSXFF AM'),98,2059,5363);
INSERT INTO CALIBER_GRADE (GRADE_ID,DATE_RECEIVED,SCORE,ASSESSMENT_ID,TRAINEE_ID) values (1127,to_timestamp('19-APR-17 05.46.02.320000000 PM','DD-MON-RR HH.MI.SSXFF AM'),97,2059,5401);
INSERT INTO CALIBER_GRADE (GRADE_ID,DATE_RECEIVED,SCORE,ASSESSMENT_ID,TRAINEE_ID) values (1128,to_timestamp('19-APR-17 05.46.06.367000000 PM','DD-MON-RR HH.MI.SSXFF AM'),92,2059,5361);
INSERT INTO CALIBER_GRADE (GRADE_ID,DATE_RECEIVED,SCORE,ASSESSMENT_ID,TRAINEE_ID) values (1129,to_timestamp('19-APR-17 05.46.11.457000000 PM','DD-MON-RR HH.MI.SSXFF AM'),92,2059,5450);
INSERT INTO CALIBER_GRADE (GRADE_ID,DATE_RECEIVED,SCORE,ASSESSMENT_ID,TRAINEE_ID) values (1130,to_timestamp('19-APR-17 05.46.14.021000000 PM','DD-MON-RR HH.MI.SSXFF AM'),92,2059,5453);
INSERT INTO CALIBER_GRADE (GRADE_ID,DATE_RECEIVED,SCORE,ASSESSMENT_ID,TRAINEE_ID) values (1131,to_timestamp('19-APR-17 05.46.16.225000000 PM','DD-MON-RR HH.MI.SSXFF AM'),80,2059,5402);
INSERT INTO CALIBER_GRADE (GRADE_ID,DATE_RECEIVED,SCORE,ASSESSMENT_ID,TRAINEE_ID) values (1132,to_timestamp('19-APR-17 05.46.24.294000000 PM','DD-MON-RR HH.MI.SSXFF AM'),92,2059,5455);
INSERT INTO CALIBER_GRADE (GRADE_ID,DATE_RECEIVED,SCORE,ASSESSMENT_ID,TRAINEE_ID) values (1133,to_timestamp('19-APR-17 05.47.16.058000000 PM','DD-MON-RR HH.MI.SSXFF AM'),89.4,2060,5400);
INSERT INTO CALIBER_GRADE (GRADE_ID,DATE_RECEIVED,SCORE,ASSESSMENT_ID,TRAINEE_ID) values (1134,to_timestamp('19-APR-17 05.47.24.307000000 PM','DD-MON-RR HH.MI.SSXFF AM'),84.87,2060,5454);
INSERT INTO CALIBER_GRADE (GRADE_ID,DATE_RECEIVED,SCORE,ASSESSMENT_ID,TRAINEE_ID) values (1135,to_timestamp('19-APR-17 05.47.30.201000000 PM','DD-MON-RR HH.MI.SSXFF AM'),84.87,2060,5360);
INSERT INTO CALIBER_GRADE (GRADE_ID,DATE_RECEIVED,SCORE,ASSESSMENT_ID,TRAINEE_ID) values (1136,to_timestamp('19-APR-17 05.47.34.253000000 PM','DD-MON-RR HH.MI.SSXFF AM'),63.31,2060,5362);
INSERT INTO CALIBER_GRADE (GRADE_ID,DATE_RECEIVED,SCORE,ASSESSMENT_ID,TRAINEE_ID) values (1137,to_timestamp('19-APR-17 05.47.38.078000000 PM','DD-MON-RR HH.MI.SSXFF AM'),87.9,2060,5363);
INSERT INTO CALIBER_GRADE (GRADE_ID,DATE_RECEIVED,SCORE,ASSESSMENT_ID,TRAINEE_ID) values (1138,to_timestamp('19-APR-17 05.47.41.016000000 PM','DD-MON-RR HH.MI.SSXFF AM'),93.94,2060,5401);
INSERT INTO CALIBER_GRADE (GRADE_ID,DATE_RECEIVED,SCORE,ASSESSMENT_ID,TRAINEE_ID) values (1139,to_timestamp('19-APR-17 05.47.47.793000000 PM','DD-MON-RR HH.MI.SSXFF AM'),79.87,2060,5361);
INSERT INTO CALIBER_GRADE (GRADE_ID,DATE_RECEIVED,SCORE,ASSESSMENT_ID,TRAINEE_ID) values (1140,to_timestamp('19-APR-17 05.47.53.838000000 PM','DD-MON-RR HH.MI.SSXFF AM'),83.34,2060,5450);
INSERT INTO CALIBER_GRADE (GRADE_ID,DATE_RECEIVED,SCORE,ASSESSMENT_ID,TRAINEE_ID) values (1141,to_timestamp('19-APR-17 05.47.57.489000000 PM','DD-MON-RR HH.MI.SSXFF AM'),65.34,2060,5453);
INSERT INTO CALIBER_GRADE (GRADE_ID,DATE_RECEIVED,SCORE,ASSESSMENT_ID,TRAINEE_ID) values (1142,to_timestamp('19-APR-17 05.48.01.879000000 PM','DD-MON-RR HH.MI.SSXFF AM'),67.32,2060,5402);
INSERT INTO CALIBER_GRADE (GRADE_ID,DATE_RECEIVED,SCORE,ASSESSMENT_ID,TRAINEE_ID) values (1143,to_timestamp('19-APR-17 05.48.08.108000000 PM','DD-MON-RR HH.MI.SSXFF AM'),92.43,2060,5455);
INSERT INTO CALIBER_GRADE (GRADE_ID,DATE_RECEIVED,SCORE,ASSESSMENT_ID,TRAINEE_ID) values (1144,to_timestamp('19-APR-17 05.49.00.816000000 PM','DD-MON-RR HH.MI.SSXFF AM'),87.43,2061,5400);
INSERT INTO CALIBER_GRADE (GRADE_ID,DATE_RECEIVED,SCORE,ASSESSMENT_ID,TRAINEE_ID) values (1145,to_timestamp('19-APR-17 05.49.08.391000000 PM','DD-MON-RR HH.MI.SSXFF AM'),83.94,2061,5454);
INSERT INTO CALIBER_GRADE (GRADE_ID,DATE_RECEIVED,SCORE,ASSESSMENT_ID,TRAINEE_ID) values (1146,to_timestamp('19-APR-17 05.49.11.801000000 PM','DD-MON-RR HH.MI.SSXFF AM'),71.37,2061,5360);
INSERT INTO CALIBER_GRADE (GRADE_ID,DATE_RECEIVED,SCORE,ASSESSMENT_ID,TRAINEE_ID) values (1147,to_timestamp('19-APR-17 05.49.15.528000000 PM','DD-MON-RR HH.MI.SSXFF AM'),60.31,2061,5362);
INSERT INTO CALIBER_GRADE (GRADE_ID,DATE_RECEIVED,SCORE,ASSESSMENT_ID,TRAINEE_ID) values (1148,to_timestamp('19-APR-17 05.49.19.829000000 PM','DD-MON-RR HH.MI.SSXFF AM'),82.43,2061,5363);
INSERT INTO CALIBER_GRADE (GRADE_ID,DATE_RECEIVED,SCORE,ASSESSMENT_ID,TRAINEE_ID) values (1149,to_timestamp('19-APR-17 05.49.23.526000000 PM','DD-MON-RR HH.MI.SSXFF AM'),90.46,2061,5401);
INSERT INTO CALIBER_GRADE (GRADE_ID,DATE_RECEIVED,SCORE,ASSESSMENT_ID,TRAINEE_ID) values (1150,to_timestamp('19-APR-17 05.49.27.913000000 PM','DD-MON-RR HH.MI.SSXFF AM'),67.88,2061,5361);
INSERT INTO CALIBER_GRADE (GRADE_ID,DATE_RECEIVED,SCORE,ASSESSMENT_ID,TRAINEE_ID) values (1151,to_timestamp('19-APR-17 05.49.33.583000000 PM','DD-MON-RR HH.MI.SSXFF AM'),92.43,2061,5450);
INSERT INTO CALIBER_GRADE (GRADE_ID,DATE_RECEIVED,SCORE,ASSESSMENT_ID,TRAINEE_ID) values (1152,to_timestamp('19-APR-17 05.49.38.604000000 PM','DD-MON-RR HH.MI.SSXFF AM'),65.31,2061,5453);
INSERT INTO CALIBER_GRADE (GRADE_ID,DATE_RECEIVED,SCORE,ASSESSMENT_ID,TRAINEE_ID) values (1153,to_timestamp('19-APR-17 05.49.43.282000000 PM','DD-MON-RR HH.MI.SSXFF AM'),63.34,2061,5402);
INSERT INTO CALIBER_GRADE (GRADE_ID,DATE_RECEIVED,SCORE,ASSESSMENT_ID,TRAINEE_ID) values (1154,to_timestamp('19-APR-17 05.49.48.511000000 PM','DD-MON-RR HH.MI.SSXFF AM'),95.46,2061,5455);
INSERT INTO CALIBER_GRADE (GRADE_ID,DATE_RECEIVED,SCORE,ASSESSMENT_ID,TRAINEE_ID) values (1155,to_timestamp('19-APR-17 05.50.06.801000000 PM','DD-MON-RR HH.MI.SSXFF AM'),86,2062,5400);
INSERT INTO CALIBER_GRADE (GRADE_ID,DATE_RECEIVED,SCORE,ASSESSMENT_ID,TRAINEE_ID) values (1156,to_timestamp('19-APR-17 05.50.09.101000000 PM','DD-MON-RR HH.MI.SSXFF AM'),86,2062,5454);
INSERT INTO CALIBER_GRADE (GRADE_ID,DATE_RECEIVED,SCORE,ASSESSMENT_ID,TRAINEE_ID) values (1157,to_timestamp('19-APR-17 05.50.11.949000000 PM','DD-MON-RR HH.MI.SSXFF AM'),66,2062,5360);
INSERT INTO CALIBER_GRADE (GRADE_ID,DATE_RECEIVED,SCORE,ASSESSMENT_ID,TRAINEE_ID) values (1158,to_timestamp('19-APR-17 05.50.15.793000000 PM','DD-MON-RR HH.MI.SSXFF AM'),71,2062,5362);
INSERT INTO CALIBER_GRADE (GRADE_ID,DATE_RECEIVED,SCORE,ASSESSMENT_ID,TRAINEE_ID) values (1159,to_timestamp('19-APR-17 05.50.18.074000000 PM','DD-MON-RR HH.MI.SSXFF AM'),86,2062,5363);
INSERT INTO CALIBER_GRADE (GRADE_ID,DATE_RECEIVED,SCORE,ASSESSMENT_ID,TRAINEE_ID) values (1160,to_timestamp('19-APR-17 05.50.20.604000000 PM','DD-MON-RR HH.MI.SSXFF AM'),90,2062,5401);
INSERT INTO CALIBER_GRADE (GRADE_ID,DATE_RECEIVED,SCORE,ASSESSMENT_ID,TRAINEE_ID) values (1161,to_timestamp('19-APR-17 05.50.25.815000000 PM','DD-MON-RR HH.MI.SSXFF AM'),82,2062,5361);
INSERT INTO CALIBER_GRADE (GRADE_ID,DATE_RECEIVED,SCORE,ASSESSMENT_ID,TRAINEE_ID) values (1162,to_timestamp('19-APR-17 05.50.29.584000000 PM','DD-MON-RR HH.MI.SSXFF AM'),0,2062,5450);
INSERT INTO CALIBER_GRADE (GRADE_ID,DATE_RECEIVED,SCORE,ASSESSMENT_ID,TRAINEE_ID) values (1163,to_timestamp('19-APR-17 05.50.39.801000000 PM','DD-MON-RR HH.MI.SSXFF AM'),65,2062,5453);
INSERT INTO CALIBER_GRADE (GRADE_ID,DATE_RECEIVED,SCORE,ASSESSMENT_ID,TRAINEE_ID) values (1164,to_timestamp('19-APR-17 05.50.42.372000000 PM','DD-MON-RR HH.MI.SSXFF AM'),69,2062,5402);
INSERT INTO CALIBER_GRADE (GRADE_ID,DATE_RECEIVED,SCORE,ASSESSMENT_ID,TRAINEE_ID) values (1165,to_timestamp('19-APR-17 05.50.45.453000000 PM','DD-MON-RR HH.MI.SSXFF AM'),100,2062,5455);
INSERT INTO CALIBER_GRADE (GRADE_ID,DATE_RECEIVED,SCORE,ASSESSMENT_ID,TRAINEE_ID) values (1257,to_timestamp('19-APR-17 06.04.33.380000000 PM','DD-MON-RR HH.MI.SSXFF AM'),96.55,2070,5459);
INSERT INTO CALIBER_GRADE (GRADE_ID,DATE_RECEIVED,SCORE,ASSESSMENT_ID,TRAINEE_ID) values (1258,to_timestamp('19-APR-17 06.04.35.384000000 PM','DD-MON-RR HH.MI.SSXFF AM'),90,2069,5459);
INSERT INTO CALIBER_GRADE (GRADE_ID,DATE_RECEIVED,SCORE,ASSESSMENT_ID,TRAINEE_ID) values (1259,to_timestamp('19-APR-17 06.04.40.537000000 PM','DD-MON-RR HH.MI.SSXFF AM'),100,2070,5467);
INSERT INTO CALIBER_GRADE (GRADE_ID,DATE_RECEIVED,SCORE,ASSESSMENT_ID,TRAINEE_ID) values (1260,to_timestamp('19-APR-17 06.08.34.490000000 PM','DD-MON-RR HH.MI.SSXFF AM'),100,2069,5467);
INSERT INTO CALIBER_GRADE (GRADE_ID,DATE_RECEIVED,SCORE,ASSESSMENT_ID,TRAINEE_ID) values (1261,to_timestamp('19-APR-17 06.04.45.265000000 PM','DD-MON-RR HH.MI.SSXFF AM'),82.76,2070,5457);
INSERT INTO CALIBER_GRADE (GRADE_ID,DATE_RECEIVED,SCORE,ASSESSMENT_ID,TRAINEE_ID) values (1262,to_timestamp('19-APR-17 06.04.45.648000000 PM','DD-MON-RR HH.MI.SSXFF AM'),90,2069,5457);
INSERT INTO CALIBER_GRADE (GRADE_ID,DATE_RECEIVED,SCORE,ASSESSMENT_ID,TRAINEE_ID) values (1263,to_timestamp('19-APR-17 06.04.52.533000000 PM','DD-MON-RR HH.MI.SSXFF AM'),89.66,2070,5469);
INSERT INTO CALIBER_GRADE (GRADE_ID,DATE_RECEIVED,SCORE,ASSESSMENT_ID,TRAINEE_ID) values (1264,to_timestamp('19-APR-17 06.04.52.889000000 PM','DD-MON-RR HH.MI.SSXFF AM'),90,2069,5469);
INSERT INTO CALIBER_GRADE (GRADE_ID,DATE_RECEIVED,SCORE,ASSESSMENT_ID,TRAINEE_ID) values (1265,to_timestamp('19-APR-17 06.04.59.099000000 PM','DD-MON-RR HH.MI.SSXFF AM'),96.55,2070,5462);
INSERT INTO CALIBER_GRADE (GRADE_ID,DATE_RECEIVED,SCORE,ASSESSMENT_ID,TRAINEE_ID) values (1266,to_timestamp('19-APR-17 06.04.59.265000000 PM','DD-MON-RR HH.MI.SSXFF AM'),90,2069,5462);
INSERT INTO CALIBER_GRADE (GRADE_ID,DATE_RECEIVED,SCORE,ASSESSMENT_ID,TRAINEE_ID) values (1267,to_timestamp('19-APR-17 06.05.07.163000000 PM','DD-MON-RR HH.MI.SSXFF AM'),79.31,2070,5470);
INSERT INTO CALIBER_GRADE (GRADE_ID,DATE_RECEIVED,SCORE,ASSESSMENT_ID,TRAINEE_ID) values (1268,to_timestamp('19-APR-17 06.08.32.779000000 PM','DD-MON-RR HH.MI.SSXFF AM'),50,2069,5470);
INSERT INTO CALIBER_GRADE (GRADE_ID,DATE_RECEIVED,SCORE,ASSESSMENT_ID,TRAINEE_ID) values (1269,to_timestamp('19-APR-17 06.05.12.301000000 PM','DD-MON-RR HH.MI.SSXFF AM'),89.66,2070,5463);
INSERT INTO CALIBER_GRADE (GRADE_ID,DATE_RECEIVED,SCORE,ASSESSMENT_ID,TRAINEE_ID) values (1270,to_timestamp('19-APR-17 06.08.53.782000000 PM','DD-MON-RR HH.MI.SSXFF AM'),100,2069,5463);
INSERT INTO CALIBER_GRADE (GRADE_ID,DATE_RECEIVED,SCORE,ASSESSMENT_ID,TRAINEE_ID) values (1271,to_timestamp('19-APR-17 06.05.17.469000000 PM','DD-MON-RR HH.MI.SSXFF AM'),89.66,2070,5466);
INSERT INTO CALIBER_GRADE (GRADE_ID,DATE_RECEIVED,SCORE,ASSESSMENT_ID,TRAINEE_ID) values (1272,to_timestamp('19-APR-17 06.05.17.891000000 PM','DD-MON-RR HH.MI.SSXFF AM'),90,2069,5466);
INSERT INTO CALIBER_GRADE (GRADE_ID,DATE_RECEIVED,SCORE,ASSESSMENT_ID,TRAINEE_ID) values (1273,to_timestamp('19-APR-17 06.05.20.757000000 PM','DD-MON-RR HH.MI.SSXFF AM'),89.66,2070,5461);
INSERT INTO CALIBER_GRADE (GRADE_ID,DATE_RECEIVED,SCORE,ASSESSMENT_ID,TRAINEE_ID) values (1274,to_timestamp('19-APR-17 06.05.21.090000000 PM','DD-MON-RR HH.MI.SSXFF AM'),90,2069,5461);
INSERT INTO CALIBER_GRADE (GRADE_ID,DATE_RECEIVED,SCORE,ASSESSMENT_ID,TRAINEE_ID) values (1275,to_timestamp('19-APR-17 06.05.24.971000000 PM','DD-MON-RR HH.MI.SSXFF AM'),89.66,2070,5468);
INSERT INTO CALIBER_GRADE (GRADE_ID,DATE_RECEIVED,SCORE,ASSESSMENT_ID,TRAINEE_ID) values (1276,to_timestamp('19-APR-17 06.05.25.322000000 PM','DD-MON-RR HH.MI.SSXFF AM'),80,2069,5468);
INSERT INTO CALIBER_GRADE (GRADE_ID,DATE_RECEIVED,SCORE,ASSESSMENT_ID,TRAINEE_ID) values (1277,to_timestamp('19-APR-17 06.05.29.757000000 PM','DD-MON-RR HH.MI.SSXFF AM'),0,2070,5500);
INSERT INTO CALIBER_GRADE (GRADE_ID,DATE_RECEIVED,SCORE,ASSESSMENT_ID,TRAINEE_ID) values (1278,to_timestamp('19-APR-17 06.05.37.265000000 PM','DD-MON-RR HH.MI.SSXFF AM'),89.66,2070,5456);
INSERT INTO CALIBER_GRADE (GRADE_ID,DATE_RECEIVED,SCORE,ASSESSMENT_ID,TRAINEE_ID) values (1279,to_timestamp('19-APR-17 06.05.40.695000000 PM','DD-MON-RR HH.MI.SSXFF AM'),90,2069,5456);
INSERT INTO CALIBER_GRADE (GRADE_ID,DATE_RECEIVED,SCORE,ASSESSMENT_ID,TRAINEE_ID) values (1280,to_timestamp('19-APR-17 06.05.44.750000000 PM','DD-MON-RR HH.MI.SSXFF AM'),89.66,2070,5464);
INSERT INTO CALIBER_GRADE (GRADE_ID,DATE_RECEIVED,SCORE,ASSESSMENT_ID,TRAINEE_ID) values (1281,to_timestamp('19-APR-17 06.05.45.406000000 PM','DD-MON-RR HH.MI.SSXFF AM'),100,2069,5464);
INSERT INTO CALIBER_GRADE (GRADE_ID,DATE_RECEIVED,SCORE,ASSESSMENT_ID,TRAINEE_ID) values (1282,to_timestamp('19-APR-17 06.05.50.673000000 PM','DD-MON-RR HH.MI.SSXFF AM'),89.66,2070,5458);
INSERT INTO CALIBER_GRADE (GRADE_ID,DATE_RECEIVED,SCORE,ASSESSMENT_ID,TRAINEE_ID) values (1283,to_timestamp('19-APR-17 06.05.51.489000000 PM','DD-MON-RR HH.MI.SSXFF AM'),90,2069,5458);
INSERT INTO CALIBER_GRADE (GRADE_ID,DATE_RECEIVED,SCORE,ASSESSMENT_ID,TRAINEE_ID) values (1284,to_timestamp('19-APR-17 06.06.51.199000000 PM','DD-MON-RR HH.MI.SSXFF AM'),93.1,2070,5465);
INSERT INTO CALIBER_GRADE (GRADE_ID,DATE_RECEIVED,SCORE,ASSESSMENT_ID,TRAINEE_ID) values (1291,to_timestamp('19-APR-17 06.17.16.130000000 PM','DD-MON-RR HH.MI.SSXFF AM'),75,2073,5463);
INSERT INTO CALIBER_GRADE (GRADE_ID,DATE_RECEIVED,SCORE,ASSESSMENT_ID,TRAINEE_ID) values (1292,to_timestamp('19-APR-17 06.17.20.146000000 PM','DD-MON-RR HH.MI.SSXFF AM'),74.6,2071,5463);
INSERT INTO CALIBER_GRADE (GRADE_ID,DATE_RECEIVED,SCORE,ASSESSMENT_ID,TRAINEE_ID) values (1293,to_timestamp('19-APR-17 06.17.21.848000000 PM','DD-MON-RR HH.MI.SSXFF AM'),80,2072,5463);
INSERT INTO CALIBER_GRADE (GRADE_ID,DATE_RECEIVED,SCORE,ASSESSMENT_ID,TRAINEE_ID) values (1294,to_timestamp('19-APR-17 06.17.26.308000000 PM','DD-MON-RR HH.MI.SSXFF AM'),50,2073,5473);
INSERT INTO CALIBER_GRADE (GRADE_ID,DATE_RECEIVED,SCORE,ASSESSMENT_ID,TRAINEE_ID) values (1295,to_timestamp('19-APR-17 06.17.28.133000000 PM','DD-MON-RR HH.MI.SSXFF AM'),84.13,2071,5473);
INSERT INTO CALIBER_GRADE (GRADE_ID,DATE_RECEIVED,SCORE,ASSESSMENT_ID,TRAINEE_ID) values (1296,to_timestamp('19-APR-17 06.17.28.751000000 PM','DD-MON-RR HH.MI.SSXFF AM'),100,2072,5473);
INSERT INTO CALIBER_GRADE (GRADE_ID,DATE_RECEIVED,SCORE,ASSESSMENT_ID,TRAINEE_ID) values (1297,to_timestamp('19-APR-17 06.17.31.219000000 PM','DD-MON-RR HH.MI.SSXFF AM'),75,2073,5461);
INSERT INTO CALIBER_GRADE (GRADE_ID,DATE_RECEIVED,SCORE,ASSESSMENT_ID,TRAINEE_ID) values (1298,to_timestamp('19-APR-17 06.17.35.016000000 PM','DD-MON-RR HH.MI.SSXFF AM'),87.3,2071,5461);
INSERT INTO CALIBER_GRADE (GRADE_ID,DATE_RECEIVED,SCORE,ASSESSMENT_ID,TRAINEE_ID) values (1299,to_timestamp('19-APR-17 06.17.35.642000000 PM','DD-MON-RR HH.MI.SSXFF AM'),100,2072,5461);
INSERT INTO CALIBER_GRADE (GRADE_ID,DATE_RECEIVED,SCORE,ASSESSMENT_ID,TRAINEE_ID) values (2050,to_timestamp('19-APR-17 06.17.44.420000000 PM','DD-MON-RR HH.MI.SSXFF AM'),50,2073,5457);
INSERT INTO CALIBER_GRADE (GRADE_ID,DATE_RECEIVED,SCORE,ASSESSMENT_ID,TRAINEE_ID) values (2051,to_timestamp('19-APR-17 06.17.46.838000000 PM','DD-MON-RR HH.MI.SSXFF AM'),66.67,2071,5457);
INSERT INTO CALIBER_GRADE (GRADE_ID,DATE_RECEIVED,SCORE,ASSESSMENT_ID,TRAINEE_ID) values (2052,to_timestamp('19-APR-17 06.17.47.350000000 PM','DD-MON-RR HH.MI.SSXFF AM'),80,2072,5457);
INSERT INTO CALIBER_GRADE (GRADE_ID,DATE_RECEIVED,SCORE,ASSESSMENT_ID,TRAINEE_ID) values (2053,to_timestamp('19-APR-17 06.17.49.240000000 PM','DD-MON-RR HH.MI.SSXFF AM'),75,2073,5460);
INSERT INTO CALIBER_GRADE (GRADE_ID,DATE_RECEIVED,SCORE,ASSESSMENT_ID,TRAINEE_ID) values (2054,to_timestamp('19-APR-17 06.17.51.303000000 PM','DD-MON-RR HH.MI.SSXFF AM'),76.19,2071,5460);
INSERT INTO CALIBER_GRADE (GRADE_ID,DATE_RECEIVED,SCORE,ASSESSMENT_ID,TRAINEE_ID) values (2055,to_timestamp('19-APR-17 06.17.52.023000000 PM','DD-MON-RR HH.MI.SSXFF AM'),90,2072,5460);
INSERT INTO CALIBER_GRADE (GRADE_ID,DATE_RECEIVED,SCORE,ASSESSMENT_ID,TRAINEE_ID) values (2056,to_timestamp('19-APR-17 06.17.54.002000000 PM','DD-MON-RR HH.MI.SSXFF AM'),100,2073,5456);
INSERT INTO CALIBER_GRADE (GRADE_ID,DATE_RECEIVED,SCORE,ASSESSMENT_ID,TRAINEE_ID) values (2057,to_timestamp('19-APR-17 06.17.56.213000000 PM','DD-MON-RR HH.MI.SSXFF AM'),93.65,2071,5456);
INSERT INTO CALIBER_GRADE (GRADE_ID,DATE_RECEIVED,SCORE,ASSESSMENT_ID,TRAINEE_ID) values (2058,to_timestamp('19-APR-17 06.17.56.885000000 PM','DD-MON-RR HH.MI.SSXFF AM'),100,2072,5456);
INSERT INTO CALIBER_GRADE (GRADE_ID,DATE_RECEIVED,SCORE,ASSESSMENT_ID,TRAINEE_ID) values (2059,to_timestamp('19-APR-17 06.17.58.887000000 PM','DD-MON-RR HH.MI.SSXFF AM'),100,2073,5458);
INSERT INTO CALIBER_GRADE (GRADE_ID,DATE_RECEIVED,SCORE,ASSESSMENT_ID,TRAINEE_ID) values (2060,to_timestamp('19-APR-17 06.18.00.887000000 PM','DD-MON-RR HH.MI.SSXFF AM'),82.54,2071,5458);
INSERT INTO CALIBER_GRADE (GRADE_ID,DATE_RECEIVED,SCORE,ASSESSMENT_ID,TRAINEE_ID) values (2061,to_timestamp('19-APR-17 06.18.01.379000000 PM','DD-MON-RR HH.MI.SSXFF AM'),90,2072,5458);
INSERT INTO CALIBER_GRADE (GRADE_ID,DATE_RECEIVED,SCORE,ASSESSMENT_ID,TRAINEE_ID) values (2062,to_timestamp('19-APR-17 06.18.10.084000000 PM','DD-MON-RR HH.MI.SSXFF AM'),75,2073,5465);
INSERT INTO CALIBER_GRADE (GRADE_ID,DATE_RECEIVED,SCORE,ASSESSMENT_ID,TRAINEE_ID) values (2063,to_timestamp('19-APR-17 06.18.12.281000000 PM','DD-MON-RR HH.MI.SSXFF AM'),84.13,2071,5465);
INSERT INTO CALIBER_GRADE (GRADE_ID,DATE_RECEIVED,SCORE,ASSESSMENT_ID,TRAINEE_ID) values (2064,to_timestamp('19-APR-17 06.18.12.755000000 PM','DD-MON-RR HH.MI.SSXFF AM'),90,2072,5465);
INSERT INTO CALIBER_GRADE (GRADE_ID,DATE_RECEIVED,SCORE,ASSESSMENT_ID,TRAINEE_ID) values (2068,to_timestamp('19-APR-17 06.21.22.971000000 PM','DD-MON-RR HH.MI.SSXFF AM'),90,2069,5540);
INSERT INTO CALIBER_GRADE (GRADE_ID,DATE_RECEIVED,SCORE,ASSESSMENT_ID,TRAINEE_ID) values (2069,to_timestamp('19-APR-17 06.21.23.688000000 PM','DD-MON-RR HH.MI.SSXFF AM'),100,2070,5540);
INSERT INTO CALIBER_GRADE (GRADE_ID,DATE_RECEIVED,SCORE,ASSESSMENT_ID,TRAINEE_ID) values (2148,to_timestamp('19-APR-17 06.30.43.157000000 PM','DD-MON-RR HH.MI.SSXFF AM'),90,2078,5463);
INSERT INTO CALIBER_GRADE (GRADE_ID,DATE_RECEIVED,SCORE,ASSESSMENT_ID,TRAINEE_ID) values (2149,to_timestamp('19-APR-17 06.30.44.324000000 PM','DD-MON-RR HH.MI.SSXFF AM'),100,2079,5463);
INSERT INTO CALIBER_GRADE (GRADE_ID,DATE_RECEIVED,SCORE,ASSESSMENT_ID,TRAINEE_ID) values (2150,to_timestamp('19-APR-17 06.30.45.574000000 PM','DD-MON-RR HH.MI.SSXFF AM'),77.5,2077,5463);
INSERT INTO CALIBER_GRADE (GRADE_ID,DATE_RECEIVED,SCORE,ASSESSMENT_ID,TRAINEE_ID) values (2151,to_timestamp('19-APR-17 06.30.49.435000000 PM','DD-MON-RR HH.MI.SSXFF AM'),0,2078,5473);
INSERT INTO CALIBER_GRADE (GRADE_ID,DATE_RECEIVED,SCORE,ASSESSMENT_ID,TRAINEE_ID) values (2192,to_timestamp('19-APR-17 06.34.13.129000000 PM','DD-MON-RR HH.MI.SSXFF AM'),90,2082,5463);
INSERT INTO CALIBER_GRADE (GRADE_ID,DATE_RECEIVED,SCORE,ASSESSMENT_ID,TRAINEE_ID) values (2193,to_timestamp('19-APR-17 06.35.13.278000000 PM','DD-MON-RR HH.MI.SSXFF AM'),90,2082,5459);
INSERT INTO CALIBER_GRADE (GRADE_ID,DATE_RECEIVED,SCORE,ASSESSMENT_ID,TRAINEE_ID) values (2194,to_timestamp('19-APR-17 06.34.15.165000000 PM','DD-MON-RR HH.MI.SSXFF AM'),100,2080,5463);
INSERT INTO CALIBER_GRADE (GRADE_ID,DATE_RECEIVED,SCORE,ASSESSMENT_ID,TRAINEE_ID) values (2195,to_timestamp('19-APR-17 06.34.17.566000000 PM','DD-MON-RR HH.MI.SSXFF AM'),79.31,2081,5463);
INSERT INTO CALIBER_GRADE (GRADE_ID,DATE_RECEIVED,SCORE,ASSESSMENT_ID,TRAINEE_ID) values (2196,to_timestamp('19-APR-17 06.34.19.567000000 PM','DD-MON-RR HH.MI.SSXFF AM'),90,2082,5461);
INSERT INTO CALIBER_GRADE (GRADE_ID,DATE_RECEIVED,SCORE,ASSESSMENT_ID,TRAINEE_ID) values (2197,to_timestamp('19-APR-17 06.34.20.284000000 PM','DD-MON-RR HH.MI.SSXFF AM'),100,2080,5461);
INSERT INTO CALIBER_GRADE (GRADE_ID,DATE_RECEIVED,SCORE,ASSESSMENT_ID,TRAINEE_ID) values (2198,to_timestamp('19-APR-17 06.34.21.604000000 PM','DD-MON-RR HH.MI.SSXFF AM'),82.41,2081,5461);
INSERT INTO CALIBER_GRADE (GRADE_ID,DATE_RECEIVED,SCORE,ASSESSMENT_ID,TRAINEE_ID) values (2199,to_timestamp('19-APR-17 06.34.24.228000000 PM','DD-MON-RR HH.MI.SSXFF AM'),100,2082,5457);
INSERT INTO CALIBER_GRADE (GRADE_ID,DATE_RECEIVED,SCORE,ASSESSMENT_ID,TRAINEE_ID) values (2200,to_timestamp('19-APR-17 06.34.24.903000000 PM','DD-MON-RR HH.MI.SSXFF AM'),100,2080,5457);
INSERT INTO CALIBER_GRADE (GRADE_ID,DATE_RECEIVED,SCORE,ASSESSMENT_ID,TRAINEE_ID) values (2201,to_timestamp('19-APR-17 06.34.25.964000000 PM','DD-MON-RR HH.MI.SSXFF AM'),72.41,2081,5457);
INSERT INTO CALIBER_GRADE (GRADE_ID,DATE_RECEIVED,SCORE,ASSESSMENT_ID,TRAINEE_ID) values (2202,to_timestamp('19-APR-17 06.34.29.845000000 PM','DD-MON-RR HH.MI.SSXFF AM'),60,2082,5460);
INSERT INTO CALIBER_GRADE (GRADE_ID,DATE_RECEIVED,SCORE,ASSESSMENT_ID,TRAINEE_ID) values (2203,to_timestamp('19-APR-17 06.34.30.456000000 PM','DD-MON-RR HH.MI.SSXFF AM'),100,2080,5460);
INSERT INTO CALIBER_GRADE (GRADE_ID,DATE_RECEIVED,SCORE,ASSESSMENT_ID,TRAINEE_ID) values (2204,to_timestamp('19-APR-17 06.34.32.635000000 PM','DD-MON-RR HH.MI.SSXFF AM'),77.59,2081,5460);
INSERT INTO CALIBER_GRADE (GRADE_ID,DATE_RECEIVED,SCORE,ASSESSMENT_ID,TRAINEE_ID) values (2205,to_timestamp('19-APR-17 06.34.38.552000000 PM','DD-MON-RR HH.MI.SSXFF AM'),90,2082,5456);
INSERT INTO CALIBER_GRADE (GRADE_ID,DATE_RECEIVED,SCORE,ASSESSMENT_ID,TRAINEE_ID) values (2206,to_timestamp('19-APR-17 06.34.39.243000000 PM','DD-MON-RR HH.MI.SSXFF AM'),100,2080,5456);
INSERT INTO CALIBER_GRADE (GRADE_ID,DATE_RECEIVED,SCORE,ASSESSMENT_ID,TRAINEE_ID) values (2207,to_timestamp('19-APR-17 06.34.40.488000000 PM','DD-MON-RR HH.MI.SSXFF AM'),81.03,2081,5456);
INSERT INTO CALIBER_GRADE (GRADE_ID,DATE_RECEIVED,SCORE,ASSESSMENT_ID,TRAINEE_ID) values (2208,to_timestamp('19-APR-17 06.34.45.325000000 PM','DD-MON-RR HH.MI.SSXFF AM'),80,2082,5458);
INSERT INTO CALIBER_GRADE (GRADE_ID,DATE_RECEIVED,SCORE,ASSESSMENT_ID,TRAINEE_ID) values (2209,to_timestamp('19-APR-17 06.34.46.764000000 PM','DD-MON-RR HH.MI.SSXFF AM'),100,2080,5458);
INSERT INTO CALIBER_GRADE (GRADE_ID,DATE_RECEIVED,SCORE,ASSESSMENT_ID,TRAINEE_ID) values (2210,to_timestamp('19-APR-17 06.34.48.161000000 PM','DD-MON-RR HH.MI.SSXFF AM'),85.52,2081,5458);
INSERT INTO CALIBER_GRADE (GRADE_ID,DATE_RECEIVED,SCORE,ASSESSMENT_ID,TRAINEE_ID) values (2211,to_timestamp('19-APR-17 06.34.51.826000000 PM','DD-MON-RR HH.MI.SSXFF AM'),60,2082,5465);
INSERT INTO CALIBER_GRADE (GRADE_ID,DATE_RECEIVED,SCORE,ASSESSMENT_ID,TRAINEE_ID) values (2212,to_timestamp('19-APR-17 06.34.52.878000000 PM','DD-MON-RR HH.MI.SSXFF AM'),100,2080,5465);
INSERT INTO CALIBER_GRADE (GRADE_ID,DATE_RECEIVED,SCORE,ASSESSMENT_ID,TRAINEE_ID) values (2213,to_timestamp('19-APR-17 06.34.54.331000000 PM','DD-MON-RR HH.MI.SSXFF AM'),84.48,2081,5465);
INSERT INTO CALIBER_GRADE (GRADE_ID,DATE_RECEIVED,SCORE,ASSESSMENT_ID,TRAINEE_ID) values (2214,to_timestamp('19-APR-17 06.34.57.683000000 PM','DD-MON-RR HH.MI.SSXFF AM'),80,2082,5466);
INSERT INTO CALIBER_GRADE (GRADE_ID,DATE_RECEIVED,SCORE,ASSESSMENT_ID,TRAINEE_ID) values (2215,to_timestamp('19-APR-17 06.34.59.025000000 PM','DD-MON-RR HH.MI.SSXFF AM'),100,2080,5466);
INSERT INTO CALIBER_GRADE (GRADE_ID,DATE_RECEIVED,SCORE,ASSESSMENT_ID,TRAINEE_ID) values (2216,to_timestamp('19-APR-17 06.35.00.257000000 PM','DD-MON-RR HH.MI.SSXFF AM'),66.55,2081,5466);
INSERT INTO CALIBER_GRADE (GRADE_ID,DATE_RECEIVED,SCORE,ASSESSMENT_ID,TRAINEE_ID) values (2217,to_timestamp('19-APR-17 06.35.03.379000000 PM','DD-MON-RR HH.MI.SSXFF AM'),100,2082,5467);
INSERT INTO CALIBER_GRADE (GRADE_ID,DATE_RECEIVED,SCORE,ASSESSMENT_ID,TRAINEE_ID) values (2218,to_timestamp('19-APR-17 06.35.04.261000000 PM','DD-MON-RR HH.MI.SSXFF AM'),100,2080,5467);
INSERT INTO CALIBER_GRADE (GRADE_ID,DATE_RECEIVED,SCORE,ASSESSMENT_ID,TRAINEE_ID) values (2219,to_timestamp('19-APR-17 06.35.05.580000000 PM','DD-MON-RR HH.MI.SSXFF AM'),79.31,2081,5467);
INSERT INTO CALIBER_GRADE (GRADE_ID,DATE_RECEIVED,SCORE,ASSESSMENT_ID,TRAINEE_ID) values (2220,to_timestamp('19-APR-17 06.35.07.877000000 PM','DD-MON-RR HH.MI.SSXFF AM'),90,2082,5468);
INSERT INTO CALIBER_GRADE (GRADE_ID,DATE_RECEIVED,SCORE,ASSESSMENT_ID,TRAINEE_ID) values (2221,to_timestamp('19-APR-17 06.35.08.709000000 PM','DD-MON-RR HH.MI.SSXFF AM'),50,2080,5468);
INSERT INTO CALIBER_GRADE (GRADE_ID,DATE_RECEIVED,SCORE,ASSESSMENT_ID,TRAINEE_ID) values (2222,to_timestamp('19-APR-17 06.35.10.411000000 PM','DD-MON-RR HH.MI.SSXFF AM'),81.21,2081,5468);
INSERT INTO CALIBER_GRADE (GRADE_ID,DATE_RECEIVED,SCORE,ASSESSMENT_ID,TRAINEE_ID) values (2223,to_timestamp('19-APR-17 06.35.14.360000000 PM','DD-MON-RR HH.MI.SSXFF AM'),100,2080,5459);
INSERT INTO CALIBER_GRADE (GRADE_ID,DATE_RECEIVED,SCORE,ASSESSMENT_ID,TRAINEE_ID) values (2224,to_timestamp('19-APR-17 06.35.15.501000000 PM','DD-MON-RR HH.MI.SSXFF AM'),72.41,2081,5459);
INSERT INTO CALIBER_GRADE (GRADE_ID,DATE_RECEIVED,SCORE,ASSESSMENT_ID,TRAINEE_ID) values (2225,to_timestamp('19-APR-17 06.35.17.803000000 PM','DD-MON-RR HH.MI.SSXFF AM'),90,2082,5464);
INSERT INTO CALIBER_GRADE (GRADE_ID,DATE_RECEIVED,SCORE,ASSESSMENT_ID,TRAINEE_ID) values (2226,to_timestamp('19-APR-17 06.35.19.940000000 PM','DD-MON-RR HH.MI.SSXFF AM'),100,2080,5464);
INSERT INTO CALIBER_GRADE (GRADE_ID,DATE_RECEIVED,SCORE,ASSESSMENT_ID,TRAINEE_ID) values (2227,to_timestamp('19-APR-17 06.35.21.120000000 PM','DD-MON-RR HH.MI.SSXFF AM'),75.86,2081,5464);
INSERT INTO CALIBER_GRADE (GRADE_ID,DATE_RECEIVED,SCORE,ASSESSMENT_ID,TRAINEE_ID) values (2228,to_timestamp('19-APR-17 06.35.24.377000000 PM','DD-MON-RR HH.MI.SSXFF AM'),80,2082,5462);
INSERT INTO CALIBER_GRADE (GRADE_ID,DATE_RECEIVED,SCORE,ASSESSMENT_ID,TRAINEE_ID) values (2229,to_timestamp('19-APR-17 06.35.25.043000000 PM','DD-MON-RR HH.MI.SSXFF AM'),100,2080,5462);
INSERT INTO CALIBER_GRADE (GRADE_ID,DATE_RECEIVED,SCORE,ASSESSMENT_ID,TRAINEE_ID) values (2230,to_timestamp('19-APR-17 06.35.28.499000000 PM','DD-MON-RR HH.MI.SSXFF AM'),84.48,2081,5462);
INSERT INTO CALIBER_GRADE (GRADE_ID,DATE_RECEIVED,SCORE,ASSESSMENT_ID,TRAINEE_ID) values (2231,to_timestamp('19-APR-17 06.35.31.717000000 PM','DD-MON-RR HH.MI.SSXFF AM'),80,2082,5540);
INSERT INTO CALIBER_GRADE (GRADE_ID,DATE_RECEIVED,SCORE,ASSESSMENT_ID,TRAINEE_ID) values (2232,to_timestamp('19-APR-17 06.35.32.453000000 PM','DD-MON-RR HH.MI.SSXFF AM'),100,2080,5540);
INSERT INTO CALIBER_GRADE (GRADE_ID,DATE_RECEIVED,SCORE,ASSESSMENT_ID,TRAINEE_ID) values (2233,to_timestamp('19-APR-17 06.35.34.377000000 PM','DD-MON-RR HH.MI.SSXFF AM'),78.97,2081,5540);
INSERT INTO CALIBER_GRADE (GRADE_ID,DATE_RECEIVED,SCORE,ASSESSMENT_ID,TRAINEE_ID) values (2386,to_timestamp('19-APR-17 06.56.54.901000000 PM','DD-MON-RR HH.MI.SSXFF AM'),69.05,2092,5513);
INSERT INTO CALIBER_GRADE (GRADE_ID,DATE_RECEIVED,SCORE,ASSESSMENT_ID,TRAINEE_ID) values (2872,to_timestamp('19-APR-17 09.20.58.189000000 PM','DD-MON-RR HH.MI.SSXFF AM'),80,3074,5538);
INSERT INTO CALIBER_GRADE (GRADE_ID,DATE_RECEIVED,SCORE,ASSESSMENT_ID,TRAINEE_ID) values (2873,to_timestamp('19-APR-17 09.20.59.301000000 PM','DD-MON-RR HH.MI.SSXFF AM'),66,3072,5538);
INSERT INTO CALIBER_GRADE (GRADE_ID,DATE_RECEIVED,SCORE,ASSESSMENT_ID,TRAINEE_ID) values (2874,to_timestamp('19-APR-17 09.23.10.430000000 PM','DD-MON-RR HH.MI.SSXFF AM'),76.25,3073,5532);
INSERT INTO CALIBER_GRADE (GRADE_ID,DATE_RECEIVED,SCORE,ASSESSMENT_ID,TRAINEE_ID) values (2875,to_timestamp('19-APR-17 09.23.14.307000000 PM','DD-MON-RR HH.MI.SSXFF AM'),90,3074,5532);
INSERT INTO CALIBER_GRADE (GRADE_ID,DATE_RECEIVED,SCORE,ASSESSMENT_ID,TRAINEE_ID) values (2876,to_timestamp('19-APR-17 09.21.07.235000000 PM','DD-MON-RR HH.MI.SSXFF AM'),100,3072,5532);
INSERT INTO CALIBER_GRADE (GRADE_ID,DATE_RECEIVED,SCORE,ASSESSMENT_ID,TRAINEE_ID) values (2877,to_timestamp('19-APR-17 09.21.12.396000000 PM','DD-MON-RR HH.MI.SSXFF AM'),81.25,3073,5536);
INSERT INTO CALIBER_GRADE (GRADE_ID,DATE_RECEIVED,SCORE,ASSESSMENT_ID,TRAINEE_ID) values (2878,to_timestamp('19-APR-17 09.21.13.092000000 PM','DD-MON-RR HH.MI.SSXFF AM'),100,3074,5536);
INSERT INTO CALIBER_GRADE (GRADE_ID,DATE_RECEIVED,SCORE,ASSESSMENT_ID,TRAINEE_ID) values (2879,to_timestamp('19-APR-17 09.21.13.452000000 PM','DD-MON-RR HH.MI.SSXFF AM'),80,3072,5536);
INSERT INTO CALIBER_GRADE (GRADE_ID,DATE_RECEIVED,SCORE,ASSESSMENT_ID,TRAINEE_ID) values (2880,to_timestamp('19-APR-17 09.21.17.489000000 PM','DD-MON-RR HH.MI.SSXFF AM'),72.5,3073,5529);
INSERT INTO CALIBER_GRADE (GRADE_ID,DATE_RECEIVED,SCORE,ASSESSMENT_ID,TRAINEE_ID) values (2881,to_timestamp('19-APR-17 09.21.18.133000000 PM','DD-MON-RR HH.MI.SSXFF AM'),100,3074,5529);
INSERT INTO CALIBER_GRADE (GRADE_ID,DATE_RECEIVED,SCORE,ASSESSMENT_ID,TRAINEE_ID) values (2882,to_timestamp('19-APR-17 09.21.18.725000000 PM','DD-MON-RR HH.MI.SSXFF AM'),66,3072,5529);
INSERT INTO CALIBER_GRADE (GRADE_ID,DATE_RECEIVED,SCORE,ASSESSMENT_ID,TRAINEE_ID) values (2883,to_timestamp('19-APR-17 09.21.25.582000000 PM','DD-MON-RR HH.MI.SSXFF AM'),92.5,3073,5528);
INSERT INTO CALIBER_GRADE (GRADE_ID,DATE_RECEIVED,SCORE,ASSESSMENT_ID,TRAINEE_ID) values (2884,to_timestamp('19-APR-17 09.21.26.518000000 PM','DD-MON-RR HH.MI.SSXFF AM'),100,3074,5528);
INSERT INTO CALIBER_GRADE (GRADE_ID,DATE_RECEIVED,SCORE,ASSESSMENT_ID,TRAINEE_ID) values (2885,to_timestamp('19-APR-17 09.21.29.263000000 PM','DD-MON-RR HH.MI.SSXFF AM'),86,3072,5528);
INSERT INTO CALIBER_GRADE (GRADE_ID,DATE_RECEIVED,SCORE,ASSESSMENT_ID,TRAINEE_ID) values (2886,to_timestamp('19-APR-17 09.24.02.455000000 PM','DD-MON-RR HH.MI.SSXFF AM'),82.5,3073,5526);
INSERT INTO CALIBER_GRADE (GRADE_ID,DATE_RECEIVED,SCORE,ASSESSMENT_ID,TRAINEE_ID) values (2887,to_timestamp('19-APR-17 09.21.33.755000000 PM','DD-MON-RR HH.MI.SSXFF AM'),100,3074,5526);
INSERT INTO CALIBER_GRADE (GRADE_ID,DATE_RECEIVED,SCORE,ASSESSMENT_ID,TRAINEE_ID) values (2888,to_timestamp('19-APR-17 09.21.37.288000000 PM','DD-MON-RR HH.MI.SSXFF AM'),86,3072,5526);
INSERT INTO CALIBER_GRADE (GRADE_ID,DATE_RECEIVED,SCORE,ASSESSMENT_ID,TRAINEE_ID) values (2889,to_timestamp('19-APR-17 09.21.43.766000000 PM','DD-MON-RR HH.MI.SSXFF AM'),92.5,3073,5534);
INSERT INTO CALIBER_GRADE (GRADE_ID,DATE_RECEIVED,SCORE,ASSESSMENT_ID,TRAINEE_ID) values (2890,to_timestamp('19-APR-17 09.21.47.579000000 PM','DD-MON-RR HH.MI.SSXFF AM'),100,3074,5534);
INSERT INTO CALIBER_GRADE (GRADE_ID,DATE_RECEIVED,SCORE,ASSESSMENT_ID,TRAINEE_ID) values (2891,to_timestamp('19-APR-17 09.21.49.569000000 PM','DD-MON-RR HH.MI.SSXFF AM'),100,3072,5534);
INSERT INTO CALIBER_GRADE (GRADE_ID,DATE_RECEIVED,SCORE,ASSESSMENT_ID,TRAINEE_ID) values (2892,to_timestamp('19-APR-17 09.21.52.822000000 PM','DD-MON-RR HH.MI.SSXFF AM'),57.75,3073,5530);
INSERT INTO CALIBER_GRADE (GRADE_ID,DATE_RECEIVED,SCORE,ASSESSMENT_ID,TRAINEE_ID) values (2893,to_timestamp('19-APR-17 09.21.53.270000000 PM','DD-MON-RR HH.MI.SSXFF AM'),50,3074,5530);
INSERT INTO CALIBER_GRADE (GRADE_ID,DATE_RECEIVED,SCORE,ASSESSMENT_ID,TRAINEE_ID) values (2894,to_timestamp('19-APR-17 09.21.53.762000000 PM','DD-MON-RR HH.MI.SSXFF AM'),33,3072,5530);
INSERT INTO CALIBER_GRADE (GRADE_ID,DATE_RECEIVED,SCORE,ASSESSMENT_ID,TRAINEE_ID) values (2895,to_timestamp('19-APR-17 09.21.58.439000000 PM','DD-MON-RR HH.MI.SSXFF AM'),78.75,3073,5531);
INSERT INTO CALIBER_GRADE (GRADE_ID,DATE_RECEIVED,SCORE,ASSESSMENT_ID,TRAINEE_ID) values (2896,to_timestamp('19-APR-17 09.22.00.927000000 PM','DD-MON-RR HH.MI.SSXFF AM'),100,3074,5531);
INSERT INTO CALIBER_GRADE (GRADE_ID,DATE_RECEIVED,SCORE,ASSESSMENT_ID,TRAINEE_ID) values (2897,to_timestamp('19-APR-17 09.22.01.355000000 PM','DD-MON-RR HH.MI.SSXFF AM'),66,3072,5531);
INSERT INTO CALIBER_GRADE (GRADE_ID,DATE_RECEIVED,SCORE,ASSESSMENT_ID,TRAINEE_ID) values (2898,to_timestamp('19-APR-17 09.24.32.172000000 PM','DD-MON-RR HH.MI.SSXFF AM'),66.25,3073,5535);
INSERT INTO CALIBER_GRADE (GRADE_ID,DATE_RECEIVED,SCORE,ASSESSMENT_ID,TRAINEE_ID) values (2899,to_timestamp('19-APR-17 09.22.04.816000000 PM','DD-MON-RR HH.MI.SSXFF AM'),70,3074,5535);
INSERT INTO CALIBER_GRADE (GRADE_ID,DATE_RECEIVED,SCORE,ASSESSMENT_ID,TRAINEE_ID) values (2900,to_timestamp('19-APR-17 09.22.05.648000000 PM','DD-MON-RR HH.MI.SSXFF AM'),33,3072,5535);
INSERT INTO CALIBER_GRADE (GRADE_ID,DATE_RECEIVED,SCORE,ASSESSMENT_ID,TRAINEE_ID) values (2901,to_timestamp('19-APR-17 09.24.39.668000000 PM','DD-MON-RR HH.MI.SSXFF AM'),82.5,3073,5533);
INSERT INTO CALIBER_GRADE (GRADE_ID,DATE_RECEIVED,SCORE,ASSESSMENT_ID,TRAINEE_ID) values (2902,to_timestamp('19-APR-17 09.22.09.248000000 PM','DD-MON-RR HH.MI.SSXFF AM'),100,3074,5533);
INSERT INTO CALIBER_GRADE (GRADE_ID,DATE_RECEIVED,SCORE,ASSESSMENT_ID,TRAINEE_ID) values (2903,to_timestamp('19-APR-17 09.22.09.780000000 PM','DD-MON-RR HH.MI.SSXFF AM'),100,3072,5533);
INSERT INTO CALIBER_GRADE (GRADE_ID,DATE_RECEIVED,SCORE,ASSESSMENT_ID,TRAINEE_ID) values (2904,to_timestamp('19-APR-17 09.22.14.557000000 PM','DD-MON-RR HH.MI.SSXFF AM'),62.5,3073,5537);
INSERT INTO CALIBER_GRADE (GRADE_ID,DATE_RECEIVED,SCORE,ASSESSMENT_ID,TRAINEE_ID) values (2905,to_timestamp('19-APR-17 09.22.15.161000000 PM','DD-MON-RR HH.MI.SSXFF AM'),70,3074,5537);
INSERT INTO CALIBER_GRADE (GRADE_ID,DATE_RECEIVED,SCORE,ASSESSMENT_ID,TRAINEE_ID) values (2906,to_timestamp('19-APR-17 09.22.15.693000000 PM','DD-MON-RR HH.MI.SSXFF AM'),42,3072,5537);
INSERT INTO CALIBER_GRADE (GRADE_ID,DATE_RECEIVED,SCORE,ASSESSMENT_ID,TRAINEE_ID) values (2907,to_timestamp('19-APR-17 09.25.56.793000000 PM','DD-MON-RR HH.MI.SSXFF AM'),100,3076,5524);
INSERT INTO CALIBER_GRADE (GRADE_ID,DATE_RECEIVED,SCORE,ASSESSMENT_ID,TRAINEE_ID) values (2908,to_timestamp('19-APR-17 09.25.59.129000000 PM','DD-MON-RR HH.MI.SSXFF AM'),55.93,3075,5524);
INSERT INTO CALIBER_GRADE (GRADE_ID,DATE_RECEIVED,SCORE,ASSESSMENT_ID,TRAINEE_ID) values (2909,to_timestamp('19-APR-17 09.27.31.682000000 PM','DD-MON-RR HH.MI.SSXFF AM'),100,3076,5539);
INSERT INTO CALIBER_GRADE (GRADE_ID,DATE_RECEIVED,SCORE,ASSESSMENT_ID,TRAINEE_ID) values (2910,to_timestamp('19-APR-17 09.27.31.978000000 PM','DD-MON-RR HH.MI.SSXFF AM'),77.78,3075,5539);
INSERT INTO CALIBER_GRADE (GRADE_ID,DATE_RECEIVED,SCORE,ASSESSMENT_ID,TRAINEE_ID) values (2911,to_timestamp('19-APR-17 09.27.47.238000000 PM','DD-MON-RR HH.MI.SSXFF AM'),100,3076,5525);
INSERT INTO CALIBER_GRADE (GRADE_ID,DATE_RECEIVED,SCORE,ASSESSMENT_ID,TRAINEE_ID) values (2912,to_timestamp('19-APR-17 09.27.47.639000000 PM','DD-MON-RR HH.MI.SSXFF AM'),66.05,3075,5525);
INSERT INTO CALIBER_GRADE (GRADE_ID,DATE_RECEIVED,SCORE,ASSESSMENT_ID,TRAINEE_ID) values (2913,to_timestamp('19-APR-17 09.28.00.141000000 PM','DD-MON-RR HH.MI.SSXFF AM'),100,3076,5527);
INSERT INTO CALIBER_GRADE (GRADE_ID,DATE_RECEIVED,SCORE,ASSESSMENT_ID,TRAINEE_ID) values (2914,to_timestamp('19-APR-17 09.28.00.650000000 PM','DD-MON-RR HH.MI.SSXFF AM'),67.78,3075,5527);
INSERT INTO CALIBER_GRADE (GRADE_ID,DATE_RECEIVED,SCORE,ASSESSMENT_ID,TRAINEE_ID) values (2915,to_timestamp('19-APR-17 09.28.07.439000000 PM','DD-MON-RR HH.MI.SSXFF AM'),100,3076,5538);
INSERT INTO CALIBER_GRADE (GRADE_ID,DATE_RECEIVED,SCORE,ASSESSMENT_ID,TRAINEE_ID) values (2916,to_timestamp('19-APR-17 09.28.07.603000000 PM','DD-MON-RR HH.MI.SSXFF AM'),69.63,3075,5538);
INSERT INTO CALIBER_GRADE (GRADE_ID,DATE_RECEIVED,SCORE,ASSESSMENT_ID,TRAINEE_ID) values (2917,to_timestamp('19-APR-17 09.28.23.566000000 PM','DD-MON-RR HH.MI.SSXFF AM'),100,3076,5532);
INSERT INTO CALIBER_GRADE (GRADE_ID,DATE_RECEIVED,SCORE,ASSESSMENT_ID,TRAINEE_ID) values (2918,to_timestamp('19-APR-17 09.28.23.967000000 PM','DD-MON-RR HH.MI.SSXFF AM'),77.78,3075,5532);
INSERT INTO CALIBER_GRADE (GRADE_ID,DATE_RECEIVED,SCORE,ASSESSMENT_ID,TRAINEE_ID) values (2919,to_timestamp('19-APR-17 09.28.33.619000000 PM','DD-MON-RR HH.MI.SSXFF AM'),100,3076,5536);
INSERT INTO CALIBER_GRADE (GRADE_ID,DATE_RECEIVED,SCORE,ASSESSMENT_ID,TRAINEE_ID) values (2234,to_timestamp('19-APR-17 06.36.46.842000000 PM','DD-MON-RR HH.MI.SSXFF AM'),85,2083,5463);
INSERT INTO CALIBER_GRADE (GRADE_ID,DATE_RECEIVED,SCORE,ASSESSMENT_ID,TRAINEE_ID) values (2235,to_timestamp('19-APR-17 06.39.26.249000000 PM','DD-MON-RR HH.MI.SSXFF AM'),90,2085,5463);
INSERT INTO CALIBER_GRADE (GRADE_ID,DATE_RECEIVED,SCORE,ASSESSMENT_ID,TRAINEE_ID) values (2236,to_timestamp('19-APR-17 06.39.29.385000000 PM','DD-MON-RR HH.MI.SSXFF AM'),61.05,2084,5463);
INSERT INTO CALIBER_GRADE (GRADE_ID,DATE_RECEIVED,SCORE,ASSESSMENT_ID,TRAINEE_ID) values (2237,to_timestamp('19-APR-17 06.39.32.395000000 PM','DD-MON-RR HH.MI.SSXFF AM'),90,2083,5461);
INSERT INTO CALIBER_GRADE (GRADE_ID,DATE_RECEIVED,SCORE,ASSESSMENT_ID,TRAINEE_ID) values (2238,to_timestamp('19-APR-17 06.39.33.478000000 PM','DD-MON-RR HH.MI.SSXFF AM'),100,2085,5461);
INSERT INTO CALIBER_GRADE (GRADE_ID,DATE_RECEIVED,SCORE,ASSESSMENT_ID,TRAINEE_ID) values (2239,to_timestamp('19-APR-17 06.39.34.953000000 PM','DD-MON-RR HH.MI.SSXFF AM'),77.89,2084,5461);
INSERT INTO CALIBER_GRADE (GRADE_ID,DATE_RECEIVED,SCORE,ASSESSMENT_ID,TRAINEE_ID) values (2240,to_timestamp('19-APR-17 06.39.39.500000000 PM','DD-MON-RR HH.MI.SSXFF AM'),90,2083,5457);
INSERT INTO CALIBER_GRADE (GRADE_ID,DATE_RECEIVED,SCORE,ASSESSMENT_ID,TRAINEE_ID) values (2241,to_timestamp('19-APR-17 06.39.44.791000000 PM','DD-MON-RR HH.MI.SSXFF AM'),80,2085,5457);
INSERT INTO CALIBER_GRADE (GRADE_ID,DATE_RECEIVED,SCORE,ASSESSMENT_ID,TRAINEE_ID) values (2242,to_timestamp('19-APR-17 06.39.47.617000000 PM','DD-MON-RR HH.MI.SSXFF AM'),73.68,2084,5457);
INSERT INTO CALIBER_GRADE (GRADE_ID,DATE_RECEIVED,SCORE,ASSESSMENT_ID,TRAINEE_ID) values (2243,to_timestamp('19-APR-17 06.39.53.343000000 PM','DD-MON-RR HH.MI.SSXFF AM'),85,2083,5460);
INSERT INTO CALIBER_GRADE (GRADE_ID,DATE_RECEIVED,SCORE,ASSESSMENT_ID,TRAINEE_ID) values (2244,to_timestamp('19-APR-17 06.39.58.173000000 PM','DD-MON-RR HH.MI.SSXFF AM'),90,2085,5460);
INSERT INTO CALIBER_GRADE (GRADE_ID,DATE_RECEIVED,SCORE,ASSESSMENT_ID,TRAINEE_ID) values (2245,to_timestamp('19-APR-17 06.40.00.312000000 PM','DD-MON-RR HH.MI.SSXFF AM'),75.79,2084,5460);
INSERT INTO CALIBER_GRADE (GRADE_ID,DATE_RECEIVED,SCORE,ASSESSMENT_ID,TRAINEE_ID) values (2246,to_timestamp('19-APR-17 06.40.05.189000000 PM','DD-MON-RR HH.MI.SSXFF AM'),100,2083,5456);
INSERT INTO CALIBER_GRADE (GRADE_ID,DATE_RECEIVED,SCORE,ASSESSMENT_ID,TRAINEE_ID) values (2247,to_timestamp('19-APR-17 06.40.06.012000000 PM','DD-MON-RR HH.MI.SSXFF AM'),100,2085,5456);
INSERT INTO CALIBER_GRADE (GRADE_ID,DATE_RECEIVED,SCORE,ASSESSMENT_ID,TRAINEE_ID) values (2248,to_timestamp('19-APR-17 06.40.07.914000000 PM','DD-MON-RR HH.MI.SSXFF AM'),74.74,2084,5456);
INSERT INTO CALIBER_GRADE (GRADE_ID,DATE_RECEIVED,SCORE,ASSESSMENT_ID,TRAINEE_ID) values (2249,to_timestamp('19-APR-17 06.40.13.195000000 PM','DD-MON-RR HH.MI.SSXFF AM'),85,2083,5458);
INSERT INTO CALIBER_GRADE (GRADE_ID,DATE_RECEIVED,SCORE,ASSESSMENT_ID,TRAINEE_ID) values (2250,to_timestamp('19-APR-17 06.40.14.246000000 PM','DD-MON-RR HH.MI.SSXFF AM'),70,2085,5458);
INSERT INTO CALIBER_GRADE (GRADE_ID,DATE_RECEIVED,SCORE,ASSESSMENT_ID,TRAINEE_ID) values (2251,to_timestamp('19-APR-17 06.40.15.286000000 PM','DD-MON-RR HH.MI.SSXFF AM'),80,2084,5458);
INSERT INTO CALIBER_GRADE (GRADE_ID,DATE_RECEIVED,SCORE,ASSESSMENT_ID,TRAINEE_ID) values (2252,to_timestamp('19-APR-17 06.40.18.026000000 PM','DD-MON-RR HH.MI.SSXFF AM'),85,2083,5465);
INSERT INTO CALIBER_GRADE (GRADE_ID,DATE_RECEIVED,SCORE,ASSESSMENT_ID,TRAINEE_ID) values (2253,to_timestamp('19-APR-17 06.40.18.922000000 PM','DD-MON-RR HH.MI.SSXFF AM'),80,2085,5465);
INSERT INTO CALIBER_GRADE (GRADE_ID,DATE_RECEIVED,SCORE,ASSESSMENT_ID,TRAINEE_ID) values (2254,to_timestamp('19-APR-17 06.40.20.734000000 PM','DD-MON-RR HH.MI.SSXFF AM'),67.37,2084,5465);
INSERT INTO CALIBER_GRADE (GRADE_ID,DATE_RECEIVED,SCORE,ASSESSMENT_ID,TRAINEE_ID) values (2255,to_timestamp('19-APR-17 06.40.24.109000000 PM','DD-MON-RR HH.MI.SSXFF AM'),100,2083,5466);
INSERT INTO CALIBER_GRADE (GRADE_ID,DATE_RECEIVED,SCORE,ASSESSMENT_ID,TRAINEE_ID) values (2256,to_timestamp('19-APR-17 06.40.24.935000000 PM','DD-MON-RR HH.MI.SSXFF AM'),80,2085,5466);
INSERT INTO CALIBER_GRADE (GRADE_ID,DATE_RECEIVED,SCORE,ASSESSMENT_ID,TRAINEE_ID) values (2257,to_timestamp('19-APR-17 06.40.26.286000000 PM','DD-MON-RR HH.MI.SSXFF AM'),72.63,2084,5466);
INSERT INTO CALIBER_GRADE (GRADE_ID,DATE_RECEIVED,SCORE,ASSESSMENT_ID,TRAINEE_ID) values (2258,to_timestamp('19-APR-17 06.40.33.919000000 PM','DD-MON-RR HH.MI.SSXFF AM'),100,2083,5467);
INSERT INTO CALIBER_GRADE (GRADE_ID,DATE_RECEIVED,SCORE,ASSESSMENT_ID,TRAINEE_ID) values (2259,to_timestamp('19-APR-17 06.40.34.306000000 PM','DD-MON-RR HH.MI.SSXFF AM'),80,2085,5467);
INSERT INTO CALIBER_GRADE (GRADE_ID,DATE_RECEIVED,SCORE,ASSESSMENT_ID,TRAINEE_ID) values (2260,to_timestamp('19-APR-17 06.40.35.516000000 PM','DD-MON-RR HH.MI.SSXFF AM'),75.79,2084,5467);
INSERT INTO CALIBER_GRADE (GRADE_ID,DATE_RECEIVED,SCORE,ASSESSMENT_ID,TRAINEE_ID) values (2261,to_timestamp('19-APR-17 06.40.39.510000000 PM','DD-MON-RR HH.MI.SSXFF AM'),0,2083,5468);
INSERT INTO CALIBER_GRADE (GRADE_ID,DATE_RECEIVED,SCORE,ASSESSMENT_ID,TRAINEE_ID) values (2262,to_timestamp('19-APR-17 06.40.42.242000000 PM','DD-MON-RR HH.MI.SSXFF AM'),85,2083,5459);
INSERT INTO CALIBER_GRADE (GRADE_ID,DATE_RECEIVED,SCORE,ASSESSMENT_ID,TRAINEE_ID) values (2263,to_timestamp('19-APR-17 06.40.42.777000000 PM','DD-MON-RR HH.MI.SSXFF AM'),90,2085,5459);
INSERT INTO CALIBER_GRADE (GRADE_ID,DATE_RECEIVED,SCORE,ASSESSMENT_ID,TRAINEE_ID) values (2264,to_timestamp('19-APR-17 06.40.44.597000000 PM','DD-MON-RR HH.MI.SSXFF AM'),65.26,2084,5459);
INSERT INTO CALIBER_GRADE (GRADE_ID,DATE_RECEIVED,SCORE,ASSESSMENT_ID,TRAINEE_ID) values (2265,to_timestamp('19-APR-17 06.40.47.891000000 PM','DD-MON-RR HH.MI.SSXFF AM'),90,2083,5464);
INSERT INTO CALIBER_GRADE (GRADE_ID,DATE_RECEIVED,SCORE,ASSESSMENT_ID,TRAINEE_ID) values (2266,to_timestamp('19-APR-17 06.40.48.595000000 PM','DD-MON-RR HH.MI.SSXFF AM'),90,2085,5464);
INSERT INTO CALIBER_GRADE (GRADE_ID,DATE_RECEIVED,SCORE,ASSESSMENT_ID,TRAINEE_ID) values (2267,to_timestamp('19-APR-17 06.40.49.316000000 PM','DD-MON-RR HH.MI.SSXFF AM'),80,2084,5464);
INSERT INTO CALIBER_GRADE (GRADE_ID,DATE_RECEIVED,SCORE,ASSESSMENT_ID,TRAINEE_ID) values (2268,to_timestamp('19-APR-17 06.40.52.700000000 PM','DD-MON-RR HH.MI.SSXFF AM'),85,2083,5462);
INSERT INTO CALIBER_GRADE (GRADE_ID,DATE_RECEIVED,SCORE,ASSESSMENT_ID,TRAINEE_ID) values (2269,to_timestamp('19-APR-17 06.40.53.383000000 PM','DD-MON-RR HH.MI.SSXFF AM'),100,2085,5462);
INSERT INTO CALIBER_GRADE (GRADE_ID,DATE_RECEIVED,SCORE,ASSESSMENT_ID,TRAINEE_ID) values (2270,to_timestamp('19-APR-17 06.40.54.576000000 PM','DD-MON-RR HH.MI.SSXFF AM'),76.84,2084,5462);
INSERT INTO CALIBER_GRADE (GRADE_ID,DATE_RECEIVED,SCORE,ASSESSMENT_ID,TRAINEE_ID) values (2271,to_timestamp('19-APR-17 06.40.57.344000000 PM','DD-MON-RR HH.MI.SSXFF AM'),100,2083,5540);
INSERT INTO CALIBER_GRADE (GRADE_ID,DATE_RECEIVED,SCORE,ASSESSMENT_ID,TRAINEE_ID) values (2272,to_timestamp('19-APR-17 06.40.58.001000000 PM','DD-MON-RR HH.MI.SSXFF AM'),100,2085,5540);
INSERT INTO CALIBER_GRADE (GRADE_ID,DATE_RECEIVED,SCORE,ASSESSMENT_ID,TRAINEE_ID) values (2273,to_timestamp('19-APR-17 06.41.00.008000000 PM','DD-MON-RR HH.MI.SSXFF AM'),85.26,2084,5540);
INSERT INTO CALIBER_GRADE (GRADE_ID,DATE_RECEIVED,SCORE,ASSESSMENT_ID,TRAINEE_ID) values (2274,to_timestamp('19-APR-17 06.45.17.295000000 PM','DD-MON-RR HH.MI.SSXFF AM'),87.5,2087,5506);
INSERT INTO CALIBER_GRADE (GRADE_ID,DATE_RECEIVED,SCORE,ASSESSMENT_ID,TRAINEE_ID) values (2275,to_timestamp('19-APR-17 06.45.19.119000000 PM','DD-MON-RR HH.MI.SSXFF AM'),100,2088,5506);
INSERT INTO CALIBER_GRADE (GRADE_ID,DATE_RECEIVED,SCORE,ASSESSMENT_ID,TRAINEE_ID) values (2276,to_timestamp('19-APR-17 06.45.21.711000000 PM','DD-MON-RR HH.MI.SSXFF AM'),40,2086,5506);
INSERT INTO CALIBER_GRADE (GRADE_ID,DATE_RECEIVED,SCORE,ASSESSMENT_ID,TRAINEE_ID) values (2277,to_timestamp('19-APR-17 06.45.25.609000000 PM','DD-MON-RR HH.MI.SSXFF AM'),89.29,2087,5503);
INSERT INTO CALIBER_GRADE (GRADE_ID,DATE_RECEIVED,SCORE,ASSESSMENT_ID,TRAINEE_ID) values (2278,to_timestamp('19-APR-17 06.45.26.330000000 PM','DD-MON-RR HH.MI.SSXFF AM'),100,2088,5503);
INSERT INTO CALIBER_GRADE (GRADE_ID,DATE_RECEIVED,SCORE,ASSESSMENT_ID,TRAINEE_ID) values (2279,to_timestamp('19-APR-17 06.45.28.202000000 PM','DD-MON-RR HH.MI.SSXFF AM'),53,2086,5503);
INSERT INTO CALIBER_GRADE (GRADE_ID,DATE_RECEIVED,SCORE,ASSESSMENT_ID,TRAINEE_ID) values (2280,to_timestamp('19-APR-17 06.45.34.183000000 PM','DD-MON-RR HH.MI.SSXFF AM'),53.57,2087,5518);
INSERT INTO CALIBER_GRADE (GRADE_ID,DATE_RECEIVED,SCORE,ASSESSMENT_ID,TRAINEE_ID) values (2281,to_timestamp('19-APR-17 06.45.36.242000000 PM','DD-MON-RR HH.MI.SSXFF AM'),20,2088,5518);
INSERT INTO CALIBER_GRADE (GRADE_ID,DATE_RECEIVED,SCORE,ASSESSMENT_ID,TRAINEE_ID) values (2282,to_timestamp('19-APR-17 06.45.36.816000000 PM','DD-MON-RR HH.MI.SSXFF AM'),20,2086,5518);
INSERT INTO CALIBER_GRADE (GRADE_ID,DATE_RECEIVED,SCORE,ASSESSMENT_ID,TRAINEE_ID) values (2283,to_timestamp('19-APR-17 06.45.41.675000000 PM','DD-MON-RR HH.MI.SSXFF AM'),60.71,2087,5514);
INSERT INTO CALIBER_GRADE (GRADE_ID,DATE_RECEIVED,SCORE,ASSESSMENT_ID,TRAINEE_ID) values (2284,to_timestamp('19-APR-17 06.45.42.887000000 PM','DD-MON-RR HH.MI.SSXFF AM'),80,2088,5514);
INSERT INTO CALIBER_GRADE (GRADE_ID,DATE_RECEIVED,SCORE,ASSESSMENT_ID,TRAINEE_ID) values (2285,to_timestamp('19-APR-17 06.45.43.765000000 PM','DD-MON-RR HH.MI.SSXFF AM'),58,2086,5514);
INSERT INTO CALIBER_GRADE (GRADE_ID,DATE_RECEIVED,SCORE,ASSESSMENT_ID,TRAINEE_ID) values (2286,to_timestamp('19-APR-17 06.45.54.153000000 PM','DD-MON-RR HH.MI.SSXFF AM'),75,2087,5510);
INSERT INTO CALIBER_GRADE (GRADE_ID,DATE_RECEIVED,SCORE,ASSESSMENT_ID,TRAINEE_ID) values (2287,to_timestamp('19-APR-17 06.45.55.274000000 PM','DD-MON-RR HH.MI.SSXFF AM'),90,2088,5510);
INSERT INTO CALIBER_GRADE (GRADE_ID,DATE_RECEIVED,SCORE,ASSESSMENT_ID,TRAINEE_ID) values (2288,to_timestamp('19-APR-17 06.45.56.107000000 PM','DD-MON-RR HH.MI.SSXFF AM'),49,2086,5510);
INSERT INTO CALIBER_GRADE (GRADE_ID,DATE_RECEIVED,SCORE,ASSESSMENT_ID,TRAINEE_ID) values (2289,to_timestamp('19-APR-17 06.46.00.430000000 PM','DD-MON-RR HH.MI.SSXFF AM'),82.14,2087,5504);
INSERT INTO CALIBER_GRADE (GRADE_ID,DATE_RECEIVED,SCORE,ASSESSMENT_ID,TRAINEE_ID) values (2290,to_timestamp('19-APR-17 06.46.02.495000000 PM','DD-MON-RR HH.MI.SSXFF AM'),90,2088,5504);
INSERT INTO CALIBER_GRADE (GRADE_ID,DATE_RECEIVED,SCORE,ASSESSMENT_ID,TRAINEE_ID) values (2291,to_timestamp('19-APR-17 06.46.04.082000000 PM','DD-MON-RR HH.MI.SSXFF AM'),53,2086,5504);
INSERT INTO CALIBER_GRADE (GRADE_ID,DATE_RECEIVED,SCORE,ASSESSMENT_ID,TRAINEE_ID) values (2292,to_timestamp('19-APR-17 06.46.09.146000000 PM','DD-MON-RR HH.MI.SSXFF AM'),57.14,2087,5511);
INSERT INTO CALIBER_GRADE (GRADE_ID,DATE_RECEIVED,SCORE,ASSESSMENT_ID,TRAINEE_ID) values (2293,to_timestamp('19-APR-17 06.46.10.356000000 PM','DD-MON-RR HH.MI.SSXFF AM'),80,2088,5511);
INSERT INTO CALIBER_GRADE (GRADE_ID,DATE_RECEIVED,SCORE,ASSESSMENT_ID,TRAINEE_ID) values (2294,to_timestamp('19-APR-17 06.46.11.193000000 PM','DD-MON-RR HH.MI.SSXFF AM'),41,2086,5511);
INSERT INTO CALIBER_GRADE (GRADE_ID,DATE_RECEIVED,SCORE,ASSESSMENT_ID,TRAINEE_ID) values (2295,to_timestamp('19-APR-17 06.46.19.099000000 PM','DD-MON-RR HH.MI.SSXFF AM'),60.71,2087,5513);
INSERT INTO CALIBER_GRADE (GRADE_ID,DATE_RECEIVED,SCORE,ASSESSMENT_ID,TRAINEE_ID) values (2296,to_timestamp('19-APR-17 06.46.19.805000000 PM','DD-MON-RR HH.MI.SSXFF AM'),60,2088,5513);
INSERT INTO CALIBER_GRADE (GRADE_ID,DATE_RECEIVED,SCORE,ASSESSMENT_ID,TRAINEE_ID) values (2297,to_timestamp('19-APR-17 06.46.21.474000000 PM','DD-MON-RR HH.MI.SSXFF AM'),29,2086,5513);
INSERT INTO CALIBER_GRADE (GRADE_ID,DATE_RECEIVED,SCORE,ASSESSMENT_ID,TRAINEE_ID) values (2298,to_timestamp('19-APR-17 06.46.26.692000000 PM','DD-MON-RR HH.MI.SSXFF AM'),78.57,2087,5507);
INSERT INTO CALIBER_GRADE (GRADE_ID,DATE_RECEIVED,SCORE,ASSESSMENT_ID,TRAINEE_ID) values (2299,to_timestamp('19-APR-17 06.46.27.284000000 PM','DD-MON-RR HH.MI.SSXFF AM'),90,2088,5507);
INSERT INTO CALIBER_GRADE (GRADE_ID,DATE_RECEIVED,SCORE,ASSESSMENT_ID,TRAINEE_ID) values (2300,to_timestamp('19-APR-17 06.46.28.165000000 PM','DD-MON-RR HH.MI.SSXFF AM'),35,2086,5507);
INSERT INTO CALIBER_GRADE (GRADE_ID,DATE_RECEIVED,SCORE,ASSESSMENT_ID,TRAINEE_ID) values (2301,to_timestamp('19-APR-17 06.46.34.741000000 PM','DD-MON-RR HH.MI.SSXFF AM'),64.29,2087,5515);
INSERT INTO CALIBER_GRADE (GRADE_ID,DATE_RECEIVED,SCORE,ASSESSMENT_ID,TRAINEE_ID) values (2302,to_timestamp('19-APR-17 06.46.35.659000000 PM','DD-MON-RR HH.MI.SSXFF AM'),85,2088,5515);
INSERT INTO CALIBER_GRADE (GRADE_ID,DATE_RECEIVED,SCORE,ASSESSMENT_ID,TRAINEE_ID) values (2303,to_timestamp('19-APR-17 06.46.36.360000000 PM','DD-MON-RR HH.MI.SSXFF AM'),43,2086,5515);
INSERT INTO CALIBER_GRADE (GRADE_ID,DATE_RECEIVED,SCORE,ASSESSMENT_ID,TRAINEE_ID) values (2304,to_timestamp('19-APR-17 06.46.39.651000000 PM','DD-MON-RR HH.MI.SSXFF AM'),78.57,2087,5509);
INSERT INTO CALIBER_GRADE (GRADE_ID,DATE_RECEIVED,SCORE,ASSESSMENT_ID,TRAINEE_ID) values (2305,to_timestamp('19-APR-17 06.46.40.117000000 PM','DD-MON-RR HH.MI.SSXFF AM'),90,2088,5509);
INSERT INTO CALIBER_GRADE (GRADE_ID,DATE_RECEIVED,SCORE,ASSESSMENT_ID,TRAINEE_ID) values (2306,to_timestamp('19-APR-17 06.46.40.549000000 PM','DD-MON-RR HH.MI.SSXFF AM'),31,2086,5509);
INSERT INTO CALIBER_GRADE (GRADE_ID,DATE_RECEIVED,SCORE,ASSESSMENT_ID,TRAINEE_ID) values (2307,to_timestamp('19-APR-17 06.46.46.714000000 PM','DD-MON-RR HH.MI.SSXFF AM'),92.86,2087,5517);
INSERT INTO CALIBER_GRADE (GRADE_ID,DATE_RECEIVED,SCORE,ASSESSMENT_ID,TRAINEE_ID) values (2308,to_timestamp('19-APR-17 06.46.47.998000000 PM','DD-MON-RR HH.MI.SSXFF AM'),100,2088,5517);
INSERT INTO CALIBER_GRADE (GRADE_ID,DATE_RECEIVED,SCORE,ASSESSMENT_ID,TRAINEE_ID) values (2309,to_timestamp('19-APR-17 06.46.48.472000000 PM','DD-MON-RR HH.MI.SSXFF AM'),78,2086,5517);
INSERT INTO CALIBER_GRADE (GRADE_ID,DATE_RECEIVED,SCORE,ASSESSMENT_ID,TRAINEE_ID) values (2310,to_timestamp('19-APR-17 06.46.54.538000000 PM','DD-MON-RR HH.MI.SSXFF AM'),94.64,2087,5512);
INSERT INTO CALIBER_GRADE (GRADE_ID,DATE_RECEIVED,SCORE,ASSESSMENT_ID,TRAINEE_ID) values (2311,to_timestamp('19-APR-17 06.46.55.354000000 PM','DD-MON-RR HH.MI.SSXFF AM'),90,2088,5512);
INSERT INTO CALIBER_GRADE (GRADE_ID,DATE_RECEIVED,SCORE,ASSESSMENT_ID,TRAINEE_ID) values (2312,to_timestamp('19-APR-17 06.46.55.778000000 PM','DD-MON-RR HH.MI.SSXFF AM'),46,2086,5512);
INSERT INTO CALIBER_GRADE (GRADE_ID,DATE_RECEIVED,SCORE,ASSESSMENT_ID,TRAINEE_ID) values (2313,to_timestamp('19-APR-17 06.47.05.295000000 PM','DD-MON-RR HH.MI.SSXFF AM'),46.43,2087,5519);
INSERT INTO CALIBER_GRADE (GRADE_ID,DATE_RECEIVED,SCORE,ASSESSMENT_ID,TRAINEE_ID) values (2314,to_timestamp('19-APR-17 06.47.06.140000000 PM','DD-MON-RR HH.MI.SSXFF AM'),60,2088,5519);
INSERT INTO CALIBER_GRADE (GRADE_ID,DATE_RECEIVED,SCORE,ASSESSMENT_ID,TRAINEE_ID) values (2315,to_timestamp('19-APR-17 06.47.06.820000000 PM','DD-MON-RR HH.MI.SSXFF AM'),43,2086,5519);
INSERT INTO CALIBER_GRADE (GRADE_ID,DATE_RECEIVED,SCORE,ASSESSMENT_ID,TRAINEE_ID) values (2316,to_timestamp('19-APR-17 06.47.10.983000000 PM','DD-MON-RR HH.MI.SSXFF AM'),87.5,2087,5505);
INSERT INTO CALIBER_GRADE (GRADE_ID,DATE_RECEIVED,SCORE,ASSESSMENT_ID,TRAINEE_ID) values (2317,to_timestamp('19-APR-17 06.47.14.074000000 PM','DD-MON-RR HH.MI.SSXFF AM'),100,2088,5505);
INSERT INTO CALIBER_GRADE (GRADE_ID,DATE_RECEIVED,SCORE,ASSESSMENT_ID,TRAINEE_ID) values (2318,to_timestamp('19-APR-17 06.47.14.686000000 PM','DD-MON-RR HH.MI.SSXFF AM'),49,2086,5505);
INSERT INTO CALIBER_GRADE (GRADE_ID,DATE_RECEIVED,SCORE,ASSESSMENT_ID,TRAINEE_ID) values (2319,to_timestamp('19-APR-17 06.47.22.783000000 PM','DD-MON-RR HH.MI.SSXFF AM'),82.14,2087,5508);
INSERT INTO CALIBER_GRADE (GRADE_ID,DATE_RECEIVED,SCORE,ASSESSMENT_ID,TRAINEE_ID) values (2320,to_timestamp('19-APR-17 06.47.23.526000000 PM','DD-MON-RR HH.MI.SSXFF AM'),90,2088,5508);
INSERT INTO CALIBER_GRADE (GRADE_ID,DATE_RECEIVED,SCORE,ASSESSMENT_ID,TRAINEE_ID) values (2321,to_timestamp('19-APR-17 06.47.24.209000000 PM','DD-MON-RR HH.MI.SSXFF AM'),54,2086,5508);
INSERT INTO CALIBER_GRADE (GRADE_ID,DATE_RECEIVED,SCORE,ASSESSMENT_ID,TRAINEE_ID) values (2322,to_timestamp('19-APR-17 06.47.29.735000000 PM','DD-MON-RR HH.MI.SSXFF AM'),71.43,2087,5516);
INSERT INTO CALIBER_GRADE (GRADE_ID,DATE_RECEIVED,SCORE,ASSESSMENT_ID,TRAINEE_ID) values (2323,to_timestamp('19-APR-17 06.47.30.312000000 PM','DD-MON-RR HH.MI.SSXFF AM'),85,2088,5516);
INSERT INTO CALIBER_GRADE (GRADE_ID,DATE_RECEIVED,SCORE,ASSESSMENT_ID,TRAINEE_ID) values (2324,to_timestamp('19-APR-17 06.47.30.869000000 PM','DD-MON-RR HH.MI.SSXFF AM'),34,2086,5516);
INSERT INTO CALIBER_GRADE (GRADE_ID,DATE_RECEIVED,SCORE,ASSESSMENT_ID,TRAINEE_ID) values (2325,to_timestamp('19-APR-17 06.51.31.845000000 PM','DD-MON-RR HH.MI.SSXFF AM'),100,2091,5506);
INSERT INTO CALIBER_GRADE (GRADE_ID,DATE_RECEIVED,SCORE,ASSESSMENT_ID,TRAINEE_ID) values (2326,to_timestamp('19-APR-17 06.51.46.132000000 PM','DD-MON-RR HH.MI.SSXFF AM'),89.13,2090,5506);
INSERT INTO CALIBER_GRADE (GRADE_ID,DATE_RECEIVED,SCORE,ASSESSMENT_ID,TRAINEE_ID) values (2327,to_timestamp('19-APR-17 06.51.47.058000000 PM','DD-MON-RR HH.MI.SSXFF AM'),100,2089,5506);
INSERT INTO CALIBER_GRADE (GRADE_ID,DATE_RECEIVED,SCORE,ASSESSMENT_ID,TRAINEE_ID) values (2328,to_timestamp('19-APR-17 06.51.50.775000000 PM','DD-MON-RR HH.MI.SSXFF AM'),100,2091,5503);
INSERT INTO CALIBER_GRADE (GRADE_ID,DATE_RECEIVED,SCORE,ASSESSMENT_ID,TRAINEE_ID) values (2329,to_timestamp('19-APR-17 06.51.54.046000000 PM','DD-MON-RR HH.MI.SSXFF AM'),93.48,2090,5503);
INSERT INTO CALIBER_GRADE (GRADE_ID,DATE_RECEIVED,SCORE,ASSESSMENT_ID,TRAINEE_ID) values (2330,to_timestamp('19-APR-17 06.51.54.752000000 PM','DD-MON-RR HH.MI.SSXFF AM'),100,2089,5503);
INSERT INTO CALIBER_GRADE (GRADE_ID,DATE_RECEIVED,SCORE,ASSESSMENT_ID,TRAINEE_ID) values (2331,to_timestamp('19-APR-17 06.52.04.672000000 PM','DD-MON-RR HH.MI.SSXFF AM'),100,2091,5514);
INSERT INTO CALIBER_GRADE (GRADE_ID,DATE_RECEIVED,SCORE,ASSESSMENT_ID,TRAINEE_ID) values (2332,to_timestamp('19-APR-17 06.52.08.613000000 PM','DD-MON-RR HH.MI.SSXFF AM'),65.22,2090,5514);
INSERT INTO CALIBER_GRADE (GRADE_ID,DATE_RECEIVED,SCORE,ASSESSMENT_ID,TRAINEE_ID) values (2333,to_timestamp('19-APR-17 06.52.09.178000000 PM','DD-MON-RR HH.MI.SSXFF AM'),80,2089,5514);
INSERT INTO CALIBER_GRADE (GRADE_ID,DATE_RECEIVED,SCORE,ASSESSMENT_ID,TRAINEE_ID) values (2334,to_timestamp('19-APR-17 06.52.19.252000000 PM','DD-MON-RR HH.MI.SSXFF AM'),100,2091,5510);
INSERT INTO CALIBER_GRADE (GRADE_ID,DATE_RECEIVED,SCORE,ASSESSMENT_ID,TRAINEE_ID) values (2335,to_timestamp('19-APR-17 06.52.25.137000000 PM','DD-MON-RR HH.MI.SSXFF AM'),80.43,2090,5510);
INSERT INTO CALIBER_GRADE (GRADE_ID,DATE_RECEIVED,SCORE,ASSESSMENT_ID,TRAINEE_ID) values (2336,to_timestamp('19-APR-17 06.52.25.888000000 PM','DD-MON-RR HH.MI.SSXFF AM'),90,2089,5510);
INSERT INTO CALIBER_GRADE (GRADE_ID,DATE_RECEIVED,SCORE,ASSESSMENT_ID,TRAINEE_ID) values (2337,to_timestamp('19-APR-17 06.52.30.757000000 PM','DD-MON-RR HH.MI.SSXFF AM'),100,2091,5504);
INSERT INTO CALIBER_GRADE (GRADE_ID,DATE_RECEIVED,SCORE,ASSESSMENT_ID,TRAINEE_ID) values (2338,to_timestamp('19-APR-17 06.52.33.466000000 PM','DD-MON-RR HH.MI.SSXFF AM'),73.91,2090,5504);
INSERT INTO CALIBER_GRADE (GRADE_ID,DATE_RECEIVED,SCORE,ASSESSMENT_ID,TRAINEE_ID) values (2339,to_timestamp('19-APR-17 06.52.34.146000000 PM','DD-MON-RR HH.MI.SSXFF AM'),100,2089,5504);
INSERT INTO CALIBER_GRADE (GRADE_ID,DATE_RECEIVED,SCORE,ASSESSMENT_ID,TRAINEE_ID) values (2340,to_timestamp('19-APR-17 06.52.39.376000000 PM','DD-MON-RR HH.MI.SSXFF AM'),100,2091,5511);
INSERT INTO CALIBER_GRADE (GRADE_ID,DATE_RECEIVED,SCORE,ASSESSMENT_ID,TRAINEE_ID) values (2341,to_timestamp('19-APR-17 06.52.43.376000000 PM','DD-MON-RR HH.MI.SSXFF AM'),80.43,2090,5511);
INSERT INTO CALIBER_GRADE (GRADE_ID,DATE_RECEIVED,SCORE,ASSESSMENT_ID,TRAINEE_ID) values (2342,to_timestamp('19-APR-17 06.52.44.205000000 PM','DD-MON-RR HH.MI.SSXFF AM'),80,2089,5511);
INSERT INTO CALIBER_GRADE (GRADE_ID,DATE_RECEIVED,SCORE,ASSESSMENT_ID,TRAINEE_ID) values (2343,to_timestamp('19-APR-17 06.52.46.720000000 PM','DD-MON-RR HH.MI.SSXFF AM'),100,2091,5513);
INSERT INTO CALIBER_GRADE (GRADE_ID,DATE_RECEIVED,SCORE,ASSESSMENT_ID,TRAINEE_ID) values (2344,to_timestamp('19-APR-17 06.52.48.183000000 PM','DD-MON-RR HH.MI.SSXFF AM'),69.57,2090,5513);
INSERT INTO CALIBER_GRADE (GRADE_ID,DATE_RECEIVED,SCORE,ASSESSMENT_ID,TRAINEE_ID) values (2345,to_timestamp('19-APR-17 06.52.48.871000000 PM','DD-MON-RR HH.MI.SSXFF AM'),60,2089,5513);
INSERT INTO CALIBER_GRADE (GRADE_ID,DATE_RECEIVED,SCORE,ASSESSMENT_ID,TRAINEE_ID) values (2346,to_timestamp('19-APR-17 06.52.52.063000000 PM','DD-MON-RR HH.MI.SSXFF AM'),100,2091,5507);
INSERT INTO CALIBER_GRADE (GRADE_ID,DATE_RECEIVED,SCORE,ASSESSMENT_ID,TRAINEE_ID) values (2347,to_timestamp('19-APR-17 06.52.53.681000000 PM','DD-MON-RR HH.MI.SSXFF AM'),86.96,2090,5507);
INSERT INTO CALIBER_GRADE (GRADE_ID,DATE_RECEIVED,SCORE,ASSESSMENT_ID,TRAINEE_ID) values (2348,to_timestamp('19-APR-17 06.52.54.539000000 PM','DD-MON-RR HH.MI.SSXFF AM'),100,2089,5507);
INSERT INTO CALIBER_GRADE (GRADE_ID,DATE_RECEIVED,SCORE,ASSESSMENT_ID,TRAINEE_ID) values (2349,to_timestamp('19-APR-17 06.52.58.257000000 PM','DD-MON-RR HH.MI.SSXFF AM'),100,2091,5515);
INSERT INTO CALIBER_GRADE (GRADE_ID,DATE_RECEIVED,SCORE,ASSESSMENT_ID,TRAINEE_ID) values (2350,to_timestamp('19-APR-17 06.52.59.594000000 PM','DD-MON-RR HH.MI.SSXFF AM'),89.13,2090,5515);
INSERT INTO CALIBER_GRADE (GRADE_ID,DATE_RECEIVED,SCORE,ASSESSMENT_ID,TRAINEE_ID) values (2351,to_timestamp('19-APR-17 06.52.59.972000000 PM','DD-MON-RR HH.MI.SSXFF AM'),90,2089,5515);
INSERT INTO CALIBER_GRADE (GRADE_ID,DATE_RECEIVED,SCORE,ASSESSMENT_ID,TRAINEE_ID) values (2352,to_timestamp('19-APR-17 06.53.01.994000000 PM','DD-MON-RR HH.MI.SSXFF AM'),100,2091,5509);
INSERT INTO CALIBER_GRADE (GRADE_ID,DATE_RECEIVED,SCORE,ASSESSMENT_ID,TRAINEE_ID) values (2353,to_timestamp('19-APR-17 06.53.03.595000000 PM','DD-MON-RR HH.MI.SSXFF AM'),78.26,2090,5509);
INSERT INTO CALIBER_GRADE (GRADE_ID,DATE_RECEIVED,SCORE,ASSESSMENT_ID,TRAINEE_ID) values (2354,to_timestamp('19-APR-17 06.53.04.007000000 PM','DD-MON-RR HH.MI.SSXFF AM'),80,2089,5509);
INSERT INTO CALIBER_GRADE (GRADE_ID,DATE_RECEIVED,SCORE,ASSESSMENT_ID,TRAINEE_ID) values (2355,to_timestamp('19-APR-17 06.53.07.133000000 PM','DD-MON-RR HH.MI.SSXFF AM'),100,2091,5517);
INSERT INTO CALIBER_GRADE (GRADE_ID,DATE_RECEIVED,SCORE,ASSESSMENT_ID,TRAINEE_ID) values (2356,to_timestamp('19-APR-17 06.53.08.267000000 PM','DD-MON-RR HH.MI.SSXFF AM'),89.13,2090,5517);
INSERT INTO CALIBER_GRADE (GRADE_ID,DATE_RECEIVED,SCORE,ASSESSMENT_ID,TRAINEE_ID) values (2357,to_timestamp('19-APR-17 06.53.08.959000000 PM','DD-MON-RR HH.MI.SSXFF AM'),100,2089,5517);
INSERT INTO CALIBER_GRADE (GRADE_ID,DATE_RECEIVED,SCORE,ASSESSMENT_ID,TRAINEE_ID) values (2358,to_timestamp('19-APR-17 06.53.11.375000000 PM','DD-MON-RR HH.MI.SSXFF AM'),100,2091,5512);
INSERT INTO CALIBER_GRADE (GRADE_ID,DATE_RECEIVED,SCORE,ASSESSMENT_ID,TRAINEE_ID) values (2359,to_timestamp('19-APR-17 06.53.13.069000000 PM','DD-MON-RR HH.MI.SSXFF AM'),76.09,2090,5512);
INSERT INTO CALIBER_GRADE (GRADE_ID,DATE_RECEIVED,SCORE,ASSESSMENT_ID,TRAINEE_ID) values (2360,to_timestamp('19-APR-17 06.53.13.490000000 PM','DD-MON-RR HH.MI.SSXFF AM'),80,2089,5512);
INSERT INTO CALIBER_GRADE (GRADE_ID,DATE_RECEIVED,SCORE,ASSESSMENT_ID,TRAINEE_ID) values (2361,to_timestamp('19-APR-17 06.53.17.096000000 PM','DD-MON-RR HH.MI.SSXFF AM'),100,2091,5519);
INSERT INTO CALIBER_GRADE (GRADE_ID,DATE_RECEIVED,SCORE,ASSESSMENT_ID,TRAINEE_ID) values (2362,to_timestamp('19-APR-17 06.53.18.741000000 PM','DD-MON-RR HH.MI.SSXFF AM'),67.39,2090,5519);
INSERT INTO CALIBER_GRADE (GRADE_ID,DATE_RECEIVED,SCORE,ASSESSMENT_ID,TRAINEE_ID) values (2363,to_timestamp('19-APR-17 06.53.19.073000000 PM','DD-MON-RR HH.MI.SSXFF AM'),50,2089,5519);
INSERT INTO CALIBER_GRADE (GRADE_ID,DATE_RECEIVED,SCORE,ASSESSMENT_ID,TRAINEE_ID) values (2364,to_timestamp('19-APR-17 06.53.21.089000000 PM','DD-MON-RR HH.MI.SSXFF AM'),100,2091,5505);
INSERT INTO CALIBER_GRADE (GRADE_ID,DATE_RECEIVED,SCORE,ASSESSMENT_ID,TRAINEE_ID) values (2365,to_timestamp('19-APR-17 06.53.22.825000000 PM','DD-MON-RR HH.MI.SSXFF AM'),89.13,2090,5505);
INSERT INTO CALIBER_GRADE (GRADE_ID,DATE_RECEIVED,SCORE,ASSESSMENT_ID,TRAINEE_ID) values (2366,to_timestamp('19-APR-17 06.53.23.432000000 PM','DD-MON-RR HH.MI.SSXFF AM'),100,2089,5505);
INSERT INTO CALIBER_GRADE (GRADE_ID,DATE_RECEIVED,SCORE,ASSESSMENT_ID,TRAINEE_ID) values (2367,to_timestamp('19-APR-17 06.53.26.395000000 PM','DD-MON-RR HH.MI.SSXFF AM'),100,2091,5508);
INSERT INTO CALIBER_GRADE (GRADE_ID,DATE_RECEIVED,SCORE,ASSESSMENT_ID,TRAINEE_ID) values (2368,to_timestamp('19-APR-17 06.53.27.574000000 PM','DD-MON-RR HH.MI.SSXFF AM'),89.13,2090,5508);
INSERT INTO CALIBER_GRADE (GRADE_ID,DATE_RECEIVED,SCORE,ASSESSMENT_ID,TRAINEE_ID) values (2369,to_timestamp('19-APR-17 06.53.28.462000000 PM','DD-MON-RR HH.MI.SSXFF AM'),100,2089,5508);
INSERT INTO CALIBER_GRADE (GRADE_ID,DATE_RECEIVED,SCORE,ASSESSMENT_ID,TRAINEE_ID) values (2370,to_timestamp('19-APR-17 06.53.30.582000000 PM','DD-MON-RR HH.MI.SSXFF AM'),100,2091,5516);
INSERT INTO CALIBER_GRADE (GRADE_ID,DATE_RECEIVED,SCORE,ASSESSMENT_ID,TRAINEE_ID) values (2371,to_timestamp('19-APR-17 06.53.33.846000000 PM','DD-MON-RR HH.MI.SSXFF AM'),84.78,2090,5516);
INSERT INTO CALIBER_GRADE (GRADE_ID,DATE_RECEIVED,SCORE,ASSESSMENT_ID,TRAINEE_ID) values (2372,to_timestamp('19-APR-17 06.53.34.531000000 PM','DD-MON-RR HH.MI.SSXFF AM'),100,2089,5516);
INSERT INTO CALIBER_GRADE (GRADE_ID,DATE_RECEIVED,SCORE,ASSESSMENT_ID,TRAINEE_ID) values (2665,to_timestamp('19-APR-17 08.56.35.407000000 PM','DD-MON-RR HH.MI.SSXFF AM'),41,3061,5524);
INSERT INTO CALIBER_GRADE (GRADE_ID,DATE_RECEIVED,SCORE,ASSESSMENT_ID,TRAINEE_ID) values (2666,to_timestamp('19-APR-17 08.56.37.304000000 PM','DD-MON-RR HH.MI.SSXFF AM'),70,3063,5524);
INSERT INTO CALIBER_GRADE (GRADE_ID,DATE_RECEIVED,SCORE,ASSESSMENT_ID,TRAINEE_ID) values (2667,to_timestamp('19-APR-17 08.56.38.724000000 PM','DD-MON-RR HH.MI.SSXFF AM'),60.71,3062,5524);
INSERT INTO CALIBER_GRADE (GRADE_ID,DATE_RECEIVED,SCORE,ASSESSMENT_ID,TRAINEE_ID) values (2668,to_timestamp('19-APR-17 08.56.51.465000000 PM','DD-MON-RR HH.MI.SSXFF AM'),0,3061,5520);
INSERT INTO CALIBER_GRADE (GRADE_ID,DATE_RECEIVED,SCORE,ASSESSMENT_ID,TRAINEE_ID) values (2669,to_timestamp('19-APR-17 08.56.56.213000000 PM','DD-MON-RR HH.MI.SSXFF AM'),47,3061,5539);
INSERT INTO CALIBER_GRADE (GRADE_ID,DATE_RECEIVED,SCORE,ASSESSMENT_ID,TRAINEE_ID) values (2670,to_timestamp('19-APR-17 08.56.58.498000000 PM','DD-MON-RR HH.MI.SSXFF AM'),100,3063,5539);
INSERT INTO CALIBER_GRADE (GRADE_ID,DATE_RECEIVED,SCORE,ASSESSMENT_ID,TRAINEE_ID) values (2671,to_timestamp('19-APR-17 08.57.01.310000000 PM','DD-MON-RR HH.MI.SSXFF AM'),76.79,3062,5539);
INSERT INTO CALIBER_GRADE (GRADE_ID,DATE_RECEIVED,SCORE,ASSESSMENT_ID,TRAINEE_ID) values (2672,to_timestamp('19-APR-17 08.57.04.900000000 PM','DD-MON-RR HH.MI.SSXFF AM'),34,3061,5525);
INSERT INTO CALIBER_GRADE (GRADE_ID,DATE_RECEIVED,SCORE,ASSESSMENT_ID,TRAINEE_ID) values (2673,to_timestamp('19-APR-17 08.57.05.985000000 PM','DD-MON-RR HH.MI.SSXFF AM'),100,3063,5525);
INSERT INTO CALIBER_GRADE (GRADE_ID,DATE_RECEIVED,SCORE,ASSESSMENT_ID,TRAINEE_ID) values (2674,to_timestamp('19-APR-17 08.57.07.265000000 PM','DD-MON-RR HH.MI.SSXFF AM'),67.86,3062,5525);
INSERT INTO CALIBER_GRADE (GRADE_ID,DATE_RECEIVED,SCORE,ASSESSMENT_ID,TRAINEE_ID) values (2675,to_timestamp('19-APR-17 08.57.11.938000000 PM','DD-MON-RR HH.MI.SSXFF AM'),27,3061,5527);
INSERT INTO CALIBER_GRADE (GRADE_ID,DATE_RECEIVED,SCORE,ASSESSMENT_ID,TRAINEE_ID) values (2676,to_timestamp('19-APR-17 08.57.13.498000000 PM','DD-MON-RR HH.MI.SSXFF AM'),80,3063,5527);
INSERT INTO CALIBER_GRADE (GRADE_ID,DATE_RECEIVED,SCORE,ASSESSMENT_ID,TRAINEE_ID) values (2677,to_timestamp('19-APR-17 08.57.13.910000000 PM','DD-MON-RR HH.MI.SSXFF AM'),75,3062,5527);
INSERT INTO CALIBER_GRADE (GRADE_ID,DATE_RECEIVED,SCORE,ASSESSMENT_ID,TRAINEE_ID) values (2678,to_timestamp('19-APR-17 08.57.16.358000000 PM','DD-MON-RR HH.MI.SSXFF AM'),37,3061,5538);
INSERT INTO CALIBER_GRADE (GRADE_ID,DATE_RECEIVED,SCORE,ASSESSMENT_ID,TRAINEE_ID) values (2679,to_timestamp('19-APR-17 08.57.16.994000000 PM','DD-MON-RR HH.MI.SSXFF AM'),90,3063,5538);
INSERT INTO CALIBER_GRADE (GRADE_ID,DATE_RECEIVED,SCORE,ASSESSMENT_ID,TRAINEE_ID) values (2680,to_timestamp('19-APR-17 08.57.18.210000000 PM','DD-MON-RR HH.MI.SSXFF AM'),67.86,3062,5538);
INSERT INTO CALIBER_GRADE (GRADE_ID,DATE_RECEIVED,SCORE,ASSESSMENT_ID,TRAINEE_ID) values (2681,to_timestamp('19-APR-17 08.57.21.763000000 PM','DD-MON-RR HH.MI.SSXFF AM'),21,3061,5532);
INSERT INTO CALIBER_GRADE (GRADE_ID,DATE_RECEIVED,SCORE,ASSESSMENT_ID,TRAINEE_ID) values (2682,to_timestamp('19-APR-17 08.57.22.731000000 PM','DD-MON-RR HH.MI.SSXFF AM'),50,3063,5532);
INSERT INTO CALIBER_GRADE (GRADE_ID,DATE_RECEIVED,SCORE,ASSESSMENT_ID,TRAINEE_ID) values (2683,to_timestamp('19-APR-17 08.57.24.035000000 PM','DD-MON-RR HH.MI.SSXFF AM'),73.21,3062,5532);
INSERT INTO CALIBER_GRADE (GRADE_ID,DATE_RECEIVED,SCORE,ASSESSMENT_ID,TRAINEE_ID) values (2684,to_timestamp('19-APR-17 08.57.28.336000000 PM','DD-MON-RR HH.MI.SSXFF AM'),53,3061,5536);
INSERT INTO CALIBER_GRADE (GRADE_ID,DATE_RECEIVED,SCORE,ASSESSMENT_ID,TRAINEE_ID) values (2685,to_timestamp('19-APR-17 08.57.29.140000000 PM','DD-MON-RR HH.MI.SSXFF AM'),60,3063,5536);
INSERT INTO CALIBER_GRADE (GRADE_ID,DATE_RECEIVED,SCORE,ASSESSMENT_ID,TRAINEE_ID) values (2686,to_timestamp('19-APR-17 08.57.31.049000000 PM','DD-MON-RR HH.MI.SSXFF AM'),76.79,3062,5536);
INSERT INTO CALIBER_GRADE (GRADE_ID,DATE_RECEIVED,SCORE,ASSESSMENT_ID,TRAINEE_ID) values (2687,to_timestamp('19-APR-17 08.57.33.297000000 PM','DD-MON-RR HH.MI.SSXFF AM'),46,3061,5529);
INSERT INTO CALIBER_GRADE (GRADE_ID,DATE_RECEIVED,SCORE,ASSESSMENT_ID,TRAINEE_ID) values (2688,to_timestamp('19-APR-17 08.57.34.129000000 PM','DD-MON-RR HH.MI.SSXFF AM'),70,3063,5529);
INSERT INTO CALIBER_GRADE (GRADE_ID,DATE_RECEIVED,SCORE,ASSESSMENT_ID,TRAINEE_ID) values (2689,to_timestamp('19-APR-17 08.57.35.793000000 PM','DD-MON-RR HH.MI.SSXFF AM'),69.64,3062,5529);
INSERT INTO CALIBER_GRADE (GRADE_ID,DATE_RECEIVED,SCORE,ASSESSMENT_ID,TRAINEE_ID) values (2690,to_timestamp('19-APR-17 08.57.39.638000000 PM','DD-MON-RR HH.MI.SSXFF AM'),21,3061,5522);
INSERT INTO CALIBER_GRADE (GRADE_ID,DATE_RECEIVED,SCORE,ASSESSMENT_ID,TRAINEE_ID) values (2691,to_timestamp('19-APR-17 08.57.40.410000000 PM','DD-MON-RR HH.MI.SSXFF AM'),70,3063,5522);
INSERT INTO CALIBER_GRADE (GRADE_ID,DATE_RECEIVED,SCORE,ASSESSMENT_ID,TRAINEE_ID) values (2692,to_timestamp('19-APR-17 08.57.41.698000000 PM','DD-MON-RR HH.MI.SSXFF AM'),73.21,3062,5522);
INSERT INTO CALIBER_GRADE (GRADE_ID,DATE_RECEIVED,SCORE,ASSESSMENT_ID,TRAINEE_ID) values (2693,to_timestamp('19-APR-17 08.57.56.936000000 PM','DD-MON-RR HH.MI.SSXFF AM'),76.79,3063,5528);
INSERT INTO CALIBER_GRADE (GRADE_ID,DATE_RECEIVED,SCORE,ASSESSMENT_ID,TRAINEE_ID) values (2694,to_timestamp('19-APR-17 08.57.57.669000000 PM','DD-MON-RR HH.MI.SSXFF AM'),90,3062,5528);
INSERT INTO CALIBER_GRADE (GRADE_ID,DATE_RECEIVED,SCORE,ASSESSMENT_ID,TRAINEE_ID) values (2695,to_timestamp('19-APR-17 08.58.01.969000000 PM','DD-MON-RR HH.MI.SSXFF AM'),26,3061,5526);
INSERT INTO CALIBER_GRADE (GRADE_ID,DATE_RECEIVED,SCORE,ASSESSMENT_ID,TRAINEE_ID) values (2696,to_timestamp('19-APR-17 08.58.06.590000000 PM','DD-MON-RR HH.MI.SSXFF AM'),70,3063,5526);
INSERT INTO CALIBER_GRADE (GRADE_ID,DATE_RECEIVED,SCORE,ASSESSMENT_ID,TRAINEE_ID) values (2697,to_timestamp('19-APR-17 08.58.08.502000000 PM','DD-MON-RR HH.MI.SSXFF AM'),64.29,3062,5526);
INSERT INTO CALIBER_GRADE (GRADE_ID,DATE_RECEIVED,SCORE,ASSESSMENT_ID,TRAINEE_ID) values (2698,to_timestamp('19-APR-17 08.58.13.103000000 PM','DD-MON-RR HH.MI.SSXFF AM'),79,3061,5534);
INSERT INTO CALIBER_GRADE (GRADE_ID,DATE_RECEIVED,SCORE,ASSESSMENT_ID,TRAINEE_ID) values (2699,to_timestamp('19-APR-17 08.58.14.427000000 PM','DD-MON-RR HH.MI.SSXFF AM'),100,3063,5534);
INSERT INTO CALIBER_GRADE (GRADE_ID,DATE_RECEIVED,SCORE,ASSESSMENT_ID,TRAINEE_ID) values (2700,to_timestamp('19-APR-17 08.58.15.488000000 PM','DD-MON-RR HH.MI.SSXFF AM'),89.29,3062,5534);
INSERT INTO CALIBER_GRADE (GRADE_ID,DATE_RECEIVED,SCORE,ASSESSMENT_ID,TRAINEE_ID) values (2701,to_timestamp('19-APR-17 08.58.18.467000000 PM','DD-MON-RR HH.MI.SSXFF AM'),0,3061,5523);
INSERT INTO CALIBER_GRADE (GRADE_ID,DATE_RECEIVED,SCORE,ASSESSMENT_ID,TRAINEE_ID) values (2702,to_timestamp('19-APR-17 08.58.26.658000000 PM','DD-MON-RR HH.MI.SSXFF AM'),37,3061,5530);
INSERT INTO CALIBER_GRADE (GRADE_ID,DATE_RECEIVED,SCORE,ASSESSMENT_ID,TRAINEE_ID) values (2703,to_timestamp('19-APR-17 08.58.27.398000000 PM','DD-MON-RR HH.MI.SSXFF AM'),100,3063,5530);
INSERT INTO CALIBER_GRADE (GRADE_ID,DATE_RECEIVED,SCORE,ASSESSMENT_ID,TRAINEE_ID) values (2704,to_timestamp('19-APR-17 08.58.28.074000000 PM','DD-MON-RR HH.MI.SSXFF AM'),75,3062,5530);
INSERT INTO CALIBER_GRADE (GRADE_ID,DATE_RECEIVED,SCORE,ASSESSMENT_ID,TRAINEE_ID) values (2705,to_timestamp('19-APR-17 08.58.32.361000000 PM','DD-MON-RR HH.MI.SSXFF AM'),23,3061,5531);
INSERT INTO CALIBER_GRADE (GRADE_ID,DATE_RECEIVED,SCORE,ASSESSMENT_ID,TRAINEE_ID) values (2706,to_timestamp('19-APR-17 08.58.33.974000000 PM','DD-MON-RR HH.MI.SSXFF AM'),50,3063,5531);
INSERT INTO CALIBER_GRADE (GRADE_ID,DATE_RECEIVED,SCORE,ASSESSMENT_ID,TRAINEE_ID) values (2707,to_timestamp('19-APR-17 08.58.34.978000000 PM','DD-MON-RR HH.MI.SSXFF AM'),48.21,3062,5531);
INSERT INTO CALIBER_GRADE (GRADE_ID,DATE_RECEIVED,SCORE,ASSESSMENT_ID,TRAINEE_ID) values (2708,to_timestamp('19-APR-17 08.58.37.714000000 PM','DD-MON-RR HH.MI.SSXFF AM'),50,3061,5535);
INSERT INTO CALIBER_GRADE (GRADE_ID,DATE_RECEIVED,SCORE,ASSESSMENT_ID,TRAINEE_ID) values (2709,to_timestamp('19-APR-17 08.58.38.906000000 PM','DD-MON-RR HH.MI.SSXFF AM'),70,3063,5535);
INSERT INTO CALIBER_GRADE (GRADE_ID,DATE_RECEIVED,SCORE,ASSESSMENT_ID,TRAINEE_ID) values (2710,to_timestamp('19-APR-17 08.58.39.874000000 PM','DD-MON-RR HH.MI.SSXFF AM'),62.5,3062,5535);
INSERT INTO CALIBER_GRADE (GRADE_ID,DATE_RECEIVED,SCORE,ASSESSMENT_ID,TRAINEE_ID) values (2711,to_timestamp('19-APR-17 08.58.43.920000000 PM','DD-MON-RR HH.MI.SSXFF AM'),49,3061,5521);
INSERT INTO CALIBER_GRADE (GRADE_ID,DATE_RECEIVED,SCORE,ASSESSMENT_ID,TRAINEE_ID) values (2712,to_timestamp('19-APR-17 08.58.46.276000000 PM','DD-MON-RR HH.MI.SSXFF AM'),82.14,3063,5521);
INSERT INTO CALIBER_GRADE (GRADE_ID,DATE_RECEIVED,SCORE,ASSESSMENT_ID,TRAINEE_ID) values (2713,to_timestamp('19-APR-17 08.58.46.748000000 PM','DD-MON-RR HH.MI.SSXFF AM'),80,3062,5521);
INSERT INTO CALIBER_GRADE (GRADE_ID,DATE_RECEIVED,SCORE,ASSESSMENT_ID,TRAINEE_ID) values (2714,to_timestamp('19-APR-17 08.58.49.141000000 PM','DD-MON-RR HH.MI.SSXFF AM'),43,3061,5533);
INSERT INTO CALIBER_GRADE (GRADE_ID,DATE_RECEIVED,SCORE,ASSESSMENT_ID,TRAINEE_ID) values (2715,to_timestamp('19-APR-17 08.58.50.417000000 PM','DD-MON-RR HH.MI.SSXFF AM'),90,3063,5533);
INSERT INTO CALIBER_GRADE (GRADE_ID,DATE_RECEIVED,SCORE,ASSESSMENT_ID,TRAINEE_ID) values (2716,to_timestamp('19-APR-17 08.58.51.577000000 PM','DD-MON-RR HH.MI.SSXFF AM'),69.64,3062,5533);
INSERT INTO CALIBER_GRADE (GRADE_ID,DATE_RECEIVED,SCORE,ASSESSMENT_ID,TRAINEE_ID) values (2717,to_timestamp('19-APR-17 08.58.54.289000000 PM','DD-MON-RR HH.MI.SSXFF AM'),57,3061,5537);
INSERT INTO CALIBER_GRADE (GRADE_ID,DATE_RECEIVED,SCORE,ASSESSMENT_ID,TRAINEE_ID) values (2718,to_timestamp('19-APR-17 08.58.55.709000000 PM','DD-MON-RR HH.MI.SSXFF AM'),73.21,3063,5537);
INSERT INTO CALIBER_GRADE (GRADE_ID,DATE_RECEIVED,SCORE,ASSESSMENT_ID,TRAINEE_ID) values (2719,to_timestamp('19-APR-17 08.58.56.325000000 PM','DD-MON-RR HH.MI.SSXFF AM'),90,3062,5537);
INSERT INTO CALIBER_GRADE (GRADE_ID,DATE_RECEIVED,SCORE,ASSESSMENT_ID,TRAINEE_ID) values (2756,to_timestamp('19-APR-17 09.08.38.140000000 PM','DD-MON-RR HH.MI.SSXFF AM'),64.1,3067,5524);
INSERT INTO CALIBER_GRADE (GRADE_ID,DATE_RECEIVED,SCORE,ASSESSMENT_ID,TRAINEE_ID) values (2757,to_timestamp('19-APR-17 09.08.41.607000000 PM','DD-MON-RR HH.MI.SSXFF AM'),100,3068,5524);
INSERT INTO CALIBER_GRADE (GRADE_ID,DATE_RECEIVED,SCORE,ASSESSMENT_ID,TRAINEE_ID) values (2758,to_timestamp('19-APR-17 09.08.42.631000000 PM','DD-MON-RR HH.MI.SSXFF AM'),80,3066,5524);
INSERT INTO CALIBER_GRADE (GRADE_ID,DATE_RECEIVED,SCORE,ASSESSMENT_ID,TRAINEE_ID) values (2759,to_timestamp('19-APR-17 09.08.47.707000000 PM','DD-MON-RR HH.MI.SSXFF AM'),71.79,3067,5539);
INSERT INTO CALIBER_GRADE (GRADE_ID,DATE_RECEIVED,SCORE,ASSESSMENT_ID,TRAINEE_ID) values (2760,to_timestamp('19-APR-17 09.08.48.227000000 PM','DD-MON-RR HH.MI.SSXFF AM'),100,3068,5539);
INSERT INTO CALIBER_GRADE (GRADE_ID,DATE_RECEIVED,SCORE,ASSESSMENT_ID,TRAINEE_ID) values (2761,to_timestamp('19-APR-17 09.08.48.812000000 PM','DD-MON-RR HH.MI.SSXFF AM'),100,3066,5539);
INSERT INTO CALIBER_GRADE (GRADE_ID,DATE_RECEIVED,SCORE,ASSESSMENT_ID,TRAINEE_ID) values (2762,to_timestamp('19-APR-17 09.08.52.388000000 PM','DD-MON-RR HH.MI.SSXFF AM'),74.36,3067,5525);
INSERT INTO CALIBER_GRADE (GRADE_ID,DATE_RECEIVED,SCORE,ASSESSMENT_ID,TRAINEE_ID) values (2763,to_timestamp('19-APR-17 09.08.55.601000000 PM','DD-MON-RR HH.MI.SSXFF AM'),80,3068,5525);
INSERT INTO CALIBER_GRADE (GRADE_ID,DATE_RECEIVED,SCORE,ASSESSMENT_ID,TRAINEE_ID) values (2764,to_timestamp('19-APR-17 09.08.58.482000000 PM','DD-MON-RR HH.MI.SSXFF AM'),70,3066,5525);
INSERT INTO CALIBER_GRADE (GRADE_ID,DATE_RECEIVED,SCORE,ASSESSMENT_ID,TRAINEE_ID) values (2765,to_timestamp('19-APR-17 09.09.07.602000000 PM','DD-MON-RR HH.MI.SSXFF AM'),66.67,3067,5527);
INSERT INTO CALIBER_GRADE (GRADE_ID,DATE_RECEIVED,SCORE,ASSESSMENT_ID,TRAINEE_ID) values (2766,to_timestamp('19-APR-17 09.09.08.758000000 PM','DD-MON-RR HH.MI.SSXFF AM'),60,3068,5527);
INSERT INTO CALIBER_GRADE (GRADE_ID,DATE_RECEIVED,SCORE,ASSESSMENT_ID,TRAINEE_ID) values (2767,to_timestamp('19-APR-17 09.09.10.207000000 PM','DD-MON-RR HH.MI.SSXFF AM'),70,3066,5527);
INSERT INTO CALIBER_GRADE (GRADE_ID,DATE_RECEIVED,SCORE,ASSESSMENT_ID,TRAINEE_ID) values (2768,to_timestamp('19-APR-17 09.09.12.735000000 PM','DD-MON-RR HH.MI.SSXFF AM'),56.41,3067,5538);
INSERT INTO CALIBER_GRADE (GRADE_ID,DATE_RECEIVED,SCORE,ASSESSMENT_ID,TRAINEE_ID) values (2769,to_timestamp('19-APR-17 09.09.13.459000000 PM','DD-MON-RR HH.MI.SSXFF AM'),50,3068,5538);
INSERT INTO CALIBER_GRADE (GRADE_ID,DATE_RECEIVED,SCORE,ASSESSMENT_ID,TRAINEE_ID) values (2770,to_timestamp('19-APR-17 09.09.13.867000000 PM','DD-MON-RR HH.MI.SSXFF AM'),80,3066,5538);
INSERT INTO CALIBER_GRADE (GRADE_ID,DATE_RECEIVED,SCORE,ASSESSMENT_ID,TRAINEE_ID) values (2771,to_timestamp('19-APR-17 09.09.18.732000000 PM','DD-MON-RR HH.MI.SSXFF AM'),74.36,3067,5532);
INSERT INTO CALIBER_GRADE (GRADE_ID,DATE_RECEIVED,SCORE,ASSESSMENT_ID,TRAINEE_ID) values (2772,to_timestamp('19-APR-17 09.09.19.216000000 PM','DD-MON-RR HH.MI.SSXFF AM'),80,3068,5532);
INSERT INTO CALIBER_GRADE (GRADE_ID,DATE_RECEIVED,SCORE,ASSESSMENT_ID,TRAINEE_ID) values (2773,to_timestamp('19-APR-17 09.09.19.500000000 PM','DD-MON-RR HH.MI.SSXFF AM'),80,3066,5532);
INSERT INTO CALIBER_GRADE (GRADE_ID,DATE_RECEIVED,SCORE,ASSESSMENT_ID,TRAINEE_ID) values (2774,to_timestamp('19-APR-17 09.09.23.605000000 PM','DD-MON-RR HH.MI.SSXFF AM'),61.54,3067,5536);
INSERT INTO CALIBER_GRADE (GRADE_ID,DATE_RECEIVED,SCORE,ASSESSMENT_ID,TRAINEE_ID) values (2775,to_timestamp('19-APR-17 09.09.24.341000000 PM','DD-MON-RR HH.MI.SSXFF AM'),100,3068,5536);
INSERT INTO CALIBER_GRADE (GRADE_ID,DATE_RECEIVED,SCORE,ASSESSMENT_ID,TRAINEE_ID) values (2776,to_timestamp('19-APR-17 09.09.24.917000000 PM','DD-MON-RR HH.MI.SSXFF AM'),80,3066,5536);
INSERT INTO CALIBER_GRADE (GRADE_ID,DATE_RECEIVED,SCORE,ASSESSMENT_ID,TRAINEE_ID) values (2777,to_timestamp('19-APR-17 09.09.30.022000000 PM','DD-MON-RR HH.MI.SSXFF AM'),82.05,3067,5529);
INSERT INTO CALIBER_GRADE (GRADE_ID,DATE_RECEIVED,SCORE,ASSESSMENT_ID,TRAINEE_ID) values (2778,to_timestamp('19-APR-17 09.09.31.202000000 PM','DD-MON-RR HH.MI.SSXFF AM'),50,3068,5529);
INSERT INTO CALIBER_GRADE (GRADE_ID,DATE_RECEIVED,SCORE,ASSESSMENT_ID,TRAINEE_ID) values (2779,to_timestamp('19-APR-17 09.09.31.526000000 PM','DD-MON-RR HH.MI.SSXFF AM'),70,3066,5529);
INSERT INTO CALIBER_GRADE (GRADE_ID,DATE_RECEIVED,SCORE,ASSESSMENT_ID,TRAINEE_ID) values (2780,to_timestamp('19-APR-17 09.09.35.371000000 PM','DD-MON-RR HH.MI.SSXFF AM'),53.85,3067,5522);
INSERT INTO CALIBER_GRADE (GRADE_ID,DATE_RECEIVED,SCORE,ASSESSMENT_ID,TRAINEE_ID) values (2781,to_timestamp('19-APR-17 09.09.36.547000000 PM','DD-MON-RR HH.MI.SSXFF AM'),70,3068,5522);
INSERT INTO CALIBER_GRADE (GRADE_ID,DATE_RECEIVED,SCORE,ASSESSMENT_ID,TRAINEE_ID) values (2782,to_timestamp('19-APR-17 09.09.37.215000000 PM','DD-MON-RR HH.MI.SSXFF AM'),70,3066,5522);
INSERT INTO CALIBER_GRADE (GRADE_ID,DATE_RECEIVED,SCORE,ASSESSMENT_ID,TRAINEE_ID) values (2783,to_timestamp('19-APR-17 09.09.40.827000000 PM','DD-MON-RR HH.MI.SSXFF AM'),84.62,3067,5528);
INSERT INTO CALIBER_GRADE (GRADE_ID,DATE_RECEIVED,SCORE,ASSESSMENT_ID,TRAINEE_ID) values (2784,to_timestamp('19-APR-17 09.09.41.567000000 PM','DD-MON-RR HH.MI.SSXFF AM'),100,3068,5528);
INSERT INTO CALIBER_GRADE (GRADE_ID,DATE_RECEIVED,SCORE,ASSESSMENT_ID,TRAINEE_ID) values (2785,to_timestamp('19-APR-17 09.09.42.228000000 PM','DD-MON-RR HH.MI.SSXFF AM'),100,3066,5528);
INSERT INTO CALIBER_GRADE (GRADE_ID,DATE_RECEIVED,SCORE,ASSESSMENT_ID,TRAINEE_ID) values (2389,to_timestamp('19-APR-17 06.57.02.265000000 PM','DD-MON-RR HH.MI.SSXFF AM'),100,2093,5515);
INSERT INTO CALIBER_GRADE (GRADE_ID,DATE_RECEIVED,SCORE,ASSESSMENT_ID,TRAINEE_ID) values (2390,to_timestamp('19-APR-17 06.57.03.456000000 PM','DD-MON-RR HH.MI.SSXFF AM'),65.24,2092,5515);
INSERT INTO CALIBER_GRADE (GRADE_ID,DATE_RECEIVED,SCORE,ASSESSMENT_ID,TRAINEE_ID) values (2391,to_timestamp('19-APR-17 06.57.06.740000000 PM','DD-MON-RR HH.MI.SSXFF AM'),100,2093,5509);
INSERT INTO CALIBER_GRADE (GRADE_ID,DATE_RECEIVED,SCORE,ASSESSMENT_ID,TRAINEE_ID) values (2392,to_timestamp('19-APR-17 06.57.08.563000000 PM','DD-MON-RR HH.MI.SSXFF AM'),73.81,2092,5509);
INSERT INTO CALIBER_GRADE (GRADE_ID,DATE_RECEIVED,SCORE,ASSESSMENT_ID,TRAINEE_ID) values (2393,to_timestamp('19-APR-17 06.57.10.861000000 PM','DD-MON-RR HH.MI.SSXFF AM'),80,2093,5517);
INSERT INTO CALIBER_GRADE (GRADE_ID,DATE_RECEIVED,SCORE,ASSESSMENT_ID,TRAINEE_ID) values (2394,to_timestamp('19-APR-17 06.57.11.903000000 PM','DD-MON-RR HH.MI.SSXFF AM'),63.1,2092,5517);
INSERT INTO CALIBER_GRADE (GRADE_ID,DATE_RECEIVED,SCORE,ASSESSMENT_ID,TRAINEE_ID) values (2395,to_timestamp('19-APR-17 06.57.14.383000000 PM','DD-MON-RR HH.MI.SSXFF AM'),70,2093,5512);
INSERT INTO CALIBER_GRADE (GRADE_ID,DATE_RECEIVED,SCORE,ASSESSMENT_ID,TRAINEE_ID) values (2396,to_timestamp('19-APR-17 06.57.16.495000000 PM','DD-MON-RR HH.MI.SSXFF AM'),54.29,2092,5512);
INSERT INTO CALIBER_GRADE (GRADE_ID,DATE_RECEIVED,SCORE,ASSESSMENT_ID,TRAINEE_ID) values (2397,to_timestamp('19-APR-17 06.57.20.234000000 PM','DD-MON-RR HH.MI.SSXFF AM'),30,2093,5519);
INSERT INTO CALIBER_GRADE (GRADE_ID,DATE_RECEIVED,SCORE,ASSESSMENT_ID,TRAINEE_ID) values (2398,to_timestamp('19-APR-17 06.57.20.742000000 PM','DD-MON-RR HH.MI.SSXFF AM'),40,2092,5519);
INSERT INTO CALIBER_GRADE (GRADE_ID,DATE_RECEIVED,SCORE,ASSESSMENT_ID,TRAINEE_ID) values (2399,to_timestamp('19-APR-17 06.57.22.724000000 PM','DD-MON-RR HH.MI.SSXFF AM'),90,2093,5505);
INSERT INTO CALIBER_GRADE (GRADE_ID,DATE_RECEIVED,SCORE,ASSESSMENT_ID,TRAINEE_ID) values (2400,to_timestamp('19-APR-17 06.57.24.108000000 PM','DD-MON-RR HH.MI.SSXFF AM'),72.38,2092,5505);
INSERT INTO CALIBER_GRADE (GRADE_ID,DATE_RECEIVED,SCORE,ASSESSMENT_ID,TRAINEE_ID) values (2401,to_timestamp('19-APR-17 06.57.29.592000000 PM','DD-MON-RR HH.MI.SSXFF AM'),100,2093,5508);
INSERT INTO CALIBER_GRADE (GRADE_ID,DATE_RECEIVED,SCORE,ASSESSMENT_ID,TRAINEE_ID) values (2402,to_timestamp('19-APR-17 06.57.31.122000000 PM','DD-MON-RR HH.MI.SSXFF AM'),67.14,2092,5508);
INSERT INTO CALIBER_GRADE (GRADE_ID,DATE_RECEIVED,SCORE,ASSESSMENT_ID,TRAINEE_ID) values (2403,to_timestamp('19-APR-17 06.57.32.952000000 PM','DD-MON-RR HH.MI.SSXFF AM'),80,2093,5516);
INSERT INTO CALIBER_GRADE (GRADE_ID,DATE_RECEIVED,SCORE,ASSESSMENT_ID,TRAINEE_ID) values (2404,to_timestamp('19-APR-17 06.57.34.567000000 PM','DD-MON-RR HH.MI.SSXFF AM'),50.71,2092,5516);
INSERT INTO CALIBER_GRADE (GRADE_ID,DATE_RECEIVED,SCORE,ASSESSMENT_ID,TRAINEE_ID) values (2405,to_timestamp('19-APR-17 07.00.09.718000000 PM','DD-MON-RR HH.MI.SSXFF AM'),100,2096,5506);
INSERT INTO CALIBER_GRADE (GRADE_ID,DATE_RECEIVED,SCORE,ASSESSMENT_ID,TRAINEE_ID) values (2406,to_timestamp('19-APR-17 07.00.11.469000000 PM','DD-MON-RR HH.MI.SSXFF AM'),83.61,2095,5506);
INSERT INTO CALIBER_GRADE (GRADE_ID,DATE_RECEIVED,SCORE,ASSESSMENT_ID,TRAINEE_ID) values (2407,to_timestamp('19-APR-17 07.00.12.112000000 PM','DD-MON-RR HH.MI.SSXFF AM'),100,2094,5506);
INSERT INTO CALIBER_GRADE (GRADE_ID,DATE_RECEIVED,SCORE,ASSESSMENT_ID,TRAINEE_ID) values (2408,to_timestamp('19-APR-17 07.00.13.796000000 PM','DD-MON-RR HH.MI.SSXFF AM'),80,2096,5503);
INSERT INTO CALIBER_GRADE (GRADE_ID,DATE_RECEIVED,SCORE,ASSESSMENT_ID,TRAINEE_ID) values (2409,to_timestamp('19-APR-17 07.00.14.839000000 PM','DD-MON-RR HH.MI.SSXFF AM'),86.89,2095,5503);
INSERT INTO CALIBER_GRADE (GRADE_ID,DATE_RECEIVED,SCORE,ASSESSMENT_ID,TRAINEE_ID) values (2410,to_timestamp('19-APR-17 07.00.15.158000000 PM','DD-MON-RR HH.MI.SSXFF AM'),80,2094,5503);
INSERT INTO CALIBER_GRADE (GRADE_ID,DATE_RECEIVED,SCORE,ASSESSMENT_ID,TRAINEE_ID) values (2411,to_timestamp('19-APR-17 07.00.17.827000000 PM','DD-MON-RR HH.MI.SSXFF AM'),80,2096,5514);
INSERT INTO CALIBER_GRADE (GRADE_ID,DATE_RECEIVED,SCORE,ASSESSMENT_ID,TRAINEE_ID) values (2412,to_timestamp('19-APR-17 07.00.19.310000000 PM','DD-MON-RR HH.MI.SSXFF AM'),77.05,2095,5514);
INSERT INTO CALIBER_GRADE (GRADE_ID,DATE_RECEIVED,SCORE,ASSESSMENT_ID,TRAINEE_ID) values (2413,to_timestamp('19-APR-17 07.00.19.619000000 PM','DD-MON-RR HH.MI.SSXFF AM'),80,2094,5514);
INSERT INTO CALIBER_GRADE (GRADE_ID,DATE_RECEIVED,SCORE,ASSESSMENT_ID,TRAINEE_ID) values (2414,to_timestamp('19-APR-17 07.00.22.235000000 PM','DD-MON-RR HH.MI.SSXFF AM'),90,2096,5510);
INSERT INTO CALIBER_GRADE (GRADE_ID,DATE_RECEIVED,SCORE,ASSESSMENT_ID,TRAINEE_ID) values (2415,to_timestamp('19-APR-17 07.00.25.408000000 PM','DD-MON-RR HH.MI.SSXFF AM'),78.69,2095,5510);
INSERT INTO CALIBER_GRADE (GRADE_ID,DATE_RECEIVED,SCORE,ASSESSMENT_ID,TRAINEE_ID) values (2416,to_timestamp('19-APR-17 07.00.25.817000000 PM','DD-MON-RR HH.MI.SSXFF AM'),80,2094,5510);
INSERT INTO CALIBER_GRADE (GRADE_ID,DATE_RECEIVED,SCORE,ASSESSMENT_ID,TRAINEE_ID) values (2417,to_timestamp('19-APR-17 07.00.28.142000000 PM','DD-MON-RR HH.MI.SSXFF AM'),70,2096,5504);
INSERT INTO CALIBER_GRADE (GRADE_ID,DATE_RECEIVED,SCORE,ASSESSMENT_ID,TRAINEE_ID) values (2418,to_timestamp('19-APR-17 07.00.29.677000000 PM','DD-MON-RR HH.MI.SSXFF AM'),67.21,2095,5504);
INSERT INTO CALIBER_GRADE (GRADE_ID,DATE_RECEIVED,SCORE,ASSESSMENT_ID,TRAINEE_ID) values (2419,to_timestamp('19-APR-17 07.00.30.076000000 PM','DD-MON-RR HH.MI.SSXFF AM'),90,2094,5504);
INSERT INTO CALIBER_GRADE (GRADE_ID,DATE_RECEIVED,SCORE,ASSESSMENT_ID,TRAINEE_ID) values (2420,to_timestamp('19-APR-17 07.00.33.920000000 PM','DD-MON-RR HH.MI.SSXFF AM'),90,2096,5511);
INSERT INTO CALIBER_GRADE (GRADE_ID,DATE_RECEIVED,SCORE,ASSESSMENT_ID,TRAINEE_ID) values (2421,to_timestamp('19-APR-17 07.00.35.490000000 PM','DD-MON-RR HH.MI.SSXFF AM'),83.61,2095,5511);
INSERT INTO CALIBER_GRADE (GRADE_ID,DATE_RECEIVED,SCORE,ASSESSMENT_ID,TRAINEE_ID) values (2422,to_timestamp('19-APR-17 07.00.35.820000000 PM','DD-MON-RR HH.MI.SSXFF AM'),80,2094,5511);
INSERT INTO CALIBER_GRADE (GRADE_ID,DATE_RECEIVED,SCORE,ASSESSMENT_ID,TRAINEE_ID) values (2423,to_timestamp('19-APR-17 07.02.40.925000000 PM','DD-MON-RR HH.MI.SSXFF AM'),70,2096,5513);
INSERT INTO CALIBER_GRADE (GRADE_ID,DATE_RECEIVED,SCORE,ASSESSMENT_ID,TRAINEE_ID) values (2424,to_timestamp('19-APR-17 07.02.41.080000000 PM','DD-MON-RR HH.MI.SSXFF AM'),57.38,2095,5513);
INSERT INTO CALIBER_GRADE (GRADE_ID,DATE_RECEIVED,SCORE,ASSESSMENT_ID,TRAINEE_ID) values (2425,to_timestamp('19-APR-17 07.02.41.262000000 PM','DD-MON-RR HH.MI.SSXFF AM'),70,2094,5513);
INSERT INTO CALIBER_GRADE (GRADE_ID,DATE_RECEIVED,SCORE,ASSESSMENT_ID,TRAINEE_ID) values (2426,to_timestamp('19-APR-17 07.00.43.501000000 PM','DD-MON-RR HH.MI.SSXFF AM'),100,2096,5507);
INSERT INTO CALIBER_GRADE (GRADE_ID,DATE_RECEIVED,SCORE,ASSESSMENT_ID,TRAINEE_ID) values (2427,to_timestamp('19-APR-17 07.00.44.766000000 PM','DD-MON-RR HH.MI.SSXFF AM'),73.77,2095,5507);
INSERT INTO CALIBER_GRADE (GRADE_ID,DATE_RECEIVED,SCORE,ASSESSMENT_ID,TRAINEE_ID) values (2428,to_timestamp('19-APR-17 07.00.45.716000000 PM','DD-MON-RR HH.MI.SSXFF AM'),100,2094,5507);
INSERT INTO CALIBER_GRADE (GRADE_ID,DATE_RECEIVED,SCORE,ASSESSMENT_ID,TRAINEE_ID) values (2429,to_timestamp('19-APR-17 07.00.48.349000000 PM','DD-MON-RR HH.MI.SSXFF AM'),100,2096,5515);
INSERT INTO CALIBER_GRADE (GRADE_ID,DATE_RECEIVED,SCORE,ASSESSMENT_ID,TRAINEE_ID) values (2430,to_timestamp('19-APR-17 07.00.49.698000000 PM','DD-MON-RR HH.MI.SSXFF AM'),88.52,2095,5515);
INSERT INTO CALIBER_GRADE (GRADE_ID,DATE_RECEIVED,SCORE,ASSESSMENT_ID,TRAINEE_ID) values (2431,to_timestamp('19-APR-17 07.00.50.171000000 PM','DD-MON-RR HH.MI.SSXFF AM'),80,2094,5515);
INSERT INTO CALIBER_GRADE (GRADE_ID,DATE_RECEIVED,SCORE,ASSESSMENT_ID,TRAINEE_ID) values (2432,to_timestamp('19-APR-17 07.00.52.254000000 PM','DD-MON-RR HH.MI.SSXFF AM'),80,2096,5509);
INSERT INTO CALIBER_GRADE (GRADE_ID,DATE_RECEIVED,SCORE,ASSESSMENT_ID,TRAINEE_ID) values (2433,to_timestamp('19-APR-17 07.00.55.548000000 PM','DD-MON-RR HH.MI.SSXFF AM'),78.69,2095,5509);
INSERT INTO CALIBER_GRADE (GRADE_ID,DATE_RECEIVED,SCORE,ASSESSMENT_ID,TRAINEE_ID) values (2434,to_timestamp('19-APR-17 07.00.56.184000000 PM','DD-MON-RR HH.MI.SSXFF AM'),90,2094,5509);
INSERT INTO CALIBER_GRADE (GRADE_ID,DATE_RECEIVED,SCORE,ASSESSMENT_ID,TRAINEE_ID) values (2435,to_timestamp('19-APR-17 07.00.59.596000000 PM','DD-MON-RR HH.MI.SSXFF AM'),100,2096,5517);
INSERT INTO CALIBER_GRADE (GRADE_ID,DATE_RECEIVED,SCORE,ASSESSMENT_ID,TRAINEE_ID) values (2436,to_timestamp('19-APR-17 07.01.00.885000000 PM','DD-MON-RR HH.MI.SSXFF AM'),93.44,2095,5517);
INSERT INTO CALIBER_GRADE (GRADE_ID,DATE_RECEIVED,SCORE,ASSESSMENT_ID,TRAINEE_ID) values (2437,to_timestamp('19-APR-17 07.01.02.714000000 PM','DD-MON-RR HH.MI.SSXFF AM'),120,2094,5517);
INSERT INTO CALIBER_GRADE (GRADE_ID,DATE_RECEIVED,SCORE,ASSESSMENT_ID,TRAINEE_ID) values (2438,to_timestamp('19-APR-17 07.01.06.037000000 PM','DD-MON-RR HH.MI.SSXFF AM'),70,2096,5512);
INSERT INTO CALIBER_GRADE (GRADE_ID,DATE_RECEIVED,SCORE,ASSESSMENT_ID,TRAINEE_ID) values (2439,to_timestamp('19-APR-17 07.01.07.571000000 PM','DD-MON-RR HH.MI.SSXFF AM'),72.13,2095,5512);
INSERT INTO CALIBER_GRADE (GRADE_ID,DATE_RECEIVED,SCORE,ASSESSMENT_ID,TRAINEE_ID) values (2440,to_timestamp('19-APR-17 07.01.08.065000000 PM','DD-MON-RR HH.MI.SSXFF AM'),75,2094,5512);
INSERT INTO CALIBER_GRADE (GRADE_ID,DATE_RECEIVED,SCORE,ASSESSMENT_ID,TRAINEE_ID) values (2441,to_timestamp('19-APR-17 07.01.11.090000000 PM','DD-MON-RR HH.MI.SSXFF AM'),70,2096,5519);
INSERT INTO CALIBER_GRADE (GRADE_ID,DATE_RECEIVED,SCORE,ASSESSMENT_ID,TRAINEE_ID) values (2442,to_timestamp('19-APR-17 07.01.14.353000000 PM','DD-MON-RR HH.MI.SSXFF AM'),67.21,2095,5519);
INSERT INTO CALIBER_GRADE (GRADE_ID,DATE_RECEIVED,SCORE,ASSESSMENT_ID,TRAINEE_ID) values (2443,to_timestamp('19-APR-17 07.01.14.848000000 PM','DD-MON-RR HH.MI.SSXFF AM'),50,2094,5519);
INSERT INTO CALIBER_GRADE (GRADE_ID,DATE_RECEIVED,SCORE,ASSESSMENT_ID,TRAINEE_ID) values (2444,to_timestamp('19-APR-17 07.01.16.878000000 PM','DD-MON-RR HH.MI.SSXFF AM'),10,2096,5505);
INSERT INTO CALIBER_GRADE (GRADE_ID,DATE_RECEIVED,SCORE,ASSESSMENT_ID,TRAINEE_ID) values (2445,to_timestamp('19-APR-17 07.01.22.436000000 PM','DD-MON-RR HH.MI.SSXFF AM'),81.97,2095,5505);
INSERT INTO CALIBER_GRADE (GRADE_ID,DATE_RECEIVED,SCORE,ASSESSMENT_ID,TRAINEE_ID) values (2446,to_timestamp('19-APR-17 07.01.23.133000000 PM','DD-MON-RR HH.MI.SSXFF AM'),100,2094,5505);
INSERT INTO CALIBER_GRADE (GRADE_ID,DATE_RECEIVED,SCORE,ASSESSMENT_ID,TRAINEE_ID) values (2447,to_timestamp('19-APR-17 07.01.26.965000000 PM','DD-MON-RR HH.MI.SSXFF AM'),80,2096,5508);
INSERT INTO CALIBER_GRADE (GRADE_ID,DATE_RECEIVED,SCORE,ASSESSMENT_ID,TRAINEE_ID) values (2448,to_timestamp('19-APR-17 07.01.28.128000000 PM','DD-MON-RR HH.MI.SSXFF AM'),68.85,2095,5508);
INSERT INTO CALIBER_GRADE (GRADE_ID,DATE_RECEIVED,SCORE,ASSESSMENT_ID,TRAINEE_ID) values (2449,to_timestamp('19-APR-17 07.01.28.510000000 PM','DD-MON-RR HH.MI.SSXFF AM'),90,2094,5508);
INSERT INTO CALIBER_GRADE (GRADE_ID,DATE_RECEIVED,SCORE,ASSESSMENT_ID,TRAINEE_ID) values (2450,to_timestamp('19-APR-17 07.01.30.364000000 PM','DD-MON-RR HH.MI.SSXFF AM'),90,2096,5516);
INSERT INTO CALIBER_GRADE (GRADE_ID,DATE_RECEIVED,SCORE,ASSESSMENT_ID,TRAINEE_ID) values (2451,to_timestamp('19-APR-17 07.01.31.835000000 PM','DD-MON-RR HH.MI.SSXFF AM'),67.21,2095,5516);
INSERT INTO CALIBER_GRADE (GRADE_ID,DATE_RECEIVED,SCORE,ASSESSMENT_ID,TRAINEE_ID) values (2452,to_timestamp('19-APR-17 07.01.32.317000000 PM','DD-MON-RR HH.MI.SSXFF AM'),70,2094,5516);
INSERT INTO CALIBER_GRADE (GRADE_ID,DATE_RECEIVED,SCORE,ASSESSMENT_ID,TRAINEE_ID) values (2499,to_timestamp('19-APR-17 07.08.29.166000000 PM','DD-MON-RR HH.MI.SSXFF AM'),100,3052,5506);
INSERT INTO CALIBER_GRADE (GRADE_ID,DATE_RECEIVED,SCORE,ASSESSMENT_ID,TRAINEE_ID) values (2500,to_timestamp('19-APR-17 07.08.31.303000000 PM','DD-MON-RR HH.MI.SSXFF AM'),75.86,3051,5506);
INSERT INTO CALIBER_GRADE (GRADE_ID,DATE_RECEIVED,SCORE,ASSESSMENT_ID,TRAINEE_ID) values (2501,to_timestamp('19-APR-17 07.08.32.179000000 PM','DD-MON-RR HH.MI.SSXFF AM'),100,3050,5506);
INSERT INTO CALIBER_GRADE (GRADE_ID,DATE_RECEIVED,SCORE,ASSESSMENT_ID,TRAINEE_ID) values (2502,to_timestamp('19-APR-17 07.09.57.429000000 PM','DD-MON-RR HH.MI.SSXFF AM'),110,3052,5503);
INSERT INTO CALIBER_GRADE (GRADE_ID,DATE_RECEIVED,SCORE,ASSESSMENT_ID,TRAINEE_ID) values (2503,to_timestamp('19-APR-17 07.09.57.658000000 PM','DD-MON-RR HH.MI.SSXFF AM'),85.34,3051,5503);
INSERT INTO CALIBER_GRADE (GRADE_ID,DATE_RECEIVED,SCORE,ASSESSMENT_ID,TRAINEE_ID) values (2504,to_timestamp('19-APR-17 07.10.01.842000000 PM','DD-MON-RR HH.MI.SSXFF AM'),85,3050,5503);
INSERT INTO CALIBER_GRADE (GRADE_ID,DATE_RECEIVED,SCORE,ASSESSMENT_ID,TRAINEE_ID) values (2505,to_timestamp('19-APR-17 07.08.41.324000000 PM','DD-MON-RR HH.MI.SSXFF AM'),100,3052,5514);
INSERT INTO CALIBER_GRADE (GRADE_ID,DATE_RECEIVED,SCORE,ASSESSMENT_ID,TRAINEE_ID) values (2506,to_timestamp('19-APR-17 07.08.42.900000000 PM','DD-MON-RR HH.MI.SSXFF AM'),82.76,3051,5514);
INSERT INTO CALIBER_GRADE (GRADE_ID,DATE_RECEIVED,SCORE,ASSESSMENT_ID,TRAINEE_ID) values (2507,to_timestamp('19-APR-17 07.08.43.391000000 PM','DD-MON-RR HH.MI.SSXFF AM'),80,3050,5514);
INSERT INTO CALIBER_GRADE (GRADE_ID,DATE_RECEIVED,SCORE,ASSESSMENT_ID,TRAINEE_ID) values (2508,to_timestamp('19-APR-17 07.08.45.346000000 PM','DD-MON-RR HH.MI.SSXFF AM'),100,3052,5510);
INSERT INTO CALIBER_GRADE (GRADE_ID,DATE_RECEIVED,SCORE,ASSESSMENT_ID,TRAINEE_ID) values (2509,to_timestamp('19-APR-17 07.08.46.475000000 PM','DD-MON-RR HH.MI.SSXFF AM'),64.66,3051,5510);
INSERT INTO CALIBER_GRADE (GRADE_ID,DATE_RECEIVED,SCORE,ASSESSMENT_ID,TRAINEE_ID) values (2510,to_timestamp('19-APR-17 07.08.46.922000000 PM','DD-MON-RR HH.MI.SSXFF AM'),70,3050,5510);
INSERT INTO CALIBER_GRADE (GRADE_ID,DATE_RECEIVED,SCORE,ASSESSMENT_ID,TRAINEE_ID) values (2511,to_timestamp('19-APR-17 07.08.48.921000000 PM','DD-MON-RR HH.MI.SSXFF AM'),100,3052,5504);
INSERT INTO CALIBER_GRADE (GRADE_ID,DATE_RECEIVED,SCORE,ASSESSMENT_ID,TRAINEE_ID) values (2512,to_timestamp('19-APR-17 07.08.51.100000000 PM','DD-MON-RR HH.MI.SSXFF AM'),75.86,3051,5504);
INSERT INTO CALIBER_GRADE (GRADE_ID,DATE_RECEIVED,SCORE,ASSESSMENT_ID,TRAINEE_ID) values (2513,to_timestamp('19-APR-17 07.08.51.961000000 PM','DD-MON-RR HH.MI.SSXFF AM'),95,3050,5504);
INSERT INTO CALIBER_GRADE (GRADE_ID,DATE_RECEIVED,SCORE,ASSESSMENT_ID,TRAINEE_ID) values (2514,to_timestamp('19-APR-17 07.08.54.868000000 PM','DD-MON-RR HH.MI.SSXFF AM'),100,3052,5511);
INSERT INTO CALIBER_GRADE (GRADE_ID,DATE_RECEIVED,SCORE,ASSESSMENT_ID,TRAINEE_ID) values (2515,to_timestamp('19-APR-17 07.08.56.917000000 PM','DD-MON-RR HH.MI.SSXFF AM'),83.62,3051,5511);
INSERT INTO CALIBER_GRADE (GRADE_ID,DATE_RECEIVED,SCORE,ASSESSMENT_ID,TRAINEE_ID) values (2516,to_timestamp('19-APR-17 07.08.57.568000000 PM','DD-MON-RR HH.MI.SSXFF AM'),85,3050,5511);
INSERT INTO CALIBER_GRADE (GRADE_ID,DATE_RECEIVED,SCORE,ASSESSMENT_ID,TRAINEE_ID) values (2517,to_timestamp('19-APR-17 07.09.01.818000000 PM','DD-MON-RR HH.MI.SSXFF AM'),40,3052,5513);
INSERT INTO CALIBER_GRADE (GRADE_ID,DATE_RECEIVED,SCORE,ASSESSMENT_ID,TRAINEE_ID) values (2518,to_timestamp('19-APR-17 07.09.05.090000000 PM','DD-MON-RR HH.MI.SSXFF AM'),68.1,3051,5513);
INSERT INTO CALIBER_GRADE (GRADE_ID,DATE_RECEIVED,SCORE,ASSESSMENT_ID,TRAINEE_ID) values (2519,to_timestamp('19-APR-17 07.09.05.964000000 PM','DD-MON-RR HH.MI.SSXFF AM'),80,3050,5513);
INSERT INTO CALIBER_GRADE (GRADE_ID,DATE_RECEIVED,SCORE,ASSESSMENT_ID,TRAINEE_ID) values (2520,to_timestamp('19-APR-17 07.09.09.247000000 PM','DD-MON-RR HH.MI.SSXFF AM'),100,3052,5507);
INSERT INTO CALIBER_GRADE (GRADE_ID,DATE_RECEIVED,SCORE,ASSESSMENT_ID,TRAINEE_ID) values (2521,to_timestamp('19-APR-17 07.09.10.403000000 PM','DD-MON-RR HH.MI.SSXFF AM'),66.38,3051,5507);
INSERT INTO CALIBER_GRADE (GRADE_ID,DATE_RECEIVED,SCORE,ASSESSMENT_ID,TRAINEE_ID) values (2522,to_timestamp('19-APR-17 07.09.10.839000000 PM','DD-MON-RR HH.MI.SSXFF AM'),80,3050,5507);
INSERT INTO CALIBER_GRADE (GRADE_ID,DATE_RECEIVED,SCORE,ASSESSMENT_ID,TRAINEE_ID) values (2523,to_timestamp('19-APR-17 07.09.12.617000000 PM','DD-MON-RR HH.MI.SSXFF AM'),100,3052,5515);
INSERT INTO CALIBER_GRADE (GRADE_ID,DATE_RECEIVED,SCORE,ASSESSMENT_ID,TRAINEE_ID) values (2524,to_timestamp('19-APR-17 07.09.13.994000000 PM','DD-MON-RR HH.MI.SSXFF AM'),78.45,3051,5515);
INSERT INTO CALIBER_GRADE (GRADE_ID,DATE_RECEIVED,SCORE,ASSESSMENT_ID,TRAINEE_ID) values (2525,to_timestamp('19-APR-17 07.09.14.959000000 PM','DD-MON-RR HH.MI.SSXFF AM'),100,3050,5515);
INSERT INTO CALIBER_GRADE (GRADE_ID,DATE_RECEIVED,SCORE,ASSESSMENT_ID,TRAINEE_ID) values (2526,to_timestamp('19-APR-17 07.09.19.582000000 PM','DD-MON-RR HH.MI.SSXFF AM'),100,3052,5509);
INSERT INTO CALIBER_GRADE (GRADE_ID,DATE_RECEIVED,SCORE,ASSESSMENT_ID,TRAINEE_ID) values (2527,to_timestamp('19-APR-17 07.09.21.067000000 PM','DD-MON-RR HH.MI.SSXFF AM'),84.48,3051,5509);
INSERT INTO CALIBER_GRADE (GRADE_ID,DATE_RECEIVED,SCORE,ASSESSMENT_ID,TRAINEE_ID) values (2528,to_timestamp('19-APR-17 07.09.21.462000000 PM','DD-MON-RR HH.MI.SSXFF AM'),85,3050,5509);
INSERT INTO CALIBER_GRADE (GRADE_ID,DATE_RECEIVED,SCORE,ASSESSMENT_ID,TRAINEE_ID) values (2529,to_timestamp('19-APR-17 07.09.24.686000000 PM','DD-MON-RR HH.MI.SSXFF AM'),110,3052,5517);
INSERT INTO CALIBER_GRADE (GRADE_ID,DATE_RECEIVED,SCORE,ASSESSMENT_ID,TRAINEE_ID) values (2530,to_timestamp('19-APR-17 07.09.27.138000000 PM','DD-MON-RR HH.MI.SSXFF AM'),87.07,3051,5517);
INSERT INTO CALIBER_GRADE (GRADE_ID,DATE_RECEIVED,SCORE,ASSESSMENT_ID,TRAINEE_ID) values (2531,to_timestamp('19-APR-17 07.09.27.609000000 PM','DD-MON-RR HH.MI.SSXFF AM'),95,3050,5517);
INSERT INTO CALIBER_GRADE (GRADE_ID,DATE_RECEIVED,SCORE,ASSESSMENT_ID,TRAINEE_ID) values (2532,to_timestamp('19-APR-17 07.09.32.842000000 PM','DD-MON-RR HH.MI.SSXFF AM'),100,3052,5512);
INSERT INTO CALIBER_GRADE (GRADE_ID,DATE_RECEIVED,SCORE,ASSESSMENT_ID,TRAINEE_ID) values (2533,to_timestamp('19-APR-17 07.09.33.833000000 PM','DD-MON-RR HH.MI.SSXFF AM'),81.9,3051,5512);
INSERT INTO CALIBER_GRADE (GRADE_ID,DATE_RECEIVED,SCORE,ASSESSMENT_ID,TRAINEE_ID) values (2534,to_timestamp('19-APR-17 07.09.34.273000000 PM','DD-MON-RR HH.MI.SSXFF AM'),85,3050,5512);
INSERT INTO CALIBER_GRADE (GRADE_ID,DATE_RECEIVED,SCORE,ASSESSMENT_ID,TRAINEE_ID) values (2535,to_timestamp('19-APR-17 07.09.36.977000000 PM','DD-MON-RR HH.MI.SSXFF AM'),110,3052,5505);
INSERT INTO CALIBER_GRADE (GRADE_ID,DATE_RECEIVED,SCORE,ASSESSMENT_ID,TRAINEE_ID) values (2536,to_timestamp('19-APR-17 07.09.38.471000000 PM','DD-MON-RR HH.MI.SSXFF AM'),76.72,3051,5505);
INSERT INTO CALIBER_GRADE (GRADE_ID,DATE_RECEIVED,SCORE,ASSESSMENT_ID,TRAINEE_ID) values (2537,to_timestamp('19-APR-17 07.09.39.044000000 PM','DD-MON-RR HH.MI.SSXFF AM'),100,3050,5505);
INSERT INTO CALIBER_GRADE (GRADE_ID,DATE_RECEIVED,SCORE,ASSESSMENT_ID,TRAINEE_ID) values (2538,to_timestamp('19-APR-17 07.10.58.196000000 PM','DD-MON-RR HH.MI.SSXFF AM'),100,3052,5508);
INSERT INTO CALIBER_GRADE (GRADE_ID,DATE_RECEIVED,SCORE,ASSESSMENT_ID,TRAINEE_ID) values (2539,to_timestamp('19-APR-17 07.11.00.400000000 PM','DD-MON-RR HH.MI.SSXFF AM'),78.45,3051,5508);
INSERT INTO CALIBER_GRADE (GRADE_ID,DATE_RECEIVED,SCORE,ASSESSMENT_ID,TRAINEE_ID) values (2540,to_timestamp('19-APR-17 07.11.00.647000000 PM','DD-MON-RR HH.MI.SSXFF AM'),80,3050,5508);
INSERT INTO CALIBER_GRADE (GRADE_ID,DATE_RECEIVED,SCORE,ASSESSMENT_ID,TRAINEE_ID) values (2541,to_timestamp('19-APR-17 07.11.01.864000000 PM','DD-MON-RR HH.MI.SSXFF AM'),40,3052,5516);
INSERT INTO CALIBER_GRADE (GRADE_ID,DATE_RECEIVED,SCORE,ASSESSMENT_ID,TRAINEE_ID) values (2542,to_timestamp('19-APR-17 07.11.02.016000000 PM','DD-MON-RR HH.MI.SSXFF AM'),56.9,3051,5516);
INSERT INTO CALIBER_GRADE (GRADE_ID,DATE_RECEIVED,SCORE,ASSESSMENT_ID,TRAINEE_ID) values (2543,to_timestamp('19-APR-17 07.11.02.353000000 PM','DD-MON-RR HH.MI.SSXFF AM'),60,3050,5516);
INSERT INTO CALIBER_GRADE (GRADE_ID,DATE_RECEIVED,SCORE,ASSESSMENT_ID,TRAINEE_ID) values (2544,to_timestamp('19-APR-17 07.11.47.407000000 PM','DD-MON-RR HH.MI.SSXFF AM'),100,3053,5506);
INSERT INTO CALIBER_GRADE (GRADE_ID,DATE_RECEIVED,SCORE,ASSESSMENT_ID,TRAINEE_ID) values (2545,to_timestamp('19-APR-17 07.11.49.795000000 PM','DD-MON-RR HH.MI.SSXFF AM'),100,3054,5506);
INSERT INTO CALIBER_GRADE (GRADE_ID,DATE_RECEIVED,SCORE,ASSESSMENT_ID,TRAINEE_ID) values (2546,to_timestamp('19-APR-17 07.11.50.842000000 PM','DD-MON-RR HH.MI.SSXFF AM'),76.62,3055,5506);
INSERT INTO CALIBER_GRADE (GRADE_ID,DATE_RECEIVED,SCORE,ASSESSMENT_ID,TRAINEE_ID) values (2547,to_timestamp('19-APR-17 07.11.52.571000000 PM','DD-MON-RR HH.MI.SSXFF AM'),100,3053,5503);
INSERT INTO CALIBER_GRADE (GRADE_ID,DATE_RECEIVED,SCORE,ASSESSMENT_ID,TRAINEE_ID) values (2548,to_timestamp('19-APR-17 07.11.53.523000000 PM','DD-MON-RR HH.MI.SSXFF AM'),80,3054,5503);
INSERT INTO CALIBER_GRADE (GRADE_ID,DATE_RECEIVED,SCORE,ASSESSMENT_ID,TRAINEE_ID) values (2549,to_timestamp('19-APR-17 07.11.54.577000000 PM','DD-MON-RR HH.MI.SSXFF AM'),89.61,3055,5503);
INSERT INTO CALIBER_GRADE (GRADE_ID,DATE_RECEIVED,SCORE,ASSESSMENT_ID,TRAINEE_ID) values (2550,to_timestamp('19-APR-17 07.11.57.027000000 PM','DD-MON-RR HH.MI.SSXFF AM'),100,3053,5514);
INSERT INTO CALIBER_GRADE (GRADE_ID,DATE_RECEIVED,SCORE,ASSESSMENT_ID,TRAINEE_ID) values (2551,to_timestamp('19-APR-17 07.11.57.846000000 PM','DD-MON-RR HH.MI.SSXFF AM'),100,3054,5514);
INSERT INTO CALIBER_GRADE (GRADE_ID,DATE_RECEIVED,SCORE,ASSESSMENT_ID,TRAINEE_ID) values (2552,to_timestamp('19-APR-17 07.11.59.099000000 PM','DD-MON-RR HH.MI.SSXFF AM'),72.73,3055,5514);
INSERT INTO CALIBER_GRADE (GRADE_ID,DATE_RECEIVED,SCORE,ASSESSMENT_ID,TRAINEE_ID) values (2553,to_timestamp('19-APR-17 07.12.01.996000000 PM','DD-MON-RR HH.MI.SSXFF AM'),80,3053,5510);
INSERT INTO CALIBER_GRADE (GRADE_ID,DATE_RECEIVED,SCORE,ASSESSMENT_ID,TRAINEE_ID) values (2554,to_timestamp('19-APR-17 07.12.02.361000000 PM','DD-MON-RR HH.MI.SSXFF AM'),70,3054,5510);
INSERT INTO CALIBER_GRADE (GRADE_ID,DATE_RECEIVED,SCORE,ASSESSMENT_ID,TRAINEE_ID) values (2555,to_timestamp('19-APR-17 07.12.03.552000000 PM','DD-MON-RR HH.MI.SSXFF AM'),76.62,3055,5510);
INSERT INTO CALIBER_GRADE (GRADE_ID,DATE_RECEIVED,SCORE,ASSESSMENT_ID,TRAINEE_ID) values (2556,to_timestamp('19-APR-17 07.12.06.276000000 PM','DD-MON-RR HH.MI.SSXFF AM'),100,3053,5504);
INSERT INTO CALIBER_GRADE (GRADE_ID,DATE_RECEIVED,SCORE,ASSESSMENT_ID,TRAINEE_ID) values (2557,to_timestamp('19-APR-17 07.12.07.168000000 PM','DD-MON-RR HH.MI.SSXFF AM'),80,3054,5504);
INSERT INTO CALIBER_GRADE (GRADE_ID,DATE_RECEIVED,SCORE,ASSESSMENT_ID,TRAINEE_ID) values (2558,to_timestamp('19-APR-17 07.12.08.946000000 PM','DD-MON-RR HH.MI.SSXFF AM'),71.43,3055,5504);
INSERT INTO CALIBER_GRADE (GRADE_ID,DATE_RECEIVED,SCORE,ASSESSMENT_ID,TRAINEE_ID) values (2559,to_timestamp('19-APR-17 07.12.13.466000000 PM','DD-MON-RR HH.MI.SSXFF AM'),80,3053,5511);
INSERT INTO CALIBER_GRADE (GRADE_ID,DATE_RECEIVED,SCORE,ASSESSMENT_ID,TRAINEE_ID) values (2560,to_timestamp('19-APR-17 07.12.13.894000000 PM','DD-MON-RR HH.MI.SSXFF AM'),70,3054,5511);
INSERT INTO CALIBER_GRADE (GRADE_ID,DATE_RECEIVED,SCORE,ASSESSMENT_ID,TRAINEE_ID) values (2561,to_timestamp('19-APR-17 07.12.15.352000000 PM','DD-MON-RR HH.MI.SSXFF AM'),72.73,3055,5511);
INSERT INTO CALIBER_GRADE (GRADE_ID,DATE_RECEIVED,SCORE,ASSESSMENT_ID,TRAINEE_ID) values (2562,to_timestamp('19-APR-17 07.12.17.312000000 PM','DD-MON-RR HH.MI.SSXFF AM'),80,3053,5513);
INSERT INTO CALIBER_GRADE (GRADE_ID,DATE_RECEIVED,SCORE,ASSESSMENT_ID,TRAINEE_ID) values (2563,to_timestamp('19-APR-17 07.12.17.821000000 PM','DD-MON-RR HH.MI.SSXFF AM'),70,3054,5513);
INSERT INTO CALIBER_GRADE (GRADE_ID,DATE_RECEIVED,SCORE,ASSESSMENT_ID,TRAINEE_ID) values (2564,to_timestamp('19-APR-17 07.12.19.273000000 PM','DD-MON-RR HH.MI.SSXFF AM'),76.62,3055,5513);
INSERT INTO CALIBER_GRADE (GRADE_ID,DATE_RECEIVED,SCORE,ASSESSMENT_ID,TRAINEE_ID) values (2565,to_timestamp('19-APR-17 07.12.21.096000000 PM','DD-MON-RR HH.MI.SSXFF AM'),100,3053,5507);
INSERT INTO CALIBER_GRADE (GRADE_ID,DATE_RECEIVED,SCORE,ASSESSMENT_ID,TRAINEE_ID) values (2566,to_timestamp('19-APR-17 07.12.21.849000000 PM','DD-MON-RR HH.MI.SSXFF AM'),100,3054,5507);
INSERT INTO CALIBER_GRADE (GRADE_ID,DATE_RECEIVED,SCORE,ASSESSMENT_ID,TRAINEE_ID) values (2567,to_timestamp('19-APR-17 07.12.22.909000000 PM','DD-MON-RR HH.MI.SSXFF AM'),72.29,3055,5507);
INSERT INTO CALIBER_GRADE (GRADE_ID,DATE_RECEIVED,SCORE,ASSESSMENT_ID,TRAINEE_ID) values (2568,to_timestamp('19-APR-17 07.12.24.736000000 PM','DD-MON-RR HH.MI.SSXFF AM'),100,3053,5515);
INSERT INTO CALIBER_GRADE (GRADE_ID,DATE_RECEIVED,SCORE,ASSESSMENT_ID,TRAINEE_ID) values (2569,to_timestamp('19-APR-17 07.12.25.520000000 PM','DD-MON-RR HH.MI.SSXFF AM'),100,3054,5515);
INSERT INTO CALIBER_GRADE (GRADE_ID,DATE_RECEIVED,SCORE,ASSESSMENT_ID,TRAINEE_ID) values (2570,to_timestamp('19-APR-17 07.12.26.807000000 PM','DD-MON-RR HH.MI.SSXFF AM'),83.98,3055,5515);
INSERT INTO CALIBER_GRADE (GRADE_ID,DATE_RECEIVED,SCORE,ASSESSMENT_ID,TRAINEE_ID) values (2571,to_timestamp('19-APR-17 07.12.30.335000000 PM','DD-MON-RR HH.MI.SSXFF AM'),80,3053,5509);
INSERT INTO CALIBER_GRADE (GRADE_ID,DATE_RECEIVED,SCORE,ASSESSMENT_ID,TRAINEE_ID) values (2572,to_timestamp('19-APR-17 07.12.30.729000000 PM','DD-MON-RR HH.MI.SSXFF AM'),70,3054,5509);
INSERT INTO CALIBER_GRADE (GRADE_ID,DATE_RECEIVED,SCORE,ASSESSMENT_ID,TRAINEE_ID) values (2573,to_timestamp('19-APR-17 07.12.32.291000000 PM','DD-MON-RR HH.MI.SSXFF AM'),76.62,3055,5509);
INSERT INTO CALIBER_GRADE (GRADE_ID,DATE_RECEIVED,SCORE,ASSESSMENT_ID,TRAINEE_ID) values (2574,to_timestamp('19-APR-17 07.12.34.827000000 PM','DD-MON-RR HH.MI.SSXFF AM'),100,3053,5517);
INSERT INTO CALIBER_GRADE (GRADE_ID,DATE_RECEIVED,SCORE,ASSESSMENT_ID,TRAINEE_ID) values (2575,to_timestamp('19-APR-17 07.12.35.405000000 PM','DD-MON-RR HH.MI.SSXFF AM'),100,3054,5517);
INSERT INTO CALIBER_GRADE (GRADE_ID,DATE_RECEIVED,SCORE,ASSESSMENT_ID,TRAINEE_ID) values (2576,to_timestamp('19-APR-17 07.12.36.641000000 PM','DD-MON-RR HH.MI.SSXFF AM'),84.42,3055,5517);
INSERT INTO CALIBER_GRADE (GRADE_ID,DATE_RECEIVED,SCORE,ASSESSMENT_ID,TRAINEE_ID) values (2577,to_timestamp('19-APR-17 07.12.40.753000000 PM','DD-MON-RR HH.MI.SSXFF AM'),80,3053,5512);
INSERT INTO CALIBER_GRADE (GRADE_ID,DATE_RECEIVED,SCORE,ASSESSMENT_ID,TRAINEE_ID) values (2578,to_timestamp('19-APR-17 07.12.42.973000000 PM','DD-MON-RR HH.MI.SSXFF AM'),90,3054,5512);
INSERT INTO CALIBER_GRADE (GRADE_ID,DATE_RECEIVED,SCORE,ASSESSMENT_ID,TRAINEE_ID) values (2579,to_timestamp('19-APR-17 07.12.44.274000000 PM','DD-MON-RR HH.MI.SSXFF AM'),77.49,3055,5512);
INSERT INTO CALIBER_GRADE (GRADE_ID,DATE_RECEIVED,SCORE,ASSESSMENT_ID,TRAINEE_ID) values (2580,to_timestamp('19-APR-17 07.12.47.969000000 PM','DD-MON-RR HH.MI.SSXFF AM'),100,3053,5505);
INSERT INTO CALIBER_GRADE (GRADE_ID,DATE_RECEIVED,SCORE,ASSESSMENT_ID,TRAINEE_ID) values (2581,to_timestamp('19-APR-17 07.12.48.894000000 PM','DD-MON-RR HH.MI.SSXFF AM'),100,3054,5505);
INSERT INTO CALIBER_GRADE (GRADE_ID,DATE_RECEIVED,SCORE,ASSESSMENT_ID,TRAINEE_ID) values (2582,to_timestamp('19-APR-17 07.12.50.197000000 PM','DD-MON-RR HH.MI.SSXFF AM'),83.12,3055,5505);
INSERT INTO CALIBER_GRADE (GRADE_ID,DATE_RECEIVED,SCORE,ASSESSMENT_ID,TRAINEE_ID) values (2387,to_timestamp('19-APR-17 06.56.57.580000000 PM','DD-MON-RR HH.MI.SSXFF AM'),90,2093,5507);
INSERT INTO CALIBER_GRADE (GRADE_ID,DATE_RECEIVED,SCORE,ASSESSMENT_ID,TRAINEE_ID) values (2388,to_timestamp('19-APR-17 06.56.59.682000000 PM','DD-MON-RR HH.MI.SSXFF AM'),64.29,2092,5507);
INSERT INTO CALIBER_GRADE (GRADE_ID,DATE_RECEIVED,SCORE,ASSESSMENT_ID,TRAINEE_ID) values (2583,to_timestamp('19-APR-17 07.12.53.910000000 PM','DD-MON-RR HH.MI.SSXFF AM'),100,3053,5508);
INSERT INTO CALIBER_GRADE (GRADE_ID,DATE_RECEIVED,SCORE,ASSESSMENT_ID,TRAINEE_ID) values (2584,to_timestamp('19-APR-17 07.12.54.360000000 PM','DD-MON-RR HH.MI.SSXFF AM'),90,3054,5508);
INSERT INTO CALIBER_GRADE (GRADE_ID,DATE_RECEIVED,SCORE,ASSESSMENT_ID,TRAINEE_ID) values (2585,to_timestamp('19-APR-17 07.12.55.470000000 PM','DD-MON-RR HH.MI.SSXFF AM'),76.19,3055,5508);
INSERT INTO CALIBER_GRADE (GRADE_ID,DATE_RECEIVED,SCORE,ASSESSMENT_ID,TRAINEE_ID) values (2586,to_timestamp('19-APR-17 07.12.58.435000000 PM','DD-MON-RR HH.MI.SSXFF AM'),80,3053,5516);
INSERT INTO CALIBER_GRADE (GRADE_ID,DATE_RECEIVED,SCORE,ASSESSMENT_ID,TRAINEE_ID) values (2587,to_timestamp('19-APR-17 07.12.58.816000000 PM','DD-MON-RR HH.MI.SSXFF AM'),60,3054,5516);
INSERT INTO CALIBER_GRADE (GRADE_ID,DATE_RECEIVED,SCORE,ASSESSMENT_ID,TRAINEE_ID) values (2588,to_timestamp('19-APR-17 07.12.59.378000000 PM','DD-MON-RR HH.MI.SSXFF AM'),71,3055,5516);
INSERT INTO CALIBER_GRADE (GRADE_ID,DATE_RECEIVED,SCORE,ASSESSMENT_ID,TRAINEE_ID) values (2589,to_timestamp('19-APR-17 07.13.42.384000000 PM','DD-MON-RR HH.MI.SSXFF AM'),88.71,3056,5506);
INSERT INTO CALIBER_GRADE (GRADE_ID,DATE_RECEIVED,SCORE,ASSESSMENT_ID,TRAINEE_ID) values (2590,to_timestamp('19-APR-17 07.13.43.270000000 PM','DD-MON-RR HH.MI.SSXFF AM'),100,3058,5506);
INSERT INTO CALIBER_GRADE (GRADE_ID,DATE_RECEIVED,SCORE,ASSESSMENT_ID,TRAINEE_ID) values (2591,to_timestamp('19-APR-17 07.13.44.201000000 PM','DD-MON-RR HH.MI.SSXFF AM'),100,3057,5506);
INSERT INTO CALIBER_GRADE (GRADE_ID,DATE_RECEIVED,SCORE,ASSESSMENT_ID,TRAINEE_ID) values (2592,to_timestamp('19-APR-17 07.13.47.067000000 PM','DD-MON-RR HH.MI.SSXFF AM'),87.1,3056,5503);
INSERT INTO CALIBER_GRADE (GRADE_ID,DATE_RECEIVED,SCORE,ASSESSMENT_ID,TRAINEE_ID) values (2593,to_timestamp('19-APR-17 07.13.49.146000000 PM','DD-MON-RR HH.MI.SSXFF AM'),100,3058,5503);
INSERT INTO CALIBER_GRADE (GRADE_ID,DATE_RECEIVED,SCORE,ASSESSMENT_ID,TRAINEE_ID) values (2594,to_timestamp('19-APR-17 07.13.49.650000000 PM','DD-MON-RR HH.MI.SSXFF AM'),70,3057,5503);
INSERT INTO CALIBER_GRADE (GRADE_ID,DATE_RECEIVED,SCORE,ASSESSMENT_ID,TRAINEE_ID) values (2595,to_timestamp('19-APR-17 07.13.56.129000000 PM','DD-MON-RR HH.MI.SSXFF AM'),72.58,3056,5514);
INSERT INTO CALIBER_GRADE (GRADE_ID,DATE_RECEIVED,SCORE,ASSESSMENT_ID,TRAINEE_ID) values (2596,to_timestamp('19-APR-17 07.13.56.937000000 PM','DD-MON-RR HH.MI.SSXFF AM'),100,3058,5514);
INSERT INTO CALIBER_GRADE (GRADE_ID,DATE_RECEIVED,SCORE,ASSESSMENT_ID,TRAINEE_ID) values (2597,to_timestamp('19-APR-17 07.13.57.496000000 PM','DD-MON-RR HH.MI.SSXFF AM'),100,3057,5514);
INSERT INTO CALIBER_GRADE (GRADE_ID,DATE_RECEIVED,SCORE,ASSESSMENT_ID,TRAINEE_ID) values (2598,to_timestamp('19-APR-17 07.14.01.243000000 PM','DD-MON-RR HH.MI.SSXFF AM'),68.71,3056,5510);
INSERT INTO CALIBER_GRADE (GRADE_ID,DATE_RECEIVED,SCORE,ASSESSMENT_ID,TRAINEE_ID) values (2599,to_timestamp('19-APR-17 07.14.03.404000000 PM','DD-MON-RR HH.MI.SSXFF AM'),100,3058,5510);
INSERT INTO CALIBER_GRADE (GRADE_ID,DATE_RECEIVED,SCORE,ASSESSMENT_ID,TRAINEE_ID) values (2600,to_timestamp('19-APR-17 07.14.03.944000000 PM','DD-MON-RR HH.MI.SSXFF AM'),90,3057,5510);
INSERT INTO CALIBER_GRADE (GRADE_ID,DATE_RECEIVED,SCORE,ASSESSMENT_ID,TRAINEE_ID) values (2601,to_timestamp('19-APR-17 07.14.07.338000000 PM','DD-MON-RR HH.MI.SSXFF AM'),85.48,3056,5504);
INSERT INTO CALIBER_GRADE (GRADE_ID,DATE_RECEIVED,SCORE,ASSESSMENT_ID,TRAINEE_ID) values (2602,to_timestamp('19-APR-17 07.14.07.951000000 PM','DD-MON-RR HH.MI.SSXFF AM'),100,3058,5504);
INSERT INTO CALIBER_GRADE (GRADE_ID,DATE_RECEIVED,SCORE,ASSESSMENT_ID,TRAINEE_ID) values (2603,to_timestamp('19-APR-17 07.14.08.516000000 PM','DD-MON-RR HH.MI.SSXFF AM'),100,3057,5504);
INSERT INTO CALIBER_GRADE (GRADE_ID,DATE_RECEIVED,SCORE,ASSESSMENT_ID,TRAINEE_ID) values (2604,to_timestamp('19-APR-17 07.14.17.928000000 PM','DD-MON-RR HH.MI.SSXFF AM'),84.95,3056,5511);
INSERT INTO CALIBER_GRADE (GRADE_ID,DATE_RECEIVED,SCORE,ASSESSMENT_ID,TRAINEE_ID) values (2605,to_timestamp('19-APR-17 07.14.23.097000000 PM','DD-MON-RR HH.MI.SSXFF AM'),100,3058,5511);
INSERT INTO CALIBER_GRADE (GRADE_ID,DATE_RECEIVED,SCORE,ASSESSMENT_ID,TRAINEE_ID) values (2606,to_timestamp('19-APR-17 07.14.23.742000000 PM','DD-MON-RR HH.MI.SSXFF AM'),100,3057,5511);
INSERT INTO CALIBER_GRADE (GRADE_ID,DATE_RECEIVED,SCORE,ASSESSMENT_ID,TRAINEE_ID) values (2607,to_timestamp('19-APR-17 07.14.27.521000000 PM','DD-MON-RR HH.MI.SSXFF AM'),77.42,3056,5513);
INSERT INTO CALIBER_GRADE (GRADE_ID,DATE_RECEIVED,SCORE,ASSESSMENT_ID,TRAINEE_ID) values (2608,to_timestamp('19-APR-17 07.14.32.536000000 PM','DD-MON-RR HH.MI.SSXFF AM'),100,3058,5513);
INSERT INTO CALIBER_GRADE (GRADE_ID,DATE_RECEIVED,SCORE,ASSESSMENT_ID,TRAINEE_ID) values (2609,to_timestamp('19-APR-17 07.14.32.840000000 PM','DD-MON-RR HH.MI.SSXFF AM'),90,3057,5513);
INSERT INTO CALIBER_GRADE (GRADE_ID,DATE_RECEIVED,SCORE,ASSESSMENT_ID,TRAINEE_ID) values (2610,to_timestamp('19-APR-17 07.14.36.415000000 PM','DD-MON-RR HH.MI.SSXFF AM'),75.27,3056,5507);
INSERT INTO CALIBER_GRADE (GRADE_ID,DATE_RECEIVED,SCORE,ASSESSMENT_ID,TRAINEE_ID) values (2611,to_timestamp('19-APR-17 07.14.37.023000000 PM','DD-MON-RR HH.MI.SSXFF AM'),100,3058,5507);
INSERT INTO CALIBER_GRADE (GRADE_ID,DATE_RECEIVED,SCORE,ASSESSMENT_ID,TRAINEE_ID) values (2612,to_timestamp('19-APR-17 07.14.37.549000000 PM','DD-MON-RR HH.MI.SSXFF AM'),100,3057,5507);
INSERT INTO CALIBER_GRADE (GRADE_ID,DATE_RECEIVED,SCORE,ASSESSMENT_ID,TRAINEE_ID) values (2613,to_timestamp('19-APR-17 07.14.42.007000000 PM','DD-MON-RR HH.MI.SSXFF AM'),89.46,3056,5515);
INSERT INTO CALIBER_GRADE (GRADE_ID,DATE_RECEIVED,SCORE,ASSESSMENT_ID,TRAINEE_ID) values (2614,to_timestamp('19-APR-17 07.14.44.718000000 PM','DD-MON-RR HH.MI.SSXFF AM'),100,3058,5515);
INSERT INTO CALIBER_GRADE (GRADE_ID,DATE_RECEIVED,SCORE,ASSESSMENT_ID,TRAINEE_ID) values (2615,to_timestamp('19-APR-17 07.14.45.412000000 PM','DD-MON-RR HH.MI.SSXFF AM'),90,3057,5515);
INSERT INTO CALIBER_GRADE (GRADE_ID,DATE_RECEIVED,SCORE,ASSESSMENT_ID,TRAINEE_ID) values (2616,to_timestamp('19-APR-17 07.14.49.375000000 PM','DD-MON-RR HH.MI.SSXFF AM'),78.17,3056,5509);
INSERT INTO CALIBER_GRADE (GRADE_ID,DATE_RECEIVED,SCORE,ASSESSMENT_ID,TRAINEE_ID) values (2617,to_timestamp('19-APR-17 07.14.50.830000000 PM','DD-MON-RR HH.MI.SSXFF AM'),100,3058,5509);
INSERT INTO CALIBER_GRADE (GRADE_ID,DATE_RECEIVED,SCORE,ASSESSMENT_ID,TRAINEE_ID) values (2618,to_timestamp('19-APR-17 07.14.52.084000000 PM','DD-MON-RR HH.MI.SSXFF AM'),70,3057,5509);
INSERT INTO CALIBER_GRADE (GRADE_ID,DATE_RECEIVED,SCORE,ASSESSMENT_ID,TRAINEE_ID) values (2619,to_timestamp('19-APR-17 07.14.57.496000000 PM','DD-MON-RR HH.MI.SSXFF AM'),82.26,3056,5517);
INSERT INTO CALIBER_GRADE (GRADE_ID,DATE_RECEIVED,SCORE,ASSESSMENT_ID,TRAINEE_ID) values (2620,to_timestamp('19-APR-17 07.15.00.500000000 PM','DD-MON-RR HH.MI.SSXFF AM'),100,3058,5517);
INSERT INTO CALIBER_GRADE (GRADE_ID,DATE_RECEIVED,SCORE,ASSESSMENT_ID,TRAINEE_ID) values (2621,to_timestamp('19-APR-17 07.15.00.977000000 PM','DD-MON-RR HH.MI.SSXFF AM'),90,3057,5517);
INSERT INTO CALIBER_GRADE (GRADE_ID,DATE_RECEIVED,SCORE,ASSESSMENT_ID,TRAINEE_ID) values (2622,to_timestamp('19-APR-17 07.15.04.589000000 PM','DD-MON-RR HH.MI.SSXFF AM'),52.58,3056,5512);
INSERT INTO CALIBER_GRADE (GRADE_ID,DATE_RECEIVED,SCORE,ASSESSMENT_ID,TRAINEE_ID) values (2623,to_timestamp('19-APR-17 07.15.05.217000000 PM','DD-MON-RR HH.MI.SSXFF AM'),100,3058,5512);
INSERT INTO CALIBER_GRADE (GRADE_ID,DATE_RECEIVED,SCORE,ASSESSMENT_ID,TRAINEE_ID) values (2624,to_timestamp('19-APR-17 07.15.05.788000000 PM','DD-MON-RR HH.MI.SSXFF AM'),100,3057,5512);
INSERT INTO CALIBER_GRADE (GRADE_ID,DATE_RECEIVED,SCORE,ASSESSMENT_ID,TRAINEE_ID) values (2625,to_timestamp('19-APR-17 07.15.09.056000000 PM','DD-MON-RR HH.MI.SSXFF AM'),76.88,3056,5505);
INSERT INTO CALIBER_GRADE (GRADE_ID,DATE_RECEIVED,SCORE,ASSESSMENT_ID,TRAINEE_ID) values (2626,to_timestamp('19-APR-17 07.15.09.602000000 PM','DD-MON-RR HH.MI.SSXFF AM'),100,3058,5505);
INSERT INTO CALIBER_GRADE (GRADE_ID,DATE_RECEIVED,SCORE,ASSESSMENT_ID,TRAINEE_ID) values (2627,to_timestamp('19-APR-17 07.15.10.174000000 PM','DD-MON-RR HH.MI.SSXFF AM'),100,3057,5505);
INSERT INTO CALIBER_GRADE (GRADE_ID,DATE_RECEIVED,SCORE,ASSESSMENT_ID,TRAINEE_ID) values (2628,to_timestamp('19-APR-17 07.15.15.305000000 PM','DD-MON-RR HH.MI.SSXFF AM'),86.02,3056,5508);
INSERT INTO CALIBER_GRADE (GRADE_ID,DATE_RECEIVED,SCORE,ASSESSMENT_ID,TRAINEE_ID) values (2629,to_timestamp('19-APR-17 07.15.16.076000000 PM','DD-MON-RR HH.MI.SSXFF AM'),100,3058,5508);
INSERT INTO CALIBER_GRADE (GRADE_ID,DATE_RECEIVED,SCORE,ASSESSMENT_ID,TRAINEE_ID) values (2630,to_timestamp('19-APR-17 07.15.16.423000000 PM','DD-MON-RR HH.MI.SSXFF AM'),90,3057,5508);
INSERT INTO CALIBER_GRADE (GRADE_ID,DATE_RECEIVED,SCORE,ASSESSMENT_ID,TRAINEE_ID) values (2631,to_timestamp('19-APR-17 07.15.19.332000000 PM','DD-MON-RR HH.MI.SSXFF AM'),63.23,3056,5516);
INSERT INTO CALIBER_GRADE (GRADE_ID,DATE_RECEIVED,SCORE,ASSESSMENT_ID,TRAINEE_ID) values (2632,to_timestamp('19-APR-17 07.15.20.529000000 PM','DD-MON-RR HH.MI.SSXFF AM'),100,3058,5516);
INSERT INTO CALIBER_GRADE (GRADE_ID,DATE_RECEIVED,SCORE,ASSESSMENT_ID,TRAINEE_ID) values (2633,to_timestamp('19-APR-17 07.15.20.860000000 PM','DD-MON-RR HH.MI.SSXFF AM'),70,3057,5516);
INSERT INTO CALIBER_GRADE (GRADE_ID,DATE_RECEIVED,SCORE,ASSESSMENT_ID,TRAINEE_ID) values (2634,to_timestamp('19-APR-17 07.17.08.786000000 PM','DD-MON-RR HH.MI.SSXFF AM'),88.71,3059,5506);
INSERT INTO CALIBER_GRADE (GRADE_ID,DATE_RECEIVED,SCORE,ASSESSMENT_ID,TRAINEE_ID) values (2635,to_timestamp('19-APR-17 07.17.10.122000000 PM','DD-MON-RR HH.MI.SSXFF AM'),88.71,3060,5506);
INSERT INTO CALIBER_GRADE (GRADE_ID,DATE_RECEIVED,SCORE,ASSESSMENT_ID,TRAINEE_ID) values (2636,to_timestamp('19-APR-17 07.17.14.488000000 PM','DD-MON-RR HH.MI.SSXFF AM'),87.1,3059,5503);
INSERT INTO CALIBER_GRADE (GRADE_ID,DATE_RECEIVED,SCORE,ASSESSMENT_ID,TRAINEE_ID) values (2637,to_timestamp('19-APR-17 07.17.15.900000000 PM','DD-MON-RR HH.MI.SSXFF AM'),87.1,3060,5503);
INSERT INTO CALIBER_GRADE (GRADE_ID,DATE_RECEIVED,SCORE,ASSESSMENT_ID,TRAINEE_ID) values (2638,to_timestamp('19-APR-17 07.17.21.251000000 PM','DD-MON-RR HH.MI.SSXFF AM'),72.58,3059,5514);
INSERT INTO CALIBER_GRADE (GRADE_ID,DATE_RECEIVED,SCORE,ASSESSMENT_ID,TRAINEE_ID) values (2639,to_timestamp('19-APR-17 07.17.22.717000000 PM','DD-MON-RR HH.MI.SSXFF AM'),72.58,3060,5514);
INSERT INTO CALIBER_GRADE (GRADE_ID,DATE_RECEIVED,SCORE,ASSESSMENT_ID,TRAINEE_ID) values (2640,to_timestamp('19-APR-17 07.17.25.817000000 PM','DD-MON-RR HH.MI.SSXFF AM'),68.71,3059,5510);
INSERT INTO CALIBER_GRADE (GRADE_ID,DATE_RECEIVED,SCORE,ASSESSMENT_ID,TRAINEE_ID) values (2641,to_timestamp('19-APR-17 07.17.26.945000000 PM','DD-MON-RR HH.MI.SSXFF AM'),68.71,3060,5510);
INSERT INTO CALIBER_GRADE (GRADE_ID,DATE_RECEIVED,SCORE,ASSESSMENT_ID,TRAINEE_ID) values (2642,to_timestamp('19-APR-17 07.17.31.178000000 PM','DD-MON-RR HH.MI.SSXFF AM'),85.48,3059,5504);
INSERT INTO CALIBER_GRADE (GRADE_ID,DATE_RECEIVED,SCORE,ASSESSMENT_ID,TRAINEE_ID) values (2643,to_timestamp('19-APR-17 07.17.32.361000000 PM','DD-MON-RR HH.MI.SSXFF AM'),85.48,3060,5504);
INSERT INTO CALIBER_GRADE (GRADE_ID,DATE_RECEIVED,SCORE,ASSESSMENT_ID,TRAINEE_ID) values (2644,to_timestamp('19-APR-17 07.17.35.449000000 PM','DD-MON-RR HH.MI.SSXFF AM'),84.95,3059,5511);
INSERT INTO CALIBER_GRADE (GRADE_ID,DATE_RECEIVED,SCORE,ASSESSMENT_ID,TRAINEE_ID) values (2645,to_timestamp('19-APR-17 07.17.36.673000000 PM','DD-MON-RR HH.MI.SSXFF AM'),84.95,3060,5511);
INSERT INTO CALIBER_GRADE (GRADE_ID,DATE_RECEIVED,SCORE,ASSESSMENT_ID,TRAINEE_ID) values (2646,to_timestamp('19-APR-17 07.17.49.923000000 PM','DD-MON-RR HH.MI.SSXFF AM'),77.42,3059,5513);
INSERT INTO CALIBER_GRADE (GRADE_ID,DATE_RECEIVED,SCORE,ASSESSMENT_ID,TRAINEE_ID) values (2647,to_timestamp('19-APR-17 07.17.51.217000000 PM','DD-MON-RR HH.MI.SSXFF AM'),77.42,3060,5513);
INSERT INTO CALIBER_GRADE (GRADE_ID,DATE_RECEIVED,SCORE,ASSESSMENT_ID,TRAINEE_ID) values (2648,to_timestamp('19-APR-17 07.17.54.198000000 PM','DD-MON-RR HH.MI.SSXFF AM'),75.27,3059,5507);
INSERT INTO CALIBER_GRADE (GRADE_ID,DATE_RECEIVED,SCORE,ASSESSMENT_ID,TRAINEE_ID) values (2649,to_timestamp('19-APR-17 07.17.55.785000000 PM','DD-MON-RR HH.MI.SSXFF AM'),75.27,3060,5507);
INSERT INTO CALIBER_GRADE (GRADE_ID,DATE_RECEIVED,SCORE,ASSESSMENT_ID,TRAINEE_ID) values (2650,to_timestamp('19-APR-17 07.18.04.959000000 PM','DD-MON-RR HH.MI.SSXFF AM'),89.46,3059,5515);
INSERT INTO CALIBER_GRADE (GRADE_ID,DATE_RECEIVED,SCORE,ASSESSMENT_ID,TRAINEE_ID) values (2651,to_timestamp('19-APR-17 07.18.05.997000000 PM','DD-MON-RR HH.MI.SSXFF AM'),89.46,3060,5515);
INSERT INTO CALIBER_GRADE (GRADE_ID,DATE_RECEIVED,SCORE,ASSESSMENT_ID,TRAINEE_ID) values (2652,to_timestamp('19-APR-17 07.18.16.172000000 PM','DD-MON-RR HH.MI.SSXFF AM'),78.17,3059,5509);
INSERT INTO CALIBER_GRADE (GRADE_ID,DATE_RECEIVED,SCORE,ASSESSMENT_ID,TRAINEE_ID) values (2653,to_timestamp('19-APR-17 07.18.17.295000000 PM','DD-MON-RR HH.MI.SSXFF AM'),78.17,3060,5509);
INSERT INTO CALIBER_GRADE (GRADE_ID,DATE_RECEIVED,SCORE,ASSESSMENT_ID,TRAINEE_ID) values (2654,to_timestamp('19-APR-17 07.18.20.614000000 PM','DD-MON-RR HH.MI.SSXFF AM'),82.26,3059,5517);
INSERT INTO CALIBER_GRADE (GRADE_ID,DATE_RECEIVED,SCORE,ASSESSMENT_ID,TRAINEE_ID) values (2655,to_timestamp('19-APR-17 07.18.21.704000000 PM','DD-MON-RR HH.MI.SSXFF AM'),82.26,3060,5517);
INSERT INTO CALIBER_GRADE (GRADE_ID,DATE_RECEIVED,SCORE,ASSESSMENT_ID,TRAINEE_ID) values (2656,to_timestamp('19-APR-17 07.18.30.338000000 PM','DD-MON-RR HH.MI.SSXFF AM'),52.58,3059,5512);
INSERT INTO CALIBER_GRADE (GRADE_ID,DATE_RECEIVED,SCORE,ASSESSMENT_ID,TRAINEE_ID) values (1077,to_timestamp('19-APR-17 05.29.22.078000000 PM','DD-MON-RR HH.MI.SSXFF AM'),93.86,2053,5354);
INSERT INTO CALIBER_GRADE (GRADE_ID,DATE_RECEIVED,SCORE,ASSESSMENT_ID,TRAINEE_ID) values (1078,to_timestamp('19-APR-17 05.29.34.979000000 PM','DD-MON-RR HH.MI.SSXFF AM'),97.37,2053,5350);
INSERT INTO CALIBER_GRADE (GRADE_ID,DATE_RECEIVED,SCORE,ASSESSMENT_ID,TRAINEE_ID) values (1079,to_timestamp('19-APR-17 05.29.53.548000000 PM','DD-MON-RR HH.MI.SSXFF AM'),83.68,2053,5352);
INSERT INTO CALIBER_GRADE (GRADE_ID,DATE_RECEIVED,SCORE,ASSESSMENT_ID,TRAINEE_ID) values (1080,to_timestamp('19-APR-17 05.29.05.708000000 PM','DD-MON-RR HH.MI.SSXFF AM'),86.84,2053,5357);
INSERT INTO CALIBER_GRADE (GRADE_ID,DATE_RECEIVED,SCORE,ASSESSMENT_ID,TRAINEE_ID) values (1081,to_timestamp('19-APR-17 05.29.26.353000000 PM','DD-MON-RR HH.MI.SSXFF AM'),100,2053,5353);
INSERT INTO CALIBER_GRADE (GRADE_ID,DATE_RECEIVED,SCORE,ASSESSMENT_ID,TRAINEE_ID) values (1082,to_timestamp('19-APR-17 05.29.46.675000000 PM','DD-MON-RR HH.MI.SSXFF AM'),87.72,2053,5355);
INSERT INTO CALIBER_GRADE (GRADE_ID,DATE_RECEIVED,SCORE,ASSESSMENT_ID,TRAINEE_ID) values (1083,to_timestamp('19-APR-17 05.30.01.847000000 PM','DD-MON-RR HH.MI.SSXFF AM'),89.65,2053,5351);
INSERT INTO CALIBER_GRADE (GRADE_ID,DATE_RECEIVED,SCORE,ASSESSMENT_ID,TRAINEE_ID) values (1091,to_timestamp('19-APR-17 05.34.19.391000000 PM','DD-MON-RR HH.MI.SSXFF AM'),90.45,2056,5354);
INSERT INTO CALIBER_GRADE (GRADE_ID,DATE_RECEIVED,SCORE,ASSESSMENT_ID,TRAINEE_ID) values (1092,to_timestamp('19-APR-17 05.34.20.189000000 PM','DD-MON-RR HH.MI.SSXFF AM'),90.45,2055,5354);
INSERT INTO CALIBER_GRADE (GRADE_ID,DATE_RECEIVED,SCORE,ASSESSMENT_ID,TRAINEE_ID) values (1093,to_timestamp('19-APR-17 05.34.26.493000000 PM','DD-MON-RR HH.MI.SSXFF AM'),94.95,2056,5350);
INSERT INTO CALIBER_GRADE (GRADE_ID,DATE_RECEIVED,SCORE,ASSESSMENT_ID,TRAINEE_ID) values (1094,to_timestamp('19-APR-17 05.34.27.681000000 PM','DD-MON-RR HH.MI.SSXFF AM'),94.95,2055,5350);
INSERT INTO CALIBER_GRADE (GRADE_ID,DATE_RECEIVED,SCORE,ASSESSMENT_ID,TRAINEE_ID) values (1095,to_timestamp('19-APR-17 05.34.32.072000000 PM','DD-MON-RR HH.MI.SSXFF AM'),90.61,2056,5355);
INSERT INTO CALIBER_GRADE (GRADE_ID,DATE_RECEIVED,SCORE,ASSESSMENT_ID,TRAINEE_ID) values (1096,to_timestamp('19-APR-17 05.34.34.648000000 PM','DD-MON-RR HH.MI.SSXFF AM'),90.61,2055,5355);
INSERT INTO CALIBER_GRADE (GRADE_ID,DATE_RECEIVED,SCORE,ASSESSMENT_ID,TRAINEE_ID) values (1097,to_timestamp('19-APR-17 05.34.38.271000000 PM','DD-MON-RR HH.MI.SSXFF AM'),86.77,2056,5352);
INSERT INTO CALIBER_GRADE (GRADE_ID,DATE_RECEIVED,SCORE,ASSESSMENT_ID,TRAINEE_ID) values (1098,to_timestamp('19-APR-17 05.34.38.868000000 PM','DD-MON-RR HH.MI.SSXFF AM'),86.77,2055,5352);
INSERT INTO CALIBER_GRADE (GRADE_ID,DATE_RECEIVED,SCORE,ASSESSMENT_ID,TRAINEE_ID) values (1099,to_timestamp('19-APR-17 05.34.42.585000000 PM','DD-MON-RR HH.MI.SSXFF AM'),89.95,2056,5351);
INSERT INTO CALIBER_GRADE (GRADE_ID,DATE_RECEIVED,SCORE,ASSESSMENT_ID,TRAINEE_ID) values (1100,to_timestamp('19-APR-17 05.34.43.202000000 PM','DD-MON-RR HH.MI.SSXFF AM'),89.95,2055,5351);
INSERT INTO CALIBER_GRADE (GRADE_ID,DATE_RECEIVED,SCORE,ASSESSMENT_ID,TRAINEE_ID) values (1101,to_timestamp('19-APR-17 05.34.48.134000000 PM','DD-MON-RR HH.MI.SSXFF AM'),88.28,2056,5353);
INSERT INTO CALIBER_GRADE (GRADE_ID,DATE_RECEIVED,SCORE,ASSESSMENT_ID,TRAINEE_ID) values (1102,to_timestamp('19-APR-17 05.34.48.741000000 PM','DD-MON-RR HH.MI.SSXFF AM'),88.28,2055,5353);
INSERT INTO CALIBER_GRADE (GRADE_ID,DATE_RECEIVED,SCORE,ASSESSMENT_ID,TRAINEE_ID) values (1183,to_timestamp('19-APR-17 05.53.26.783000000 PM','DD-MON-RR HH.MI.SSXFF AM'),0,2065,5362);
INSERT INTO CALIBER_GRADE (GRADE_ID,DATE_RECEIVED,SCORE,ASSESSMENT_ID,TRAINEE_ID) values (1184,to_timestamp('19-APR-17 05.53.33.469000000 PM','DD-MON-RR HH.MI.SSXFF AM'),78.95,2064,5363);
INSERT INTO CALIBER_GRADE (GRADE_ID,DATE_RECEIVED,SCORE,ASSESSMENT_ID,TRAINEE_ID) values (1185,to_timestamp('19-APR-17 05.53.35.113000000 PM','DD-MON-RR HH.MI.SSXFF AM'),78.95,2065,5363);
INSERT INTO CALIBER_GRADE (GRADE_ID,DATE_RECEIVED,SCORE,ASSESSMENT_ID,TRAINEE_ID) values (1186,to_timestamp('19-APR-17 05.53.40.713000000 PM','DD-MON-RR HH.MI.SSXFF AM'),89.47,2064,5401);
INSERT INTO CALIBER_GRADE (GRADE_ID,DATE_RECEIVED,SCORE,ASSESSMENT_ID,TRAINEE_ID) values (1187,to_timestamp('19-APR-17 05.53.41.920000000 PM','DD-MON-RR HH.MI.SSXFF AM'),89.47,2065,5401);
INSERT INTO CALIBER_GRADE (GRADE_ID,DATE_RECEIVED,SCORE,ASSESSMENT_ID,TRAINEE_ID) values (1188,to_timestamp('19-APR-17 05.53.45.592000000 PM','DD-MON-RR HH.MI.SSXFF AM'),73.68,2064,5361);
INSERT INTO CALIBER_GRADE (GRADE_ID,DATE_RECEIVED,SCORE,ASSESSMENT_ID,TRAINEE_ID) values (1189,to_timestamp('19-APR-17 05.53.47.057000000 PM','DD-MON-RR HH.MI.SSXFF AM'),73.68,2065,5361);
INSERT INTO CALIBER_GRADE (GRADE_ID,DATE_RECEIVED,SCORE,ASSESSMENT_ID,TRAINEE_ID) values (1190,to_timestamp('19-APR-17 05.53.50.862000000 PM','DD-MON-RR HH.MI.SSXFF AM'),0,2064,5453);
INSERT INTO CALIBER_GRADE (GRADE_ID,DATE_RECEIVED,SCORE,ASSESSMENT_ID,TRAINEE_ID) values (1191,to_timestamp('19-APR-17 05.53.56.294000000 PM','DD-MON-RR HH.MI.SSXFF AM'),68.42,2064,5402);
INSERT INTO CALIBER_GRADE (GRADE_ID,DATE_RECEIVED,SCORE,ASSESSMENT_ID,TRAINEE_ID) values (1192,to_timestamp('19-APR-17 05.53.59.862000000 PM','DD-MON-RR HH.MI.SSXFF AM'),68.42,2065,5402);
INSERT INTO CALIBER_GRADE (GRADE_ID,DATE_RECEIVED,SCORE,ASSESSMENT_ID,TRAINEE_ID) values (1193,to_timestamp('19-APR-17 05.54.02.272000000 PM','DD-MON-RR HH.MI.SSXFF AM'),100,2064,5455);
INSERT INTO CALIBER_GRADE (GRADE_ID,DATE_RECEIVED,SCORE,ASSESSMENT_ID,TRAINEE_ID) values (1194,to_timestamp('19-APR-17 05.54.04.238000000 PM','DD-MON-RR HH.MI.SSXFF AM'),100,2065,5455);
INSERT INTO CALIBER_GRADE (GRADE_ID,DATE_RECEIVED,SCORE,ASSESSMENT_ID,TRAINEE_ID) values (1239,to_timestamp('19-APR-17 06.00.21.011000000 PM','DD-MON-RR HH.MI.SSXFF AM'),0,2066,5458);
INSERT INTO CALIBER_GRADE (GRADE_ID,DATE_RECEIVED,SCORE,ASSESSMENT_ID,TRAINEE_ID) values (1243,to_timestamp('19-APR-17 06.00.33.326000000 PM','DD-MON-RR HH.MI.SSXFF AM'),80,2066,5465);
INSERT INTO CALIBER_GRADE (GRADE_ID,DATE_RECEIVED,SCORE,ASSESSMENT_ID,TRAINEE_ID) values (1246,to_timestamp('19-APR-17 06.00.43.209000000 PM','DD-MON-RR HH.MI.SSXFF AM'),90,2066,5472);
INSERT INTO CALIBER_GRADE (GRADE_ID,DATE_RECEIVED,SCORE,ASSESSMENT_ID,TRAINEE_ID) values (1247,to_timestamp('19-APR-17 06.00.45.484000000 PM','DD-MON-RR HH.MI.SSXFF AM'),82.14,2067,5472);
INSERT INTO CALIBER_GRADE (GRADE_ID,DATE_RECEIVED,SCORE,ASSESSMENT_ID,TRAINEE_ID) values (1248,to_timestamp('19-APR-17 06.00.50.074000000 PM','DD-MON-RR HH.MI.SSXFF AM'),24,2068,5502);
INSERT INTO CALIBER_GRADE (GRADE_ID,DATE_RECEIVED,SCORE,ASSESSMENT_ID,TRAINEE_ID) values (1249,to_timestamp('19-APR-17 06.00.53.609000000 PM','DD-MON-RR HH.MI.SSXFF AM'),60,2066,5502);
INSERT INTO CALIBER_GRADE (GRADE_ID,DATE_RECEIVED,SCORE,ASSESSMENT_ID,TRAINEE_ID) values (1250,to_timestamp('19-APR-17 06.00.57.703000000 PM','DD-MON-RR HH.MI.SSXFF AM'),58.93,2067,5502);
INSERT INTO CALIBER_GRADE (GRADE_ID,DATE_RECEIVED,SCORE,ASSESSMENT_ID,TRAINEE_ID) values (1251,to_timestamp('19-APR-17 06.01.02.015000000 PM','DD-MON-RR HH.MI.SSXFF AM'),43,2068,5460);
INSERT INTO CALIBER_GRADE (GRADE_ID,DATE_RECEIVED,SCORE,ASSESSMENT_ID,TRAINEE_ID) values (1252,to_timestamp('19-APR-17 06.01.04.913000000 PM','DD-MON-RR HH.MI.SSXFF AM'),80,2066,5460);
INSERT INTO CALIBER_GRADE (GRADE_ID,DATE_RECEIVED,SCORE,ASSESSMENT_ID,TRAINEE_ID) values (1253,to_timestamp('19-APR-17 06.01.09.322000000 PM','DD-MON-RR HH.MI.SSXFF AM'),80.36,2067,5460);
INSERT INTO CALIBER_GRADE (GRADE_ID,DATE_RECEIVED,SCORE,ASSESSMENT_ID,TRAINEE_ID) values (1254,to_timestamp('19-APR-17 06.01.16.939000000 PM','DD-MON-RR HH.MI.SSXFF AM'),66,2068,5473);
INSERT INTO CALIBER_GRADE (GRADE_ID,DATE_RECEIVED,SCORE,ASSESSMENT_ID,TRAINEE_ID) values (1255,to_timestamp('19-APR-17 06.01.17.482000000 PM','DD-MON-RR HH.MI.SSXFF AM'),90,2066,5473);
INSERT INTO CALIBER_GRADE (GRADE_ID,DATE_RECEIVED,SCORE,ASSESSMENT_ID,TRAINEE_ID) values (1256,to_timestamp('19-APR-17 06.01.20.770000000 PM','DD-MON-RR HH.MI.SSXFF AM'),80.36,2067,5473);
INSERT INTO CALIBER_GRADE (GRADE_ID,DATE_RECEIVED,SCORE,ASSESSMENT_ID,TRAINEE_ID) values (1287,to_timestamp('19-APR-17 06.07.36.312000000 PM','DD-MON-RR HH.MI.SSXFF AM'),90,2069,5460);
INSERT INTO CALIBER_GRADE (GRADE_ID,DATE_RECEIVED,SCORE,ASSESSMENT_ID,TRAINEE_ID) values (1288,to_timestamp('19-APR-17 06.07.37.409000000 PM','DD-MON-RR HH.MI.SSXFF AM'),93.1,2070,5460);
INSERT INTO CALIBER_GRADE (GRADE_ID,DATE_RECEIVED,SCORE,ASSESSMENT_ID,TRAINEE_ID) values (1289,to_timestamp('19-APR-17 06.07.44.840000000 PM','DD-MON-RR HH.MI.SSXFF AM'),100,2069,5473);
INSERT INTO CALIBER_GRADE (GRADE_ID,DATE_RECEIVED,SCORE,ASSESSMENT_ID,TRAINEE_ID) values (1290,to_timestamp('19-APR-17 06.07.45.622000000 PM','DD-MON-RR HH.MI.SSXFF AM'),100,2070,5473);
INSERT INTO CALIBER_GRADE (GRADE_ID,DATE_RECEIVED,SCORE,ASSESSMENT_ID,TRAINEE_ID) values (2453,to_timestamp('19-APR-17 07.04.36.976000000 PM','DD-MON-RR HH.MI.SSXFF AM'),100,2097,5506);
INSERT INTO CALIBER_GRADE (GRADE_ID,DATE_RECEIVED,SCORE,ASSESSMENT_ID,TRAINEE_ID) values (2454,to_timestamp('19-APR-17 07.04.38.267000000 PM','DD-MON-RR HH.MI.SSXFF AM'),66.36,2098,5506);
INSERT INTO CALIBER_GRADE (GRADE_ID,DATE_RECEIVED,SCORE,ASSESSMENT_ID,TRAINEE_ID) values (2455,to_timestamp('19-APR-17 07.04.39.296000000 PM','DD-MON-RR HH.MI.SSXFF AM'),100,2099,5506);
INSERT INTO CALIBER_GRADE (GRADE_ID,DATE_RECEIVED,SCORE,ASSESSMENT_ID,TRAINEE_ID) values (2456,to_timestamp('19-APR-17 07.04.41.230000000 PM','DD-MON-RR HH.MI.SSXFF AM'),90,2097,5503);
INSERT INTO CALIBER_GRADE (GRADE_ID,DATE_RECEIVED,SCORE,ASSESSMENT_ID,TRAINEE_ID) values (2457,to_timestamp('19-APR-17 07.04.42.559000000 PM','DD-MON-RR HH.MI.SSXFF AM'),85.45,2098,5503);
INSERT INTO CALIBER_GRADE (GRADE_ID,DATE_RECEIVED,SCORE,ASSESSMENT_ID,TRAINEE_ID) values (2458,to_timestamp('19-APR-17 07.04.43.125000000 PM','DD-MON-RR HH.MI.SSXFF AM'),100,2099,5503);
INSERT INTO CALIBER_GRADE (GRADE_ID,DATE_RECEIVED,SCORE,ASSESSMENT_ID,TRAINEE_ID) values (2459,to_timestamp('19-APR-17 07.04.45.181000000 PM','DD-MON-RR HH.MI.SSXFF AM'),90,2097,5514);
INSERT INTO CALIBER_GRADE (GRADE_ID,DATE_RECEIVED,SCORE,ASSESSMENT_ID,TRAINEE_ID) values (2460,to_timestamp('19-APR-17 07.04.46.391000000 PM','DD-MON-RR HH.MI.SSXFF AM'),67.88,2098,5514);
INSERT INTO CALIBER_GRADE (GRADE_ID,DATE_RECEIVED,SCORE,ASSESSMENT_ID,TRAINEE_ID) values (2461,to_timestamp('19-APR-17 07.04.46.736000000 PM','DD-MON-RR HH.MI.SSXFF AM'),90,2099,5514);
INSERT INTO CALIBER_GRADE (GRADE_ID,DATE_RECEIVED,SCORE,ASSESSMENT_ID,TRAINEE_ID) values (2462,to_timestamp('19-APR-17 07.04.48.338000000 PM','DD-MON-RR HH.MI.SSXFF AM'),70,2097,5510);
INSERT INTO CALIBER_GRADE (GRADE_ID,DATE_RECEIVED,SCORE,ASSESSMENT_ID,TRAINEE_ID) values (2463,to_timestamp('19-APR-17 07.04.49.989000000 PM','DD-MON-RR HH.MI.SSXFF AM'),62.12,2098,5510);
INSERT INTO CALIBER_GRADE (GRADE_ID,DATE_RECEIVED,SCORE,ASSESSMENT_ID,TRAINEE_ID) values (2464,to_timestamp('19-APR-17 07.04.50.603000000 PM','DD-MON-RR HH.MI.SSXFF AM'),100,2099,5510);
INSERT INTO CALIBER_GRADE (GRADE_ID,DATE_RECEIVED,SCORE,ASSESSMENT_ID,TRAINEE_ID) values (2465,to_timestamp('19-APR-17 07.04.53.137000000 PM','DD-MON-RR HH.MI.SSXFF AM'),100,2097,5504);
INSERT INTO CALIBER_GRADE (GRADE_ID,DATE_RECEIVED,SCORE,ASSESSMENT_ID,TRAINEE_ID) values (2466,to_timestamp('19-APR-17 07.04.54.982000000 PM','DD-MON-RR HH.MI.SSXFF AM'),55.76,2098,5504);
INSERT INTO CALIBER_GRADE (GRADE_ID,DATE_RECEIVED,SCORE,ASSESSMENT_ID,TRAINEE_ID) values (2467,to_timestamp('19-APR-17 07.04.55.598000000 PM','DD-MON-RR HH.MI.SSXFF AM'),100,2099,5504);
INSERT INTO CALIBER_GRADE (GRADE_ID,DATE_RECEIVED,SCORE,ASSESSMENT_ID,TRAINEE_ID) values (2468,to_timestamp('19-APR-17 07.04.57.464000000 PM','DD-MON-RR HH.MI.SSXFF AM'),90,2097,5511);
INSERT INTO CALIBER_GRADE (GRADE_ID,DATE_RECEIVED,SCORE,ASSESSMENT_ID,TRAINEE_ID) values (2469,to_timestamp('19-APR-17 07.04.58.366000000 PM','DD-MON-RR HH.MI.SSXFF AM'),50.3,2098,5511);
INSERT INTO CALIBER_GRADE (GRADE_ID,DATE_RECEIVED,SCORE,ASSESSMENT_ID,TRAINEE_ID) values (2470,to_timestamp('19-APR-17 07.04.58.880000000 PM','DD-MON-RR HH.MI.SSXFF AM'),90,2099,5511);
INSERT INTO CALIBER_GRADE (GRADE_ID,DATE_RECEIVED,SCORE,ASSESSMENT_ID,TRAINEE_ID) values (2471,to_timestamp('19-APR-17 07.05.01.588000000 PM','DD-MON-RR HH.MI.SSXFF AM'),70,2097,5513);
INSERT INTO CALIBER_GRADE (GRADE_ID,DATE_RECEIVED,SCORE,ASSESSMENT_ID,TRAINEE_ID) values (2472,to_timestamp('19-APR-17 07.05.03.038000000 PM','DD-MON-RR HH.MI.SSXFF AM'),47.88,2098,5513);
INSERT INTO CALIBER_GRADE (GRADE_ID,DATE_RECEIVED,SCORE,ASSESSMENT_ID,TRAINEE_ID) values (2473,to_timestamp('19-APR-17 07.05.03.526000000 PM','DD-MON-RR HH.MI.SSXFF AM'),50,2099,5513);
INSERT INTO CALIBER_GRADE (GRADE_ID,DATE_RECEIVED,SCORE,ASSESSMENT_ID,TRAINEE_ID) values (2474,to_timestamp('19-APR-17 07.05.07.244000000 PM','DD-MON-RR HH.MI.SSXFF AM'),100,2097,5507);
INSERT INTO CALIBER_GRADE (GRADE_ID,DATE_RECEIVED,SCORE,ASSESSMENT_ID,TRAINEE_ID) values (2475,to_timestamp('19-APR-17 07.05.08.915000000 PM','DD-MON-RR HH.MI.SSXFF AM'),55.15,2098,5507);
INSERT INTO CALIBER_GRADE (GRADE_ID,DATE_RECEIVED,SCORE,ASSESSMENT_ID,TRAINEE_ID) values (2476,to_timestamp('19-APR-17 07.05.09.647000000 PM','DD-MON-RR HH.MI.SSXFF AM'),100,2099,5507);
INSERT INTO CALIBER_GRADE (GRADE_ID,DATE_RECEIVED,SCORE,ASSESSMENT_ID,TRAINEE_ID) values (2477,to_timestamp('19-APR-17 07.05.11.283000000 PM','DD-MON-RR HH.MI.SSXFF AM'),100,2097,5515);
INSERT INTO CALIBER_GRADE (GRADE_ID,DATE_RECEIVED,SCORE,ASSESSMENT_ID,TRAINEE_ID) values (2478,to_timestamp('19-APR-17 07.05.12.530000000 PM','DD-MON-RR HH.MI.SSXFF AM'),71.52,2098,5515);
INSERT INTO CALIBER_GRADE (GRADE_ID,DATE_RECEIVED,SCORE,ASSESSMENT_ID,TRAINEE_ID) values (2479,to_timestamp('19-APR-17 07.05.13.067000000 PM','DD-MON-RR HH.MI.SSXFF AM'),100,2099,5515);
INSERT INTO CALIBER_GRADE (GRADE_ID,DATE_RECEIVED,SCORE,ASSESSMENT_ID,TRAINEE_ID) values (2480,to_timestamp('19-APR-17 07.05.14.935000000 PM','DD-MON-RR HH.MI.SSXFF AM'),100,2097,5509);
INSERT INTO CALIBER_GRADE (GRADE_ID,DATE_RECEIVED,SCORE,ASSESSMENT_ID,TRAINEE_ID) values (2481,to_timestamp('19-APR-17 07.05.16.331000000 PM','DD-MON-RR HH.MI.SSXFF AM'),73.94,2098,5509);
INSERT INTO CALIBER_GRADE (GRADE_ID,DATE_RECEIVED,SCORE,ASSESSMENT_ID,TRAINEE_ID) values (2482,to_timestamp('19-APR-17 07.05.17.048000000 PM','DD-MON-RR HH.MI.SSXFF AM'),90,2099,5509);
INSERT INTO CALIBER_GRADE (GRADE_ID,DATE_RECEIVED,SCORE,ASSESSMENT_ID,TRAINEE_ID) values (2483,to_timestamp('19-APR-17 07.05.18.896000000 PM','DD-MON-RR HH.MI.SSXFF AM'),100,2097,5517);
INSERT INTO CALIBER_GRADE (GRADE_ID,DATE_RECEIVED,SCORE,ASSESSMENT_ID,TRAINEE_ID) values (2484,to_timestamp('19-APR-17 07.05.22.317000000 PM','DD-MON-RR HH.MI.SSXFF AM'),71.52,2098,5517);
INSERT INTO CALIBER_GRADE (GRADE_ID,DATE_RECEIVED,SCORE,ASSESSMENT_ID,TRAINEE_ID) values (2485,to_timestamp('19-APR-17 07.05.23.465000000 PM','DD-MON-RR HH.MI.SSXFF AM'),100,2099,5517);
INSERT INTO CALIBER_GRADE (GRADE_ID,DATE_RECEIVED,SCORE,ASSESSMENT_ID,TRAINEE_ID) values (2486,to_timestamp('19-APR-17 07.05.28.084000000 PM','DD-MON-RR HH.MI.SSXFF AM'),90,2097,5512);
INSERT INTO CALIBER_GRADE (GRADE_ID,DATE_RECEIVED,SCORE,ASSESSMENT_ID,TRAINEE_ID) values (2487,to_timestamp('19-APR-17 07.05.30.158000000 PM','DD-MON-RR HH.MI.SSXFF AM'),43.64,2098,5512);
INSERT INTO CALIBER_GRADE (GRADE_ID,DATE_RECEIVED,SCORE,ASSESSMENT_ID,TRAINEE_ID) values (2488,to_timestamp('19-APR-17 07.05.30.677000000 PM','DD-MON-RR HH.MI.SSXFF AM'),80,2099,5512);
INSERT INTO CALIBER_GRADE (GRADE_ID,DATE_RECEIVED,SCORE,ASSESSMENT_ID,TRAINEE_ID) values (2489,to_timestamp('19-APR-17 07.05.34.094000000 PM','DD-MON-RR HH.MI.SSXFF AM'),0,2097,5519);
INSERT INTO CALIBER_GRADE (GRADE_ID,DATE_RECEIVED,SCORE,ASSESSMENT_ID,TRAINEE_ID) values (2490,to_timestamp('19-APR-17 07.05.35.678000000 PM','DD-MON-RR HH.MI.SSXFF AM'),100,2097,5505);
INSERT INTO CALIBER_GRADE (GRADE_ID,DATE_RECEIVED,SCORE,ASSESSMENT_ID,TRAINEE_ID) values (2491,to_timestamp('19-APR-17 07.05.36.859000000 PM','DD-MON-RR HH.MI.SSXFF AM'),50.3,2098,5505);
INSERT INTO CALIBER_GRADE (GRADE_ID,DATE_RECEIVED,SCORE,ASSESSMENT_ID,TRAINEE_ID) values (2492,to_timestamp('19-APR-17 07.05.37.468000000 PM','DD-MON-RR HH.MI.SSXFF AM'),100,2099,5505);
INSERT INTO CALIBER_GRADE (GRADE_ID,DATE_RECEIVED,SCORE,ASSESSMENT_ID,TRAINEE_ID) values (2493,to_timestamp('19-APR-17 07.05.42.164000000 PM','DD-MON-RR HH.MI.SSXFF AM'),100,2097,5508);
INSERT INTO CALIBER_GRADE (GRADE_ID,DATE_RECEIVED,SCORE,ASSESSMENT_ID,TRAINEE_ID) values (2494,to_timestamp('19-APR-17 07.05.43.358000000 PM','DD-MON-RR HH.MI.SSXFF AM'),41.21,2098,5508);
INSERT INTO CALIBER_GRADE (GRADE_ID,DATE_RECEIVED,SCORE,ASSESSMENT_ID,TRAINEE_ID) values (2495,to_timestamp('19-APR-17 07.05.44.175000000 PM','DD-MON-RR HH.MI.SSXFF AM'),100,2099,5508);
INSERT INTO CALIBER_GRADE (GRADE_ID,DATE_RECEIVED,SCORE,ASSESSMENT_ID,TRAINEE_ID) values (2496,to_timestamp('19-APR-17 07.05.45.687000000 PM','DD-MON-RR HH.MI.SSXFF AM'),70,2097,5516);
INSERT INTO CALIBER_GRADE (GRADE_ID,DATE_RECEIVED,SCORE,ASSESSMENT_ID,TRAINEE_ID) values (2497,to_timestamp('19-APR-17 07.05.47.404000000 PM','DD-MON-RR HH.MI.SSXFF AM'),30.91,2098,5516);
INSERT INTO CALIBER_GRADE (GRADE_ID,DATE_RECEIVED,SCORE,ASSESSMENT_ID,TRAINEE_ID) values (2498,to_timestamp('19-APR-17 07.05.47.886000000 PM','DD-MON-RR HH.MI.SSXFF AM'),50,2099,5516);
INSERT INTO CALIBER_GRADE (GRADE_ID,DATE_RECEIVED,SCORE,ASSESSMENT_ID,TRAINEE_ID) values (2657,to_timestamp('19-APR-17 07.18.31.724000000 PM','DD-MON-RR HH.MI.SSXFF AM'),52.58,3060,5512);
INSERT INTO CALIBER_GRADE (GRADE_ID,DATE_RECEIVED,SCORE,ASSESSMENT_ID,TRAINEE_ID) values (2658,to_timestamp('19-APR-17 07.18.39.450000000 PM','DD-MON-RR HH.MI.SSXFF AM'),76.88,3059,5505);
INSERT INTO CALIBER_GRADE (GRADE_ID,DATE_RECEIVED,SCORE,ASSESSMENT_ID,TRAINEE_ID) values (2659,to_timestamp('19-APR-17 07.18.40.477000000 PM','DD-MON-RR HH.MI.SSXFF AM'),76.88,3060,5505);
INSERT INTO CALIBER_GRADE (GRADE_ID,DATE_RECEIVED,SCORE,ASSESSMENT_ID,TRAINEE_ID) values (2660,to_timestamp('19-APR-17 07.18.49.072000000 PM','DD-MON-RR HH.MI.SSXFF AM'),86.02,3059,5508);
INSERT INTO CALIBER_GRADE (GRADE_ID,DATE_RECEIVED,SCORE,ASSESSMENT_ID,TRAINEE_ID) values (2661,to_timestamp('19-APR-17 07.18.50.598000000 PM','DD-MON-RR HH.MI.SSXFF AM'),86.02,3060,5508);
INSERT INTO CALIBER_GRADE (GRADE_ID,DATE_RECEIVED,SCORE,ASSESSMENT_ID,TRAINEE_ID) values (2662,to_timestamp('19-APR-17 07.18.55.044000000 PM','DD-MON-RR HH.MI.SSXFF AM'),63.23,3059,5516);
INSERT INTO CALIBER_GRADE (GRADE_ID,DATE_RECEIVED,SCORE,ASSESSMENT_ID,TRAINEE_ID) values (2663,to_timestamp('19-APR-17 07.18.56.599000000 PM','DD-MON-RR HH.MI.SSXFF AM'),63.23,3060,5516);
INSERT INTO CALIBER_GRADE (GRADE_ID,DATE_RECEIVED,SCORE,ASSESSMENT_ID,TRAINEE_ID) values (2664,to_timestamp('19-APR-17 08.57.54.960000000 PM','DD-MON-RR HH.MI.SSXFF AM'),33,3061,5528);
INSERT INTO CALIBER_GRADE (GRADE_ID,DATE_RECEIVED,SCORE,ASSESSMENT_ID,TRAINEE_ID) values (2720,to_timestamp('19-APR-17 09.04.19.278000000 PM','DD-MON-RR HH.MI.SSXFF AM'),77.83,3065,5524);
INSERT INTO CALIBER_GRADE (GRADE_ID,DATE_RECEIVED,SCORE,ASSESSMENT_ID,TRAINEE_ID) values (2721,to_timestamp('19-APR-17 09.04.19.654000000 PM','DD-MON-RR HH.MI.SSXFF AM'),70,3064,5524);
INSERT INTO CALIBER_GRADE (GRADE_ID,DATE_RECEIVED,SCORE,ASSESSMENT_ID,TRAINEE_ID) values (2722,to_timestamp('19-APR-17 09.04.22.835000000 PM','DD-MON-RR HH.MI.SSXFF AM'),92.45,3065,5539);
INSERT INTO CALIBER_GRADE (GRADE_ID,DATE_RECEIVED,SCORE,ASSESSMENT_ID,TRAINEE_ID) values (2723,to_timestamp('19-APR-17 09.04.23.391000000 PM','DD-MON-RR HH.MI.SSXFF AM'),100,3064,5539);
INSERT INTO CALIBER_GRADE (GRADE_ID,DATE_RECEIVED,SCORE,ASSESSMENT_ID,TRAINEE_ID) values (2724,to_timestamp('19-APR-17 09.04.26.597000000 PM','DD-MON-RR HH.MI.SSXFF AM'),75.47,3065,5525);
INSERT INTO CALIBER_GRADE (GRADE_ID,DATE_RECEIVED,SCORE,ASSESSMENT_ID,TRAINEE_ID) values (2725,to_timestamp('19-APR-17 09.04.26.913000000 PM','DD-MON-RR HH.MI.SSXFF AM'),80,3064,5525);
INSERT INTO CALIBER_GRADE (GRADE_ID,DATE_RECEIVED,SCORE,ASSESSMENT_ID,TRAINEE_ID) values (2726,to_timestamp('19-APR-17 09.04.31.069000000 PM','DD-MON-RR HH.MI.SSXFF AM'),61.32,3065,5527);
INSERT INTO CALIBER_GRADE (GRADE_ID,DATE_RECEIVED,SCORE,ASSESSMENT_ID,TRAINEE_ID) values (2727,to_timestamp('19-APR-17 09.04.31.413000000 PM','DD-MON-RR HH.MI.SSXFF AM'),70,3064,5527);
INSERT INTO CALIBER_GRADE (GRADE_ID,DATE_RECEIVED,SCORE,ASSESSMENT_ID,TRAINEE_ID) values (2728,to_timestamp('19-APR-17 09.04.35.498000000 PM','DD-MON-RR HH.MI.SSXFF AM'),67.45,3065,5538);
INSERT INTO CALIBER_GRADE (GRADE_ID,DATE_RECEIVED,SCORE,ASSESSMENT_ID,TRAINEE_ID) values (2729,to_timestamp('19-APR-17 09.04.35.806000000 PM','DD-MON-RR HH.MI.SSXFF AM'),70,3064,5538);
INSERT INTO CALIBER_GRADE (GRADE_ID,DATE_RECEIVED,SCORE,ASSESSMENT_ID,TRAINEE_ID) values (2730,to_timestamp('19-APR-17 09.04.39.947000000 PM','DD-MON-RR HH.MI.SSXFF AM'),85.85,3065,5532);
INSERT INTO CALIBER_GRADE (GRADE_ID,DATE_RECEIVED,SCORE,ASSESSMENT_ID,TRAINEE_ID) values (2731,to_timestamp('19-APR-17 09.04.40.751000000 PM','DD-MON-RR HH.MI.SSXFF AM'),70,3064,5532);
INSERT INTO CALIBER_GRADE (GRADE_ID,DATE_RECEIVED,SCORE,ASSESSMENT_ID,TRAINEE_ID) values (2732,to_timestamp('19-APR-17 09.04.44.635000000 PM','DD-MON-RR HH.MI.SSXFF AM'),93.4,3065,5536);
INSERT INTO CALIBER_GRADE (GRADE_ID,DATE_RECEIVED,SCORE,ASSESSMENT_ID,TRAINEE_ID) values (2733,to_timestamp('19-APR-17 09.04.45.079000000 PM','DD-MON-RR HH.MI.SSXFF AM'),90,3064,5536);
INSERT INTO CALIBER_GRADE (GRADE_ID,DATE_RECEIVED,SCORE,ASSESSMENT_ID,TRAINEE_ID) values (2734,to_timestamp('19-APR-17 09.04.47.936000000 PM','DD-MON-RR HH.MI.SSXFF AM'),76.42,3065,5529);
INSERT INTO CALIBER_GRADE (GRADE_ID,DATE_RECEIVED,SCORE,ASSESSMENT_ID,TRAINEE_ID) values (2735,to_timestamp('19-APR-17 09.04.48.264000000 PM','DD-MON-RR HH.MI.SSXFF AM'),70,3064,5529);
INSERT INTO CALIBER_GRADE (GRADE_ID,DATE_RECEIVED,SCORE,ASSESSMENT_ID,TRAINEE_ID) values (2736,to_timestamp('19-APR-17 09.04.51.664000000 PM','DD-MON-RR HH.MI.SSXFF AM'),68.87,3065,5522);
INSERT INTO CALIBER_GRADE (GRADE_ID,DATE_RECEIVED,SCORE,ASSESSMENT_ID,TRAINEE_ID) values (2737,to_timestamp('19-APR-17 09.04.52.617000000 PM','DD-MON-RR HH.MI.SSXFF AM'),70,3064,5522);
INSERT INTO CALIBER_GRADE (GRADE_ID,DATE_RECEIVED,SCORE,ASSESSMENT_ID,TRAINEE_ID) values (2738,to_timestamp('19-APR-17 09.04.57.865000000 PM','DD-MON-RR HH.MI.SSXFF AM'),94.34,3065,5528);
INSERT INTO CALIBER_GRADE (GRADE_ID,DATE_RECEIVED,SCORE,ASSESSMENT_ID,TRAINEE_ID) values (2739,to_timestamp('19-APR-17 09.04.58.681000000 PM','DD-MON-RR HH.MI.SSXFF AM'),100,3064,5528);
INSERT INTO CALIBER_GRADE (GRADE_ID,DATE_RECEIVED,SCORE,ASSESSMENT_ID,TRAINEE_ID) values (2740,to_timestamp('19-APR-17 09.05.02.118000000 PM','DD-MON-RR HH.MI.SSXFF AM'),91.51,3065,5526);
INSERT INTO CALIBER_GRADE (GRADE_ID,DATE_RECEIVED,SCORE,ASSESSMENT_ID,TRAINEE_ID) values (2741,to_timestamp('19-APR-17 09.05.03.138000000 PM','DD-MON-RR HH.MI.SSXFF AM'),100,3064,5526);
INSERT INTO CALIBER_GRADE (GRADE_ID,DATE_RECEIVED,SCORE,ASSESSMENT_ID,TRAINEE_ID) values (2742,to_timestamp('19-APR-17 09.05.07.159000000 PM','DD-MON-RR HH.MI.SSXFF AM'),98.11,3065,5534);
INSERT INTO CALIBER_GRADE (GRADE_ID,DATE_RECEIVED,SCORE,ASSESSMENT_ID,TRAINEE_ID) values (2743,to_timestamp('19-APR-17 09.05.07.983000000 PM','DD-MON-RR HH.MI.SSXFF AM'),110,3064,5534);
INSERT INTO CALIBER_GRADE (GRADE_ID,DATE_RECEIVED,SCORE,ASSESSMENT_ID,TRAINEE_ID) values (2744,to_timestamp('19-APR-17 09.05.15.864000000 PM','DD-MON-RR HH.MI.SSXFF AM'),78.3,3065,5530);
INSERT INTO CALIBER_GRADE (GRADE_ID,DATE_RECEIVED,SCORE,ASSESSMENT_ID,TRAINEE_ID) values (2745,to_timestamp('19-APR-17 09.05.16.488000000 PM','DD-MON-RR HH.MI.SSXFF AM'),100,3064,5530);
INSERT INTO CALIBER_GRADE (GRADE_ID,DATE_RECEIVED,SCORE,ASSESSMENT_ID,TRAINEE_ID) values (2746,to_timestamp('19-APR-17 09.05.20.325000000 PM','DD-MON-RR HH.MI.SSXFF AM'),87.74,3065,5531);
INSERT INTO CALIBER_GRADE (GRADE_ID,DATE_RECEIVED,SCORE,ASSESSMENT_ID,TRAINEE_ID) values (2747,to_timestamp('19-APR-17 09.05.20.685000000 PM','DD-MON-RR HH.MI.SSXFF AM'),90,3064,5531);
INSERT INTO CALIBER_GRADE (GRADE_ID,DATE_RECEIVED,SCORE,ASSESSMENT_ID,TRAINEE_ID) values (2748,to_timestamp('19-APR-17 09.05.24.266000000 PM','DD-MON-RR HH.MI.SSXFF AM'),82.08,3065,5535);
INSERT INTO CALIBER_GRADE (GRADE_ID,DATE_RECEIVED,SCORE,ASSESSMENT_ID,TRAINEE_ID) values (2749,to_timestamp('19-APR-17 09.05.24.822000000 PM','DD-MON-RR HH.MI.SSXFF AM'),100,3064,5535);
INSERT INTO CALIBER_GRADE (GRADE_ID,DATE_RECEIVED,SCORE,ASSESSMENT_ID,TRAINEE_ID) values (2750,to_timestamp('19-APR-17 09.05.28.882000000 PM','DD-MON-RR HH.MI.SSXFF AM'),72.17,3065,5521);
INSERT INTO CALIBER_GRADE (GRADE_ID,DATE_RECEIVED,SCORE,ASSESSMENT_ID,TRAINEE_ID) values (2751,to_timestamp('19-APR-17 09.05.29.510000000 PM','DD-MON-RR HH.MI.SSXFF AM'),100,3064,5521);
INSERT INTO CALIBER_GRADE (GRADE_ID,DATE_RECEIVED,SCORE,ASSESSMENT_ID,TRAINEE_ID) values (2752,to_timestamp('19-APR-17 09.05.32.419000000 PM','DD-MON-RR HH.MI.SSXFF AM'),91.98,3065,5533);
INSERT INTO CALIBER_GRADE (GRADE_ID,DATE_RECEIVED,SCORE,ASSESSMENT_ID,TRAINEE_ID) values (2753,to_timestamp('19-APR-17 09.05.32.987000000 PM','DD-MON-RR HH.MI.SSXFF AM'),110,3064,5533);
INSERT INTO CALIBER_GRADE (GRADE_ID,DATE_RECEIVED,SCORE,ASSESSMENT_ID,TRAINEE_ID) values (2754,to_timestamp('19-APR-17 09.05.36.427000000 PM','DD-MON-RR HH.MI.SSXFF AM'),64.62,3065,5537);
INSERT INTO CALIBER_GRADE (GRADE_ID,DATE_RECEIVED,SCORE,ASSESSMENT_ID,TRAINEE_ID) values (2755,to_timestamp('19-APR-17 09.05.36.912000000 PM','DD-MON-RR HH.MI.SSXFF AM'),70,3064,5537);
INSERT INTO CALIBER_GRADE (GRADE_ID,DATE_RECEIVED,SCORE,ASSESSMENT_ID,TRAINEE_ID) values (2786,to_timestamp('19-APR-17 09.09.47.264000000 PM','DD-MON-RR HH.MI.SSXFF AM'),76.92,3067,5526);
INSERT INTO CALIBER_GRADE (GRADE_ID,DATE_RECEIVED,SCORE,ASSESSMENT_ID,TRAINEE_ID) values (2787,to_timestamp('19-APR-17 09.09.48.548000000 PM','DD-MON-RR HH.MI.SSXFF AM'),90,3068,5526);
INSERT INTO CALIBER_GRADE (GRADE_ID,DATE_RECEIVED,SCORE,ASSESSMENT_ID,TRAINEE_ID) values (2788,to_timestamp('19-APR-17 09.09.48.897000000 PM','DD-MON-RR HH.MI.SSXFF AM'),80,3066,5526);
INSERT INTO CALIBER_GRADE (GRADE_ID,DATE_RECEIVED,SCORE,ASSESSMENT_ID,TRAINEE_ID) values (2789,to_timestamp('19-APR-17 09.09.52.549000000 PM','DD-MON-RR HH.MI.SSXFF AM'),89.74,3067,5534);
INSERT INTO CALIBER_GRADE (GRADE_ID,DATE_RECEIVED,SCORE,ASSESSMENT_ID,TRAINEE_ID) values (2790,to_timestamp('19-APR-17 09.09.53.189000000 PM','DD-MON-RR HH.MI.SSXFF AM'),100,3068,5534);
INSERT INTO CALIBER_GRADE (GRADE_ID,DATE_RECEIVED,SCORE,ASSESSMENT_ID,TRAINEE_ID) values (2791,to_timestamp('19-APR-17 09.09.53.837000000 PM','DD-MON-RR HH.MI.SSXFF AM'),100,3066,5534);
INSERT INTO CALIBER_GRADE (GRADE_ID,DATE_RECEIVED,SCORE,ASSESSMENT_ID,TRAINEE_ID) values (2792,to_timestamp('19-APR-17 09.09.59.766000000 PM','DD-MON-RR HH.MI.SSXFF AM'),61.54,3067,5530);
INSERT INTO CALIBER_GRADE (GRADE_ID,DATE_RECEIVED,SCORE,ASSESSMENT_ID,TRAINEE_ID) values (2793,to_timestamp('19-APR-17 09.10.00.166000000 PM','DD-MON-RR HH.MI.SSXFF AM'),70,3068,5530);
INSERT INTO CALIBER_GRADE (GRADE_ID,DATE_RECEIVED,SCORE,ASSESSMENT_ID,TRAINEE_ID) values (2794,to_timestamp('19-APR-17 09.10.00.526000000 PM','DD-MON-RR HH.MI.SSXFF AM'),80,3066,5530);
INSERT INTO CALIBER_GRADE (GRADE_ID,DATE_RECEIVED,SCORE,ASSESSMENT_ID,TRAINEE_ID) values (2795,to_timestamp('19-APR-17 09.10.04.899000000 PM','DD-MON-RR HH.MI.SSXFF AM'),56.41,3067,5531);
INSERT INTO CALIBER_GRADE (GRADE_ID,DATE_RECEIVED,SCORE,ASSESSMENT_ID,TRAINEE_ID) values (2796,to_timestamp('19-APR-17 09.10.05.591000000 PM','DD-MON-RR HH.MI.SSXFF AM'),70,3068,5531);
INSERT INTO CALIBER_GRADE (GRADE_ID,DATE_RECEIVED,SCORE,ASSESSMENT_ID,TRAINEE_ID) values (2797,to_timestamp('19-APR-17 09.10.05.999000000 PM','DD-MON-RR HH.MI.SSXFF AM'),60,3066,5531);
INSERT INTO CALIBER_GRADE (GRADE_ID,DATE_RECEIVED,SCORE,ASSESSMENT_ID,TRAINEE_ID) values (2798,to_timestamp('19-APR-17 09.10.09.946000000 PM','DD-MON-RR HH.MI.SSXFF AM'),61.54,3067,5535);
INSERT INTO CALIBER_GRADE (GRADE_ID,DATE_RECEIVED,SCORE,ASSESSMENT_ID,TRAINEE_ID) values (2799,to_timestamp('19-APR-17 09.10.12.058000000 PM','DD-MON-RR HH.MI.SSXFF AM'),100,3068,5535);
INSERT INTO CALIBER_GRADE (GRADE_ID,DATE_RECEIVED,SCORE,ASSESSMENT_ID,TRAINEE_ID) values (2800,to_timestamp('19-APR-17 09.10.12.414000000 PM','DD-MON-RR HH.MI.SSXFF AM'),70,3066,5535);
INSERT INTO CALIBER_GRADE (GRADE_ID,DATE_RECEIVED,SCORE,ASSESSMENT_ID,TRAINEE_ID) values (2801,to_timestamp('19-APR-17 09.10.26.514000000 PM','DD-MON-RR HH.MI.SSXFF AM'),69.23,3067,5521);
INSERT INTO CALIBER_GRADE (GRADE_ID,DATE_RECEIVED,SCORE,ASSESSMENT_ID,TRAINEE_ID) values (2802,to_timestamp('19-APR-17 09.10.26.902000000 PM','DD-MON-RR HH.MI.SSXFF AM'),60,3068,5521);
INSERT INTO CALIBER_GRADE (GRADE_ID,DATE_RECEIVED,SCORE,ASSESSMENT_ID,TRAINEE_ID) values (2803,to_timestamp('19-APR-17 09.10.27.238000000 PM','DD-MON-RR HH.MI.SSXFF AM'),60,3066,5521);
INSERT INTO CALIBER_GRADE (GRADE_ID,DATE_RECEIVED,SCORE,ASSESSMENT_ID,TRAINEE_ID) values (2804,to_timestamp('19-APR-17 09.10.30.441000000 PM','DD-MON-RR HH.MI.SSXFF AM'),76.92,3067,5533);
INSERT INTO CALIBER_GRADE (GRADE_ID,DATE_RECEIVED,SCORE,ASSESSMENT_ID,TRAINEE_ID) values (2805,to_timestamp('19-APR-17 09.10.31.042000000 PM','DD-MON-RR HH.MI.SSXFF AM'),100,3068,5533);
INSERT INTO CALIBER_GRADE (GRADE_ID,DATE_RECEIVED,SCORE,ASSESSMENT_ID,TRAINEE_ID) values (2806,to_timestamp('19-APR-17 09.10.31.635000000 PM','DD-MON-RR HH.MI.SSXFF AM'),100,3066,5533);
INSERT INTO CALIBER_GRADE (GRADE_ID,DATE_RECEIVED,SCORE,ASSESSMENT_ID,TRAINEE_ID) values (2807,to_timestamp('19-APR-17 09.10.34.951000000 PM','DD-MON-RR HH.MI.SSXFF AM'),64.1,3067,5537);
INSERT INTO CALIBER_GRADE (GRADE_ID,DATE_RECEIVED,SCORE,ASSESSMENT_ID,TRAINEE_ID) values (2808,to_timestamp('19-APR-17 09.10.35.363000000 PM','DD-MON-RR HH.MI.SSXFF AM'),70,3068,5537);
INSERT INTO CALIBER_GRADE (GRADE_ID,DATE_RECEIVED,SCORE,ASSESSMENT_ID,TRAINEE_ID) values (2809,to_timestamp('19-APR-17 09.10.35.923000000 PM','DD-MON-RR HH.MI.SSXFF AM'),70,3066,5537);
INSERT INTO CALIBER_GRADE (GRADE_ID,DATE_RECEIVED,SCORE,ASSESSMENT_ID,TRAINEE_ID) values (2810,to_timestamp('19-APR-17 09.14.07.897000000 PM','DD-MON-RR HH.MI.SSXFF AM'),100,3069,5524);
INSERT INTO CALIBER_GRADE (GRADE_ID,DATE_RECEIVED,SCORE,ASSESSMENT_ID,TRAINEE_ID) values (2811,to_timestamp('19-APR-17 09.14.09.757000000 PM','DD-MON-RR HH.MI.SSXFF AM'),80,3070,5524);
INSERT INTO CALIBER_GRADE (GRADE_ID,DATE_RECEIVED,SCORE,ASSESSMENT_ID,TRAINEE_ID) values (2812,to_timestamp('19-APR-17 09.14.11.789000000 PM','DD-MON-RR HH.MI.SSXFF AM'),33.33,3071,5524);
INSERT INTO CALIBER_GRADE (GRADE_ID,DATE_RECEIVED,SCORE,ASSESSMENT_ID,TRAINEE_ID) values (2813,to_timestamp('19-APR-17 09.14.14.666000000 PM','DD-MON-RR HH.MI.SSXFF AM'),100,3069,5539);
INSERT INTO CALIBER_GRADE (GRADE_ID,DATE_RECEIVED,SCORE,ASSESSMENT_ID,TRAINEE_ID) values (2814,to_timestamp('19-APR-17 09.14.15.574000000 PM','DD-MON-RR HH.MI.SSXFF AM'),100,3070,5539);
INSERT INTO CALIBER_GRADE (GRADE_ID,DATE_RECEIVED,SCORE,ASSESSMENT_ID,TRAINEE_ID) values (2815,to_timestamp('19-APR-17 09.14.16.478000000 PM','DD-MON-RR HH.MI.SSXFF AM'),58.73,3071,5539);
INSERT INTO CALIBER_GRADE (GRADE_ID,DATE_RECEIVED,SCORE,ASSESSMENT_ID,TRAINEE_ID) values (2816,to_timestamp('19-APR-17 09.14.19.407000000 PM','DD-MON-RR HH.MI.SSXFF AM'),100,3069,5525);
INSERT INTO CALIBER_GRADE (GRADE_ID,DATE_RECEIVED,SCORE,ASSESSMENT_ID,TRAINEE_ID) values (2817,to_timestamp('19-APR-17 09.14.21.463000000 PM','DD-MON-RR HH.MI.SSXFF AM'),90,3070,5525);
INSERT INTO CALIBER_GRADE (GRADE_ID,DATE_RECEIVED,SCORE,ASSESSMENT_ID,TRAINEE_ID) values (2818,to_timestamp('19-APR-17 09.14.23.259000000 PM','DD-MON-RR HH.MI.SSXFF AM'),45.11,3071,5525);INSERT INTO CALIBER_GRADE (GRADE_ID,DATE_RECEIVED,SCORE,ASSESSMENT_ID,TRAINEE_ID) values (2819,to_timestamp('19-APR-17 09.14.26.296000000 PM','DD-MON-RR HH.MI.SSXFF AM'),70,3069,5527);
INSERT INTO CALIBER_GRADE (GRADE_ID,DATE_RECEIVED,SCORE,ASSESSMENT_ID,TRAINEE_ID) values (2820,to_timestamp('19-APR-17 09.14.26.648000000 PM','DD-MON-RR HH.MI.SSXFF AM'),70,3070,5527);
INSERT INTO CALIBER_GRADE (GRADE_ID,DATE_RECEIVED,SCORE,ASSESSMENT_ID,TRAINEE_ID) values (2821,to_timestamp('19-APR-17 09.14.27.832000000 PM','DD-MON-RR HH.MI.SSXFF AM'),46.56,3071,5527);
INSERT INTO CALIBER_GRADE (GRADE_ID,DATE_RECEIVED,SCORE,ASSESSMENT_ID,TRAINEE_ID) values (2822,to_timestamp('19-APR-17 09.14.30.248000000 PM','DD-MON-RR HH.MI.SSXFF AM'),70,3069,5538);
INSERT INTO CALIBER_GRADE (GRADE_ID,DATE_RECEIVED,SCORE,ASSESSMENT_ID,TRAINEE_ID) values (2823,to_timestamp('19-APR-17 09.14.30.680000000 PM','DD-MON-RR HH.MI.SSXFF AM'),90,3070,5538);
INSERT INTO CALIBER_GRADE (GRADE_ID,DATE_RECEIVED,SCORE,ASSESSMENT_ID,TRAINEE_ID) values (2824,to_timestamp('19-APR-17 09.14.31.956000000 PM','DD-MON-RR HH.MI.SSXFF AM'),47.88,3071,5538);
INSERT INTO CALIBER_GRADE (GRADE_ID,DATE_RECEIVED,SCORE,ASSESSMENT_ID,TRAINEE_ID) values (2825,to_timestamp('19-APR-17 09.14.35.229000000 PM','DD-MON-RR HH.MI.SSXFF AM'),90,3069,5532);
INSERT INTO CALIBER_GRADE (GRADE_ID,DATE_RECEIVED,SCORE,ASSESSMENT_ID,TRAINEE_ID) values (2826,to_timestamp('19-APR-17 09.14.35.781000000 PM','DD-MON-RR HH.MI.SSXFF AM'),100,3070,5532);
INSERT INTO CALIBER_GRADE (GRADE_ID,DATE_RECEIVED,SCORE,ASSESSMENT_ID,TRAINEE_ID) values (2827,to_timestamp('19-APR-17 09.14.36.869000000 PM','DD-MON-RR HH.MI.SSXFF AM'),63.23,3071,5532);
INSERT INTO CALIBER_GRADE (GRADE_ID,DATE_RECEIVED,SCORE,ASSESSMENT_ID,TRAINEE_ID) values (2828,to_timestamp('19-APR-17 09.14.47.438000000 PM','DD-MON-RR HH.MI.SSXFF AM'),90,3069,5536);
INSERT INTO CALIBER_GRADE (GRADE_ID,DATE_RECEIVED,SCORE,ASSESSMENT_ID,TRAINEE_ID) values (2829,to_timestamp('19-APR-17 09.14.48.479000000 PM','DD-MON-RR HH.MI.SSXFF AM'),90,3070,5536);
INSERT INTO CALIBER_GRADE (GRADE_ID,DATE_RECEIVED,SCORE,ASSESSMENT_ID,TRAINEE_ID) values (2830,to_timestamp('19-APR-17 09.14.51.435000000 PM','DD-MON-RR HH.MI.SSXFF AM'),54.23,3071,5536);
INSERT INTO CALIBER_GRADE (GRADE_ID,DATE_RECEIVED,SCORE,ASSESSMENT_ID,TRAINEE_ID) values (2831,to_timestamp('19-APR-17 09.14.54.099000000 PM','DD-MON-RR HH.MI.SSXFF AM'),100,3069,5529);
INSERT INTO CALIBER_GRADE (GRADE_ID,DATE_RECEIVED,SCORE,ASSESSMENT_ID,TRAINEE_ID) values (2832,to_timestamp('19-APR-17 09.14.54.531000000 PM','DD-MON-RR HH.MI.SSXFF AM'),90,3070,5529);
INSERT INTO CALIBER_GRADE (GRADE_ID,DATE_RECEIVED,SCORE,ASSESSMENT_ID,TRAINEE_ID) values (2833,to_timestamp('19-APR-17 09.14.55.376000000 PM','DD-MON-RR HH.MI.SSXFF AM'),45.9,3071,5529);
INSERT INTO CALIBER_GRADE (GRADE_ID,DATE_RECEIVED,SCORE,ASSESSMENT_ID,TRAINEE_ID) values (2834,to_timestamp('19-APR-17 09.15.00.560000000 PM','DD-MON-RR HH.MI.SSXFF AM'),0,3069,5522);
INSERT INTO CALIBER_GRADE (GRADE_ID,DATE_RECEIVED,SCORE,ASSESSMENT_ID,TRAINEE_ID) values (2835,to_timestamp('19-APR-17 09.15.04.433000000 PM','DD-MON-RR HH.MI.SSXFF AM'),100,3069,5528);
INSERT INTO CALIBER_GRADE (GRADE_ID,DATE_RECEIVED,SCORE,ASSESSMENT_ID,TRAINEE_ID) values (2836,to_timestamp('19-APR-17 09.15.05.009000000 PM','DD-MON-RR HH.MI.SSXFF AM'),100,3070,5528);
INSERT INTO CALIBER_GRADE (GRADE_ID,DATE_RECEIVED,SCORE,ASSESSMENT_ID,TRAINEE_ID) values (2837,to_timestamp('19-APR-17 09.15.06.337000000 PM','DD-MON-RR HH.MI.SSXFF AM'),60.58,3071,5528);
INSERT INTO CALIBER_GRADE (GRADE_ID,DATE_RECEIVED,SCORE,ASSESSMENT_ID,TRAINEE_ID) values (2838,to_timestamp('19-APR-17 09.15.08.705000000 PM','DD-MON-RR HH.MI.SSXFF AM'),100,3069,5526);
INSERT INTO CALIBER_GRADE (GRADE_ID,DATE_RECEIVED,SCORE,ASSESSMENT_ID,TRAINEE_ID) values (2839,to_timestamp('19-APR-17 09.15.09.045000000 PM','DD-MON-RR HH.MI.SSXFF AM'),90,3070,5526);
INSERT INTO CALIBER_GRADE (GRADE_ID,DATE_RECEIVED,SCORE,ASSESSMENT_ID,TRAINEE_ID) values (2840,to_timestamp('19-APR-17 09.15.09.983000000 PM','DD-MON-RR HH.MI.SSXFF AM'),61.11,3071,5526);
INSERT INTO CALIBER_GRADE (GRADE_ID,DATE_RECEIVED,SCORE,ASSESSMENT_ID,TRAINEE_ID) values (2841,to_timestamp('19-APR-17 09.15.13.543000000 PM','DD-MON-RR HH.MI.SSXFF AM'),100,3069,5534);
INSERT INTO CALIBER_GRADE (GRADE_ID,DATE_RECEIVED,SCORE,ASSESSMENT_ID,TRAINEE_ID) values (2842,to_timestamp('19-APR-17 09.15.14.163000000 PM','DD-MON-RR HH.MI.SSXFF AM'),100,3070,5534);
INSERT INTO CALIBER_GRADE (GRADE_ID,DATE_RECEIVED,SCORE,ASSESSMENT_ID,TRAINEE_ID) values (2843,to_timestamp('19-APR-17 09.15.15.279000000 PM','DD-MON-RR HH.MI.SSXFF AM'),80.42,3071,5534);
INSERT INTO CALIBER_GRADE (GRADE_ID,DATE_RECEIVED,SCORE,ASSESSMENT_ID,TRAINEE_ID) values (2844,to_timestamp('19-APR-17 09.15.17.459000000 PM','DD-MON-RR HH.MI.SSXFF AM'),70,3069,5530);
INSERT INTO CALIBER_GRADE (GRADE_ID,DATE_RECEIVED,SCORE,ASSESSMENT_ID,TRAINEE_ID) values (2845,to_timestamp('19-APR-17 09.15.18.176000000 PM','DD-MON-RR HH.MI.SSXFF AM'),80,3070,5530);
INSERT INTO CALIBER_GRADE (GRADE_ID,DATE_RECEIVED,SCORE,ASSESSMENT_ID,TRAINEE_ID) values (2846,to_timestamp('19-APR-17 09.15.19.260000000 PM','DD-MON-RR HH.MI.SSXFF AM'),42.86,3071,5530);
INSERT INTO CALIBER_GRADE (GRADE_ID,DATE_RECEIVED,SCORE,ASSESSMENT_ID,TRAINEE_ID) values (2847,to_timestamp('19-APR-17 09.15.22.840000000 PM','DD-MON-RR HH.MI.SSXFF AM'),80,3069,5531);
INSERT INTO CALIBER_GRADE (GRADE_ID,DATE_RECEIVED,SCORE,ASSESSMENT_ID,TRAINEE_ID) values (2848,to_timestamp('19-APR-17 09.15.23.160000000 PM','DD-MON-RR HH.MI.SSXFF AM'),80,3070,5531);
INSERT INTO CALIBER_GRADE (GRADE_ID,DATE_RECEIVED,SCORE,ASSESSMENT_ID,TRAINEE_ID) values (2849,to_timestamp('19-APR-17 09.15.24.072000000 PM','DD-MON-RR HH.MI.SSXFF AM'),60.85,3071,5531);
INSERT INTO CALIBER_GRADE (GRADE_ID,DATE_RECEIVED,SCORE,ASSESSMENT_ID,TRAINEE_ID) values (2850,to_timestamp('19-APR-17 09.15.27.785000000 PM','DD-MON-RR HH.MI.SSXFF AM'),80,3069,5535);
INSERT INTO CALIBER_GRADE (GRADE_ID,DATE_RECEIVED,SCORE,ASSESSMENT_ID,TRAINEE_ID) values (2851,to_timestamp('19-APR-17 09.15.28.217000000 PM','DD-MON-RR HH.MI.SSXFF AM'),80,3070,5535);
INSERT INTO CALIBER_GRADE (GRADE_ID,DATE_RECEIVED,SCORE,ASSESSMENT_ID,TRAINEE_ID) values (2852,to_timestamp('19-APR-17 09.15.32.461000000 PM','DD-MON-RR HH.MI.SSXFF AM'),46.83,3071,5535);
INSERT INTO CALIBER_GRADE (GRADE_ID,DATE_RECEIVED,SCORE,ASSESSMENT_ID,TRAINEE_ID) values (2853,to_timestamp('19-APR-17 09.15.34.398000000 PM','DD-MON-RR HH.MI.SSXFF AM'),100,3069,5533);
INSERT INTO CALIBER_GRADE (GRADE_ID,DATE_RECEIVED,SCORE,ASSESSMENT_ID,TRAINEE_ID) values (2854,to_timestamp('19-APR-17 09.15.34.954000000 PM','DD-MON-RR HH.MI.SSXFF AM'),100,3070,5533);
INSERT INTO CALIBER_GRADE (GRADE_ID,DATE_RECEIVED,SCORE,ASSESSMENT_ID,TRAINEE_ID) values (2855,to_timestamp('19-APR-17 09.15.36.246000000 PM','DD-MON-RR HH.MI.SSXFF AM'),58.07,3071,5533);
INSERT INTO CALIBER_GRADE (GRADE_ID,DATE_RECEIVED,SCORE,ASSESSMENT_ID,TRAINEE_ID) values (2856,to_timestamp('19-APR-17 09.15.39.775000000 PM','DD-MON-RR HH.MI.SSXFF AM'),80,3069,5537);
INSERT INTO CALIBER_GRADE (GRADE_ID,DATE_RECEIVED,SCORE,ASSESSMENT_ID,TRAINEE_ID) values (2857,to_timestamp('19-APR-17 09.15.40.275000000 PM','DD-MON-RR HH.MI.SSXFF AM'),90,3070,5537);
INSERT INTO CALIBER_GRADE (GRADE_ID,DATE_RECEIVED,SCORE,ASSESSMENT_ID,TRAINEE_ID) values (2858,to_timestamp('19-APR-17 09.15.42.765000000 PM','DD-MON-RR HH.MI.SSXFF AM'),53.04,3071,5537);
INSERT INTO CALIBER_GRADE (GRADE_ID,DATE_RECEIVED,SCORE,ASSESSMENT_ID,TRAINEE_ID) values (2859,to_timestamp('19-APR-17 09.20.32.909000000 PM','DD-MON-RR HH.MI.SSXFF AM'),75,3073,5524);
INSERT INTO CALIBER_GRADE (GRADE_ID,DATE_RECEIVED,SCORE,ASSESSMENT_ID,TRAINEE_ID) values (2860,to_timestamp('19-APR-17 09.20.34.442000000 PM','DD-MON-RR HH.MI.SSXFF AM'),85,3074,5524);
INSERT INTO CALIBER_GRADE (GRADE_ID,DATE_RECEIVED,SCORE,ASSESSMENT_ID,TRAINEE_ID) values (2861,to_timestamp('19-APR-17 09.20.34.830000000 PM','DD-MON-RR HH.MI.SSXFF AM'),80,3072,5524);
INSERT INTO CALIBER_GRADE (GRADE_ID,DATE_RECEIVED,SCORE,ASSESSMENT_ID,TRAINEE_ID) values (2862,to_timestamp('19-APR-17 09.20.43.418000000 PM','DD-MON-RR HH.MI.SSXFF AM'),82.5,3073,5539);
INSERT INTO CALIBER_GRADE (GRADE_ID,DATE_RECEIVED,SCORE,ASSESSMENT_ID,TRAINEE_ID) values (2863,to_timestamp('19-APR-17 09.20.44.070000000 PM','DD-MON-RR HH.MI.SSXFF AM'),100,3074,5539);
INSERT INTO CALIBER_GRADE (GRADE_ID,DATE_RECEIVED,SCORE,ASSESSMENT_ID,TRAINEE_ID) values (2864,to_timestamp('19-APR-17 09.20.44.610000000 PM','DD-MON-RR HH.MI.SSXFF AM'),100,3072,5539);
INSERT INTO CALIBER_GRADE (GRADE_ID,DATE_RECEIVED,SCORE,ASSESSMENT_ID,TRAINEE_ID) values (2865,to_timestamp('19-APR-17 09.20.46.639000000 PM','DD-MON-RR HH.MI.SSXFF AM'),65,3073,5525);
INSERT INTO CALIBER_GRADE (GRADE_ID,DATE_RECEIVED,SCORE,ASSESSMENT_ID,TRAINEE_ID) values (2866,to_timestamp('19-APR-17 09.20.49.075000000 PM','DD-MON-RR HH.MI.SSXFF AM'),100,3074,5525);
INSERT INTO CALIBER_GRADE (GRADE_ID,DATE_RECEIVED,SCORE,ASSESSMENT_ID,TRAINEE_ID) values (2867,to_timestamp('19-APR-17 09.20.49.979000000 PM','DD-MON-RR HH.MI.SSXFF AM'),86,3072,5525);
INSERT INTO CALIBER_GRADE (GRADE_ID,DATE_RECEIVED,SCORE,ASSESSMENT_ID,TRAINEE_ID) values (2868,to_timestamp('19-APR-17 09.20.53.216000000 PM','DD-MON-RR HH.MI.SSXFF AM'),77.5,3073,5527);
INSERT INTO CALIBER_GRADE (GRADE_ID,DATE_RECEIVED,SCORE,ASSESSMENT_ID,TRAINEE_ID) values (2869,to_timestamp('19-APR-17 09.20.53.648000000 PM','DD-MON-RR HH.MI.SSXFF AM'),75,3074,5527);
INSERT INTO CALIBER_GRADE (GRADE_ID,DATE_RECEIVED,SCORE,ASSESSMENT_ID,TRAINEE_ID) values (2870,to_timestamp('19-APR-17 09.20.54.628000000 PM','DD-MON-RR HH.MI.SSXFF AM'),66,3072,5527);
INSERT INTO CALIBER_GRADE (GRADE_ID,DATE_RECEIVED,SCORE,ASSESSMENT_ID,TRAINEE_ID) values (2871,to_timestamp('19-APR-17 09.20.57.689000000 PM','DD-MON-RR HH.MI.SSXFF AM'),72.5,3073,5538);
INSERT INTO CALIBER_GRADE (GRADE_ID,DATE_RECEIVED,SCORE,ASSESSMENT_ID,TRAINEE_ID) values (2920,to_timestamp('19-APR-17 09.28.34.175000000 PM','DD-MON-RR HH.MI.SSXFF AM'),79.63,3075,5536);
INSERT INTO CALIBER_GRADE (GRADE_ID,DATE_RECEIVED,SCORE,ASSESSMENT_ID,TRAINEE_ID) values (2921,to_timestamp('19-APR-17 09.28.48.929000000 PM','DD-MON-RR HH.MI.SSXFF AM'),100,3076,5529);
INSERT INTO CALIBER_GRADE (GRADE_ID,DATE_RECEIVED,SCORE,ASSESSMENT_ID,TRAINEE_ID) values (2922,to_timestamp('19-APR-17 09.28.49.097000000 PM','DD-MON-RR HH.MI.SSXFF AM'),69.01,3075,5529);
INSERT INTO CALIBER_GRADE (GRADE_ID,DATE_RECEIVED,SCORE,ASSESSMENT_ID,TRAINEE_ID) values (2923,to_timestamp('19-APR-17 09.28.58.242000000 PM','DD-MON-RR HH.MI.SSXFF AM'),100,3076,5528);
INSERT INTO CALIBER_GRADE (GRADE_ID,DATE_RECEIVED,SCORE,ASSESSMENT_ID,TRAINEE_ID) values (2924,to_timestamp('19-APR-17 09.28.58.714000000 PM','DD-MON-RR HH.MI.SSXFF AM'),77.78,3075,5528);
INSERT INTO CALIBER_GRADE (GRADE_ID,DATE_RECEIVED,SCORE,ASSESSMENT_ID,TRAINEE_ID) values (2925,to_timestamp('19-APR-17 09.29.16.346000000 PM','DD-MON-RR HH.MI.SSXFF AM'),100,3076,5526);
INSERT INTO CALIBER_GRADE (GRADE_ID,DATE_RECEIVED,SCORE,ASSESSMENT_ID,TRAINEE_ID) values (2926,to_timestamp('19-APR-17 09.29.16.498000000 PM','DD-MON-RR HH.MI.SSXFF AM'),72.59,3075,5526);
INSERT INTO CALIBER_GRADE (GRADE_ID,DATE_RECEIVED,SCORE,ASSESSMENT_ID,TRAINEE_ID) values (2927,to_timestamp('19-APR-17 09.29.44.984000000 PM','DD-MON-RR HH.MI.SSXFF AM'),100,3076,5534);
INSERT INTO CALIBER_GRADE (GRADE_ID,DATE_RECEIVED,SCORE,ASSESSMENT_ID,TRAINEE_ID) values (2928,to_timestamp('19-APR-17 09.29.45.364000000 PM','DD-MON-RR HH.MI.SSXFF AM'),88.15,3075,5534);
INSERT INTO CALIBER_GRADE (GRADE_ID,DATE_RECEIVED,SCORE,ASSESSMENT_ID,TRAINEE_ID) values (2929,to_timestamp('19-APR-17 09.30.00.791000000 PM','DD-MON-RR HH.MI.SSXFF AM'),100,3076,5530);
INSERT INTO CALIBER_GRADE (GRADE_ID,DATE_RECEIVED,SCORE,ASSESSMENT_ID,TRAINEE_ID) values (2930,to_timestamp('19-APR-17 09.30.01.027000000 PM','DD-MON-RR HH.MI.SSXFF AM'),70.37,3075,5530);
INSERT INTO CALIBER_GRADE (GRADE_ID,DATE_RECEIVED,SCORE,ASSESSMENT_ID,TRAINEE_ID) values (2931,to_timestamp('19-APR-17 09.30.09.688000000 PM','DD-MON-RR HH.MI.SSXFF AM'),100,3076,5531);
INSERT INTO CALIBER_GRADE (GRADE_ID,DATE_RECEIVED,SCORE,ASSESSMENT_ID,TRAINEE_ID) values (2932,to_timestamp('19-APR-17 09.30.09.992000000 PM','DD-MON-RR HH.MI.SSXFF AM'),90.74,3075,5531);
INSERT INTO CALIBER_GRADE (GRADE_ID,DATE_RECEIVED,SCORE,ASSESSMENT_ID,TRAINEE_ID) values (2933,to_timestamp('19-APR-17 09.30.42.645000000 PM','DD-MON-RR HH.MI.SSXFF AM'),100,3076,5535);
INSERT INTO CALIBER_GRADE (GRADE_ID,DATE_RECEIVED,SCORE,ASSESSMENT_ID,TRAINEE_ID) values (2934,to_timestamp('19-APR-17 09.30.42.965000000 PM','DD-MON-RR HH.MI.SSXFF AM'),79.63,3075,5535);
INSERT INTO CALIBER_GRADE (GRADE_ID,DATE_RECEIVED,SCORE,ASSESSMENT_ID,TRAINEE_ID) values (2935,to_timestamp('19-APR-17 09.30.58.297000000 PM','DD-MON-RR HH.MI.SSXFF AM'),100,3076,5533);
INSERT INTO CALIBER_GRADE (GRADE_ID,DATE_RECEIVED,SCORE,ASSESSMENT_ID,TRAINEE_ID) values (2936,to_timestamp('19-APR-17 09.30.58.481000000 PM','DD-MON-RR HH.MI.SSXFF AM'),77.04,3075,5533);
INSERT INTO CALIBER_GRADE (GRADE_ID,DATE_RECEIVED,SCORE,ASSESSMENT_ID,TRAINEE_ID) values (2937,to_timestamp('19-APR-17 09.31.11.903000000 PM','DD-MON-RR HH.MI.SSXFF AM'),100,3076,5537);
INSERT INTO CALIBER_GRADE (GRADE_ID,DATE_RECEIVED,SCORE,ASSESSMENT_ID,TRAINEE_ID) values (2938,to_timestamp('19-APR-17 09.31.12.211000000 PM','DD-MON-RR HH.MI.SSXFF AM'),67.41,3075,5537);
INSERT INTO CALIBER_GRADE (GRADE_ID,DATE_RECEIVED,SCORE,ASSESSMENT_ID,TRAINEE_ID) values (2939,to_timestamp('19-APR-17 09.32.11.144000000 PM','DD-MON-RR HH.MI.SSXFF AM'),67.06,3077,5524);
INSERT INTO CALIBER_GRADE (GRADE_ID,DATE_RECEIVED,SCORE,ASSESSMENT_ID,TRAINEE_ID) values (2940,to_timestamp('19-APR-17 09.32.30.616000000 PM','DD-MON-RR HH.MI.SSXFF AM'),67.06,3078,5524);
INSERT INTO CALIBER_GRADE (GRADE_ID,DATE_RECEIVED,SCORE,ASSESSMENT_ID,TRAINEE_ID) values (2941,to_timestamp('19-APR-17 09.32.31.312000000 PM','DD-MON-RR HH.MI.SSXFF AM'),77.65,3077,5539);
INSERT INTO CALIBER_GRADE (GRADE_ID,DATE_RECEIVED,SCORE,ASSESSMENT_ID,TRAINEE_ID) values (2942,to_timestamp('19-APR-17 09.32.32.760000000 PM','DD-MON-RR HH.MI.SSXFF AM'),77.65,3078,5539);
INSERT INTO CALIBER_GRADE (GRADE_ID,DATE_RECEIVED,SCORE,ASSESSMENT_ID,TRAINEE_ID) values (2943,to_timestamp('19-APR-17 09.36.46.070000000 PM','DD-MON-RR HH.MI.SSXFF AM'),70.59,3077,5525);
INSERT INTO CALIBER_GRADE (GRADE_ID,DATE_RECEIVED,SCORE,ASSESSMENT_ID,TRAINEE_ID) values (2944,to_timestamp('19-APR-17 09.36.46.422000000 PM','DD-MON-RR HH.MI.SSXFF AM'),70.59,3078,5525);
INSERT INTO CALIBER_GRADE (GRADE_ID,DATE_RECEIVED,SCORE,ASSESSMENT_ID,TRAINEE_ID) values (2945,to_timestamp('19-APR-17 09.37.11.969000000 PM','DD-MON-RR HH.MI.SSXFF AM'),65.88,3077,5527);
INSERT INTO CALIBER_GRADE (GRADE_ID,DATE_RECEIVED,SCORE,ASSESSMENT_ID,TRAINEE_ID) values (2946,to_timestamp('19-APR-17 09.37.12.177000000 PM','DD-MON-RR HH.MI.SSXFF AM'),65.88,3078,5527);
INSERT INTO CALIBER_GRADE (GRADE_ID,DATE_RECEIVED,SCORE,ASSESSMENT_ID,TRAINEE_ID) values (2947,to_timestamp('19-APR-17 09.37.28.776000000 PM','DD-MON-RR HH.MI.SSXFF AM'),82.35,3077,5538);
INSERT INTO CALIBER_GRADE (GRADE_ID,DATE_RECEIVED,SCORE,ASSESSMENT_ID,TRAINEE_ID) values (2948,to_timestamp('19-APR-17 09.37.29.180000000 PM','DD-MON-RR HH.MI.SSXFF AM'),82.35,3078,5538);
INSERT INTO CALIBER_GRADE (GRADE_ID,DATE_RECEIVED,SCORE,ASSESSMENT_ID,TRAINEE_ID) values (2949,to_timestamp('19-APR-17 09.37.52.188000000 PM','DD-MON-RR HH.MI.SSXFF AM'),67.06,3077,5532);
INSERT INTO CALIBER_GRADE (GRADE_ID,DATE_RECEIVED,SCORE,ASSESSMENT_ID,TRAINEE_ID) values (2950,to_timestamp('19-APR-17 09.37.52.519000000 PM','DD-MON-RR HH.MI.SSXFF AM'),67.06,3078,5532);
INSERT INTO CALIBER_GRADE (GRADE_ID,DATE_RECEIVED,SCORE,ASSESSMENT_ID,TRAINEE_ID) values (2951,to_timestamp('19-APR-17 09.38.19.454000000 PM','DD-MON-RR HH.MI.SSXFF AM'),74.12,3077,5536);
INSERT INTO CALIBER_GRADE (GRADE_ID,DATE_RECEIVED,SCORE,ASSESSMENT_ID,TRAINEE_ID) values (2952,to_timestamp('19-APR-17 09.38.19.714000000 PM','DD-MON-RR HH.MI.SSXFF AM'),74.12,3078,5536);
INSERT INTO CALIBER_GRADE (GRADE_ID,DATE_RECEIVED,SCORE,ASSESSMENT_ID,TRAINEE_ID) values (2953,to_timestamp('19-APR-17 09.40.10.517000000 PM','DD-MON-RR HH.MI.SSXFF AM'),81.18,3077,5529);
INSERT INTO CALIBER_GRADE (GRADE_ID,DATE_RECEIVED,SCORE,ASSESSMENT_ID,TRAINEE_ID) values (2954,to_timestamp('19-APR-17 09.33.07.233000000 PM','DD-MON-RR HH.MI.SSXFF AM'),81.18,3078,5529);
INSERT INTO CALIBER_GRADE (GRADE_ID,DATE_RECEIVED,SCORE,ASSESSMENT_ID,TRAINEE_ID) values (2955,to_timestamp('19-APR-17 09.40.27.287000000 PM','DD-MON-RR HH.MI.SSXFF AM'),74.12,3077,5528);
INSERT INTO CALIBER_GRADE (GRADE_ID,DATE_RECEIVED,SCORE,ASSESSMENT_ID,TRAINEE_ID) values (2956,to_timestamp('19-APR-17 09.40.27.967000000 PM','DD-MON-RR HH.MI.SSXFF AM'),74.12,3078,5528);
INSERT INTO CALIBER_GRADE (GRADE_ID,DATE_RECEIVED,SCORE,ASSESSMENT_ID,TRAINEE_ID) values (2957,to_timestamp('19-APR-17 09.40.38.656000000 PM','DD-MON-RR HH.MI.SSXFF AM'),68.24,3077,5526);
INSERT INTO CALIBER_GRADE (GRADE_ID,DATE_RECEIVED,SCORE,ASSESSMENT_ID,TRAINEE_ID) values (2958,to_timestamp('19-APR-17 09.40.38.820000000 PM','DD-MON-RR HH.MI.SSXFF AM'),68.24,3078,5526);
INSERT INTO CALIBER_GRADE (GRADE_ID,DATE_RECEIVED,SCORE,ASSESSMENT_ID,TRAINEE_ID) values (2959,to_timestamp('19-APR-17 09.40.50.290000000 PM','DD-MON-RR HH.MI.SSXFF AM'),91.76,3077,5534);
INSERT INTO CALIBER_GRADE (GRADE_ID,DATE_RECEIVED,SCORE,ASSESSMENT_ID,TRAINEE_ID) values (2960,to_timestamp('19-APR-17 09.40.50.822000000 PM','DD-MON-RR HH.MI.SSXFF AM'),91.76,3078,5534);
INSERT INTO CALIBER_GRADE (GRADE_ID,DATE_RECEIVED,SCORE,ASSESSMENT_ID,TRAINEE_ID) values (2961,to_timestamp('19-APR-17 09.41.15.994000000 PM','DD-MON-RR HH.MI.SSXFF AM'),65.88,3077,5530);
INSERT INTO CALIBER_GRADE (GRADE_ID,DATE_RECEIVED,SCORE,ASSESSMENT_ID,TRAINEE_ID) values (2962,to_timestamp('19-APR-17 09.41.16.230000000 PM','DD-MON-RR HH.MI.SSXFF AM'),65.88,3078,5530);
INSERT INTO CALIBER_GRADE (GRADE_ID,DATE_RECEIVED,SCORE,ASSESSMENT_ID,TRAINEE_ID) values (2963,to_timestamp('19-APR-17 09.41.34.769000000 PM','DD-MON-RR HH.MI.SSXFF AM'),77.65,3077,5531);
INSERT INTO CALIBER_GRADE (GRADE_ID,DATE_RECEIVED,SCORE,ASSESSMENT_ID,TRAINEE_ID) values (2964,to_timestamp('19-APR-17 09.41.35.413000000 PM','DD-MON-RR HH.MI.SSXFF AM'),77.65,3078,5531);
INSERT INTO CALIBER_GRADE (GRADE_ID,DATE_RECEIVED,SCORE,ASSESSMENT_ID,TRAINEE_ID) values (2965,to_timestamp('19-APR-17 09.41.52.107000000 PM','DD-MON-RR HH.MI.SSXFF AM'),69.41,3077,5535);
INSERT INTO CALIBER_GRADE (GRADE_ID,DATE_RECEIVED,SCORE,ASSESSMENT_ID,TRAINEE_ID) values (2966,to_timestamp('19-APR-17 09.41.52.319000000 PM','DD-MON-RR HH.MI.SSXFF AM'),69.41,3078,5535);
INSERT INTO CALIBER_GRADE (GRADE_ID,DATE_RECEIVED,SCORE,ASSESSMENT_ID,TRAINEE_ID) values (2967,to_timestamp('19-APR-17 09.42.18.091000000 PM','DD-MON-RR HH.MI.SSXFF AM'),76.47,3077,5533);
INSERT INTO CALIBER_GRADE (GRADE_ID,DATE_RECEIVED,SCORE,ASSESSMENT_ID,TRAINEE_ID) values (2968,to_timestamp('19-APR-17 09.42.18.455000000 PM','DD-MON-RR HH.MI.SSXFF AM'),76.47,3078,5533);
INSERT INTO CALIBER_GRADE (GRADE_ID,DATE_RECEIVED,SCORE,ASSESSMENT_ID,TRAINEE_ID) values (2969,to_timestamp('19-APR-17 09.43.36.858000000 PM','DD-MON-RR HH.MI.SSXFF AM'),78.82,3077,5537);
INSERT INTO CALIBER_GRADE (GRADE_ID,DATE_RECEIVED,SCORE,ASSESSMENT_ID,TRAINEE_ID) values (2970,to_timestamp('19-APR-17 09.43.37.158000000 PM','DD-MON-RR HH.MI.SSXFF AM'),78.82,3078,5537);
INSERT INTO CALIBER_GRADE (GRADE_ID,DATE_RECEIVED,SCORE,ASSESSMENT_ID,TRAINEE_ID) VALUES (2971,to_timestamp('19-OCT-17 09.44.37.158000000 PM','DD-MON-RR HH.MI.SSXFF AM'),100.00,4000,5474);
INSERT INTO CALIBER_GRADE (GRADE_ID,DATE_RECEIVED,SCORE,ASSESSMENT_ID,TRAINEE_ID) VALUES (2972,to_timestamp('19-OCT-17 09.45.37.158000000 PM','DD-MON-RR HH.MI.SSXFF AM'),100.00,4000,5475);
INSERT INTO CALIBER_GRADE (GRADE_ID,DATE_RECEIVED,SCORE,ASSESSMENT_ID,TRAINEE_ID) VALUES (2974,to_timestamp('19-OCT-17 09.47.37.158000000 PM','DD-MON-RR HH.MI.SSXFF AM'),100.00,4001,5474);
INSERT INTO CALIBER_GRADE (GRADE_ID,DATE_RECEIVED,SCORE,ASSESSMENT_ID,TRAINEE_ID) VALUES (2975,to_timestamp('19-OCT-17 09.48.37.158000000 PM','DD-MON-RR HH.MI.SSXFF AM'),100.00,4001,5475);
INSERT INTO CALIBER_GRADE (GRADE_ID,DATE_RECEIVED,SCORE,ASSESSMENT_ID,TRAINEE_ID) VALUES (2980,to_timestamp('19-OCT-17 09.52.38.158000000 PM','DD-MON-RR HH.MI.SSXFF AM'),100.00,4006,5480);
INSERT INTO CALIBER_GRADE (GRADE_ID,DATE_RECEIVED,SCORE,ASSESSMENT_ID,TRAINEE_ID) VALUES (2981,to_timestamp('19-OCT-17 09.52.39.158000000 PM','DD-MON-RR HH.MI.SSXFF AM'),100.00,4006,5481);
INSERT INTO CALIBER_GRADE (GRADE_ID,DATE_RECEIVED,SCORE,ASSESSMENT_ID,TRAINEE_ID) VALUES (2982,to_timestamp('19-OCT-17 09.52.40.158000000 PM','DD-MON-RR HH.MI.SSXFF AM'),100.00,4007,5480);
INSERT INTO CALIBER_GRADE (GRADE_ID,DATE_RECEIVED,SCORE,ASSESSMENT_ID,TRAINEE_ID) VALUES (2983,to_timestamp('19-OCT-17 09.52.40.158000000 PM','DD-MON-RR HH.MI.SSXFF AM'),100.00,4008,5482);
INSERT INTO CALIBER_GRADE (GRADE_ID,DATE_RECEIVED,SCORE,ASSESSMENT_ID,TRAINEE_ID) VALUES (2984,to_timestamp('10-NOV-17 09.52.41.158000000 PM','DD-MON-RR HH.MI.SSXFF AM'),50.00,4010,5488);
INSERT INTO CALIBER_GRADE (GRADE_ID,DATE_RECEIVED,SCORE,ASSESSMENT_ID,TRAINEE_ID) VALUES (2985,to_timestamp('10-NOV-17 09.52.41.158000000 PM','DD-MON-RR HH.MI.SSXFF AM'),100.00,4010,5489);
INSERT INTO CALIBER_GRADE (GRADE_ID,DATE_RECEIVED,SCORE,ASSESSMENT_ID,TRAINEE_ID) VALUES (2986,to_timestamp('10-NOV-17 09.52.41.158000000 PM','DD-MON-RR HH.MI.SSXFF AM'),100.00,4011,5489);

COMMIT;

INSERT INTO CALIBER_NOTE (NOTE_ID,NOTE_CONTENT,MAX_VISIBILITY,IS_QC_FEEDBACK,QC_STATUS,NOTE_TYPE,WEEK_NUMBER,BATCH_ID,TRAINEE_ID) values (5061,'Associate cannot keep up with the pace of coding his project and learning in class. No confidence during the interview and did not answer most SQL questions correctly. Associate will be dropped.',2,0,null,'TRAINEE',2,2050,5356);
INSERT INTO CALIBER_NOTE (NOTE_ID,NOTE_CONTENT,MAX_VISIBILITY,IS_QC_FEEDBACK,QC_STATUS,NOTE_TYPE,WEEK_NUMBER,BATCH_ID,TRAINEE_ID) values (5062,'Good understanding of SQL and PL/SQL, however he loses focus and did side projects instead of working on his project requirements.',2,0,null,'TRAINEE',2,2050,5352);
INSERT INTO CALIBER_NOTE (NOTE_ID,NOTE_CONTENT,MAX_VISIBILITY,IS_QC_FEEDBACK,QC_STATUS,NOTE_TYPE,WEEK_NUMBER,BATCH_ID,TRAINEE_ID) values (5063,'Very good knowledge in SQL, though struggled to finish her project. She is technically good but needs more help with higher-level design and information flows.',2,0,null,'TRAINEE',2,2050,5357);
INSERT INTO CALIBER_NOTE (NOTE_ID,NOTE_CONTENT,MAX_VISIBILITY,IS_QC_FEEDBACK,QC_STATUS,NOTE_TYPE,WEEK_NUMBER,BATCH_ID,TRAINEE_ID) values (5064,'Outstanding work on his project! Very confident and knowledgable in SQL.',2,0,null,'TRAINEE',2,2050,5354);
INSERT INTO CALIBER_NOTE (NOTE_ID,NOTE_CONTENT,MAX_VISIBILITY,IS_QC_FEEDBACK,QC_STATUS,NOTE_TYPE,WEEK_NUMBER,BATCH_ID,TRAINEE_ID) values (5065,'Superstar. Impeccable project, very strong technically.',2,0,null,'TRAINEE',2,2050,5350);
INSERT INTO CALIBER_NOTE (NOTE_ID,NOTE_CONTENT,MAX_VISIBILITY,IS_QC_FEEDBACK,QC_STATUS,NOTE_TYPE,WEEK_NUMBER,BATCH_ID,TRAINEE_ID) values (5066,'Struggled with the project but is very calm and confident in the interview. Good knowledge in SQL.',2,0,null,'TRAINEE',2,2050,5359);
INSERT INTO CALIBER_NOTE (NOTE_ID,NOTE_CONTENT,MAX_VISIBILITY,IS_QC_FEEDBACK,QC_STATUS,NOTE_TYPE,WEEK_NUMBER,BATCH_ID,TRAINEE_ID) values (5067,'Amazing work on the project and fantastic interview skills and confidence.',2,0,null,'TRAINEE',2,2050,5351);
INSERT INTO CALIBER_NOTE (NOTE_ID,NOTE_CONTENT,MAX_VISIBILITY,IS_QC_FEEDBACK,QC_STATUS,NOTE_TYPE,WEEK_NUMBER,BATCH_ID,TRAINEE_ID) values (5068,'Very good work on the project! Great understanding in SQL.',2,0,null,'TRAINEE',2,2050,5355);
INSERT INTO CALIBER_NOTE (NOTE_ID,NOTE_CONTENT,MAX_VISIBILITY,IS_QC_FEEDBACK,QC_STATUS,NOTE_TYPE,WEEK_NUMBER,BATCH_ID,TRAINEE_ID) values (5084,'Associate dropped. She requested to leave..',2,0,null,'TRAINEE',5,2050,5357);
INSERT INTO CALIBER_NOTE (NOTE_ID,NOTE_CONTENT,MAX_VISIBILITY,IS_QC_FEEDBACK,QC_STATUS,NOTE_TYPE,WEEK_NUMBER,BATCH_ID,TRAINEE_ID) values (5085,null,2,0,null,'TRAINEE',5,2050,5354);
INSERT INTO CALIBER_NOTE (NOTE_ID,NOTE_CONTENT,MAX_VISIBILITY,IS_QC_FEEDBACK,QC_STATUS,NOTE_TYPE,WEEK_NUMBER,BATCH_ID,TRAINEE_ID) values (5086,null,2,0,null,'TRAINEE',5,2050,5350);
INSERT INTO CALIBER_NOTE (NOTE_ID,NOTE_CONTENT,MAX_VISIBILITY,IS_QC_FEEDBACK,QC_STATUS,NOTE_TYPE,WEEK_NUMBER,BATCH_ID,TRAINEE_ID) values (5087,null,2,0,null,'TRAINEE',5,2050,5355);
INSERT INTO CALIBER_NOTE (NOTE_ID,NOTE_CONTENT,MAX_VISIBILITY,IS_QC_FEEDBACK,QC_STATUS,NOTE_TYPE,WEEK_NUMBER,BATCH_ID,TRAINEE_ID) values (5088,null,2,0,null,'TRAINEE',5,2050,5352);
INSERT INTO CALIBER_NOTE (NOTE_ID,NOTE_CONTENT,MAX_VISIBILITY,IS_QC_FEEDBACK,QC_STATUS,NOTE_TYPE,WEEK_NUMBER,BATCH_ID,TRAINEE_ID) values (5089,null,2,0,null,'TRAINEE',5,2050,5351);
INSERT INTO CALIBER_NOTE (NOTE_ID,NOTE_CONTENT,MAX_VISIBILITY,IS_QC_FEEDBACK,QC_STATUS,NOTE_TYPE,WEEK_NUMBER,BATCH_ID,TRAINEE_ID) values (5090,null,2,0,null,'TRAINEE',5,2050,5353);
INSERT INTO CALIBER_NOTE (NOTE_ID,NOTE_CONTENT,MAX_VISIBILITY,IS_QC_FEEDBACK,QC_STATUS,NOTE_TYPE,WEEK_NUMBER,BATCH_ID,TRAINEE_ID) values (5091,'Good understanding on Web Services. A little behind on project work.',2,0,null,'TRAINEE',6,2050,5353);
INSERT INTO CALIBER_NOTE (NOTE_ID,NOTE_CONTENT,MAX_VISIBILITY,IS_QC_FEEDBACK,QC_STATUS,NOTE_TYPE,WEEK_NUMBER,BATCH_ID,TRAINEE_ID) values (5097,'Good work on the project and on Spring evaluations.',2,0,null,'TRAINEE',7,2050,5354);
INSERT INTO CALIBER_NOTE (NOTE_ID,NOTE_CONTENT,MAX_VISIBILITY,IS_QC_FEEDBACK,QC_STATUS,NOTE_TYPE,WEEK_NUMBER,BATCH_ID,TRAINEE_ID) values (5098,'Excellent work this week and on project.',2,0,null,'TRAINEE',7,2050,5350);
INSERT INTO CALIBER_NOTE (NOTE_ID,NOTE_CONTENT,MAX_VISIBILITY,IS_QC_FEEDBACK,QC_STATUS,NOTE_TYPE,WEEK_NUMBER,BATCH_ID,TRAINEE_ID) values (5099,'Excellent work on the project and evaluations',2,0,null,'TRAINEE',7,2050,5355);
INSERT INTO CALIBER_NOTE (NOTE_ID,NOTE_CONTENT,MAX_VISIBILITY,IS_QC_FEEDBACK,QC_STATUS,NOTE_TYPE,WEEK_NUMBER,BATCH_ID,TRAINEE_ID) values (5100,'Good knowledge of Spring.',2,0,null,'TRAINEE',7,2050,5352);
INSERT INTO CALIBER_NOTE (NOTE_ID,NOTE_CONTENT,MAX_VISIBILITY,IS_QC_FEEDBACK,QC_STATUS,NOTE_TYPE,WEEK_NUMBER,BATCH_ID,TRAINEE_ID) values (5101,'Great work on projects and Spring.',2,0,null,'TRAINEE',7,2050,5351);
INSERT INTO CALIBER_NOTE (NOTE_ID,NOTE_CONTENT,MAX_VISIBILITY,IS_QC_FEEDBACK,QC_STATUS,NOTE_TYPE,WEEK_NUMBER,BATCH_ID,TRAINEE_ID) values (5102,'Very good knowledge of Spring.',2,0,null,'TRAINEE',7,2050,5353);
INSERT INTO CALIBER_NOTE (NOTE_ID,NOTE_CONTENT,MAX_VISIBILITY,IS_QC_FEEDBACK,QC_STATUS,NOTE_TYPE,WEEK_NUMBER,BATCH_ID,TRAINEE_ID) values (5103,'Very good final interview and very confident.',2,0,null,'TRAINEE',8,2050,5353);
INSERT INTO CALIBER_NOTE (NOTE_ID,NOTE_CONTENT,MAX_VISIBILITY,IS_QC_FEEDBACK,QC_STATUS,NOTE_TYPE,WEEK_NUMBER,BATCH_ID,TRAINEE_ID) values (5060,'Made great progress on his project. Very confident in discussing what he has done so far!',2,0,null,'TRAINEE',2,2050,5353);
INSERT INTO CALIBER_NOTE (NOTE_ID,NOTE_CONTENT,MAX_VISIBILITY,IS_QC_FEEDBACK,QC_STATUS,NOTE_TYPE,WEEK_NUMBER,BATCH_ID,TRAINEE_ID) values (5104,'Good interview, but slipped bad on servlets and JSP.',2,0,null,'TRAINEE',8,2050,5351);
INSERT INTO CALIBER_NOTE (NOTE_ID,NOTE_CONTENT,MAX_VISIBILITY,IS_QC_FEEDBACK,QC_STATUS,NOTE_TYPE,WEEK_NUMBER,BATCH_ID,TRAINEE_ID) values (5105,'Very good interview. Handles high pressure very well.',2,0,null,'TRAINEE',8,2050,5352);
INSERT INTO CALIBER_NOTE (NOTE_ID,NOTE_CONTENT,MAX_VISIBILITY,IS_QC_FEEDBACK,QC_STATUS,NOTE_TYPE,WEEK_NUMBER,BATCH_ID,TRAINEE_ID) values (5106,'Good final interview',2,0,null,'TRAINEE',8,2050,5354);
INSERT INTO CALIBER_NOTE (NOTE_ID,NOTE_CONTENT,MAX_VISIBILITY,IS_QC_FEEDBACK,QC_STATUS,NOTE_TYPE,WEEK_NUMBER,BATCH_ID,TRAINEE_ID) values (5107,'Very good interview and confident on each topic.',2,0,null,'TRAINEE',8,2050,5350);
INSERT INTO CALIBER_NOTE (NOTE_ID,NOTE_CONTENT,MAX_VISIBILITY,IS_QC_FEEDBACK,QC_STATUS,NOTE_TYPE,WEEK_NUMBER,BATCH_ID,TRAINEE_ID) values (5108,'Good interview, but the pressure caused her to lose momentum.',2,0,null,'TRAINEE',8,2050,5355);
INSERT INTO CALIBER_NOTE (NOTE_ID,NOTE_CONTENT,MAX_VISIBILITY,IS_QC_FEEDBACK,QC_STATUS,NOTE_TYPE,WEEK_NUMBER,BATCH_ID,TRAINEE_ID) values (5167,null,2,0,null,'TRAINEE',6,2100,5400);
INSERT INTO CALIBER_NOTE (NOTE_ID,NOTE_CONTENT,MAX_VISIBILITY,IS_QC_FEEDBACK,QC_STATUS,NOTE_TYPE,WEEK_NUMBER,BATCH_ID,TRAINEE_ID) values (5168,null,2,0,null,'TRAINEE',6,2100,5454);
INSERT INTO CALIBER_NOTE (NOTE_ID,NOTE_CONTENT,MAX_VISIBILITY,IS_QC_FEEDBACK,QC_STATUS,NOTE_TYPE,WEEK_NUMBER,BATCH_ID,TRAINEE_ID) values (5169,null,2,0,null,'TRAINEE',6,2100,5360);
INSERT INTO CALIBER_NOTE (NOTE_ID,NOTE_CONTENT,MAX_VISIBILITY,IS_QC_FEEDBACK,QC_STATUS,NOTE_TYPE,WEEK_NUMBER,BATCH_ID,TRAINEE_ID) values (5170,'Hired by client!',2,0,null,'TRAINEE',6,2100,5362);
INSERT INTO CALIBER_NOTE (NOTE_ID,NOTE_CONTENT,MAX_VISIBILITY,IS_QC_FEEDBACK,QC_STATUS,NOTE_TYPE,WEEK_NUMBER,BATCH_ID,TRAINEE_ID) values (5171,null,2,0,null,'TRAINEE',6,2100,5363);
INSERT INTO CALIBER_NOTE (NOTE_ID,NOTE_CONTENT,MAX_VISIBILITY,IS_QC_FEEDBACK,QC_STATUS,NOTE_TYPE,WEEK_NUMBER,BATCH_ID,TRAINEE_ID) values (5172,null,2,0,null,'TRAINEE',6,2100,5401);
INSERT INTO CALIBER_NOTE (NOTE_ID,NOTE_CONTENT,MAX_VISIBILITY,IS_QC_FEEDBACK,QC_STATUS,NOTE_TYPE,WEEK_NUMBER,BATCH_ID,TRAINEE_ID) values (5173,null,2,0,null,'TRAINEE',6,2100,5361);
INSERT INTO CALIBER_NOTE (NOTE_ID,NOTE_CONTENT,MAX_VISIBILITY,IS_QC_FEEDBACK,QC_STATUS,NOTE_TYPE,WEEK_NUMBER,BATCH_ID,TRAINEE_ID) values (5174,'Dropped after failing his client interview. Technically weak and some communication issues.',2,0,null,'TRAINEE',6,2100,5453);
INSERT INTO CALIBER_NOTE (NOTE_ID,NOTE_CONTENT,MAX_VISIBILITY,IS_QC_FEEDBACK,QC_STATUS,NOTE_TYPE,WEEK_NUMBER,BATCH_ID,TRAINEE_ID) values (5175,null,2,0,null,'TRAINEE',6,2100,5402);
INSERT INTO CALIBER_NOTE (NOTE_ID,NOTE_CONTENT,MAX_VISIBILITY,IS_QC_FEEDBACK,QC_STATUS,NOTE_TYPE,WEEK_NUMBER,BATCH_ID,TRAINEE_ID) values (5176,null,2,0,null,'TRAINEE',7,2100,5400);
INSERT INTO CALIBER_NOTE (NOTE_ID,NOTE_CONTENT,MAX_VISIBILITY,IS_QC_FEEDBACK,QC_STATUS,NOTE_TYPE,WEEK_NUMBER,BATCH_ID,TRAINEE_ID) values (5177,null,2,0,null,'TRAINEE',7,2100,5454);
INSERT INTO CALIBER_NOTE (NOTE_ID,NOTE_CONTENT,MAX_VISIBILITY,IS_QC_FEEDBACK,QC_STATUS,NOTE_TYPE,WEEK_NUMBER,BATCH_ID,TRAINEE_ID) values (5178,null,2,0,null,'TRAINEE',7,2100,5360);
INSERT INTO CALIBER_NOTE (NOTE_ID,NOTE_CONTENT,MAX_VISIBILITY,IS_QC_FEEDBACK,QC_STATUS,NOTE_TYPE,WEEK_NUMBER,BATCH_ID,TRAINEE_ID) values (5182,'Stellar soft skills. Good technically too. Best interview skills today',2,0,null,'TRAINEE',1,2150,5459);
INSERT INTO CALIBER_NOTE (NOTE_ID,NOTE_CONTENT,MAX_VISIBILITY,IS_QC_FEEDBACK,QC_STATUS,NOTE_TYPE,WEEK_NUMBER,BATCH_ID,TRAINEE_ID) values (5183,'Good and confident, but seemed very nervous in interview',2,0,null,'TRAINEE',1,2150,5467);
INSERT INTO CALIBER_NOTE (NOTE_ID,NOTE_CONTENT,MAX_VISIBILITY,IS_QC_FEEDBACK,QC_STATUS,NOTE_TYPE,WEEK_NUMBER,BATCH_ID,TRAINEE_ID) values (5184,'Okay technically but good people skills',2,0,null,'TRAINEE',1,2150,5457);
INSERT INTO CALIBER_NOTE (NOTE_ID,NOTE_CONTENT,MAX_VISIBILITY,IS_QC_FEEDBACK,QC_STATUS,NOTE_TYPE,WEEK_NUMBER,BATCH_ID,TRAINEE_ID) values (5185,'Good. Very calm and confident',2,0,null,'TRAINEE',1,2150,5462);
INSERT INTO CALIBER_NOTE (NOTE_ID,NOTE_CONTENT,MAX_VISIBILITY,IS_QC_FEEDBACK,QC_STATUS,NOTE_TYPE,WEEK_NUMBER,BATCH_ID,TRAINEE_ID) values (5186,'Good technically',2,0,null,'TRAINEE',1,2150,5470);
INSERT INTO CALIBER_NOTE (NOTE_ID,NOTE_CONTENT,MAX_VISIBILITY,IS_QC_FEEDBACK,QC_STATUS,NOTE_TYPE,WEEK_NUMBER,BATCH_ID,TRAINEE_ID) values (5187,'Good technical and soft skills',2,0,null,'TRAINEE',1,2150,5463);
INSERT INTO CALIBER_NOTE (NOTE_ID,NOTE_CONTENT,MAX_VISIBILITY,IS_QC_FEEDBACK,QC_STATUS,NOTE_TYPE,WEEK_NUMBER,BATCH_ID,TRAINEE_ID) values (5188,'Good technically.',2,0,null,'TRAINEE',1,2150,5466);
INSERT INTO CALIBER_NOTE (NOTE_ID,NOTE_CONTENT,MAX_VISIBILITY,IS_QC_FEEDBACK,QC_STATUS,NOTE_TYPE,WEEK_NUMBER,BATCH_ID,TRAINEE_ID) values (5189,'Technically good, a little nervous and quiet at times',2,0,null,'TRAINEE',1,2150,5461);
INSERT INTO CALIBER_NOTE (NOTE_ID,NOTE_CONTENT,MAX_VISIBILITY,IS_QC_FEEDBACK,QC_STATUS,NOTE_TYPE,WEEK_NUMBER,BATCH_ID,TRAINEE_ID) values (5190,'Okay technically but gets confused easily with terms and concepts',2,0,null,'TRAINEE',1,2150,5468);
INSERT INTO CALIBER_NOTE (NOTE_ID,NOTE_CONTENT,MAX_VISIBILITY,IS_QC_FEEDBACK,QC_STATUS,NOTE_TYPE,WEEK_NUMBER,BATCH_ID,TRAINEE_ID) values (5191,'Dropped. Technically weak, unable to consume material quickly. Slouches during class and seems too playful--might not be taking this seriously',2,0,null,'TRAINEE',1,2150,5500);
INSERT INTO CALIBER_NOTE (NOTE_ID,NOTE_CONTENT,MAX_VISIBILITY,IS_QC_FEEDBACK,QC_STATUS,NOTE_TYPE,WEEK_NUMBER,BATCH_ID,TRAINEE_ID) values (5192,'Good technically but a little quirky interview skills',2,0,null,'TRAINEE',1,2150,5456);
INSERT INTO CALIBER_NOTE (NOTE_ID,NOTE_CONTENT,MAX_VISIBILITY,IS_QC_FEEDBACK,QC_STATUS,NOTE_TYPE,WEEK_NUMBER,BATCH_ID,TRAINEE_ID) values (5193,'Very quiet but technically very good.',2,0,null,'TRAINEE',1,2150,5464);
INSERT INTO CALIBER_NOTE (NOTE_ID,NOTE_CONTENT,MAX_VISIBILITY,IS_QC_FEEDBACK,QC_STATUS,NOTE_TYPE,WEEK_NUMBER,BATCH_ID,TRAINEE_ID) values (5194,'Dropped. Technically weak and confuses terms and concepts often',2,0,null,'TRAINEE',1,2150,5471);
INSERT INTO CALIBER_NOTE (NOTE_ID,NOTE_CONTENT,MAX_VISIBILITY,IS_QC_FEEDBACK,QC_STATUS,NOTE_TYPE,WEEK_NUMBER,BATCH_ID,TRAINEE_ID) values (5195,'Good technically.',2,0,null,'TRAINEE',1,2150,5458);
INSERT INTO CALIBER_NOTE (NOTE_ID,NOTE_CONTENT,MAX_VISIBILITY,IS_QC_FEEDBACK,QC_STATUS,NOTE_TYPE,WEEK_NUMBER,BATCH_ID,TRAINEE_ID) values (5196,'Technically okay, but a little slow responses during interview',2,0,null,'TRAINEE',1,2150,5465);
INSERT INTO CALIBER_NOTE (NOTE_ID,NOTE_CONTENT,MAX_VISIBILITY,IS_QC_FEEDBACK,QC_STATUS,NOTE_TYPE,WEEK_NUMBER,BATCH_ID,TRAINEE_ID) values (5197,'Left us voluntarily. Accepted another offer.',2,0,null,'TRAINEE',1,2150,5472);
INSERT INTO CALIBER_NOTE (NOTE_ID,NOTE_CONTENT,MAX_VISIBILITY,IS_QC_FEEDBACK,QC_STATUS,NOTE_TYPE,WEEK_NUMBER,BATCH_ID,TRAINEE_ID) values (5201,'Good. Accent is thick but discernable.',2,0,null,'TRAINEE',1,2150,5469);
INSERT INTO CALIBER_NOTE (NOTE_ID,NOTE_CONTENT,MAX_VISIBILITY,IS_QC_FEEDBACK,QC_STATUS,NOTE_TYPE,WEEK_NUMBER,BATCH_ID,TRAINEE_ID) values (5215,null,2,0,null,'TRAINEE',2,2150,5465);
INSERT INTO CALIBER_NOTE (NOTE_ID,NOTE_CONTENT,MAX_VISIBILITY,IS_QC_FEEDBACK,QC_STATUS,NOTE_TYPE,WEEK_NUMBER,BATCH_ID,TRAINEE_ID) values (5226,'Very impressive! Very quiet though.',2,0,null,'TRAINEE',1,2150,5540);
INSERT INTO CALIBER_NOTE (NOTE_ID,NOTE_CONTENT,MAX_VISIBILITY,IS_QC_FEEDBACK,QC_STATUS,NOTE_TYPE,WEEK_NUMBER,BATCH_ID,TRAINEE_ID) values (5228,null,2,0,null,'TRAINEE',3,2150,5466);
INSERT INTO CALIBER_NOTE (NOTE_ID,NOTE_CONTENT,MAX_VISIBILITY,IS_QC_FEEDBACK,QC_STATUS,NOTE_TYPE,WEEK_NUMBER,BATCH_ID,TRAINEE_ID) values (5229,'Dropped. Sleeping in class and poor project progress.',2,0,null,'TRAINEE',3,2150,5470);
INSERT INTO CALIBER_NOTE (NOTE_ID,NOTE_CONTENT,MAX_VISIBILITY,IS_QC_FEEDBACK,QC_STATUS,NOTE_TYPE,WEEK_NUMBER,BATCH_ID,TRAINEE_ID) values (5230,null,2,0,null,'TRAINEE',3,2150,5469);
INSERT INTO CALIBER_NOTE (NOTE_ID,NOTE_CONTENT,MAX_VISIBILITY,IS_QC_FEEDBACK,QC_STATUS,NOTE_TYPE,WEEK_NUMBER,BATCH_ID,TRAINEE_ID) values (5231,null,2,0,null,'TRAINEE',3,2150,5467);
INSERT INTO CALIBER_NOTE (NOTE_ID,NOTE_CONTENT,MAX_VISIBILITY,IS_QC_FEEDBACK,QC_STATUS,NOTE_TYPE,WEEK_NUMBER,BATCH_ID,TRAINEE_ID) values (5232,null,2,0,null,'TRAINEE',3,2150,5468);
INSERT INTO CALIBER_NOTE (NOTE_ID,NOTE_CONTENT,MAX_VISIBILITY,IS_QC_FEEDBACK,QC_STATUS,NOTE_TYPE,WEEK_NUMBER,BATCH_ID,TRAINEE_ID) values (5233,null,2,0,null,'TRAINEE',3,2150,5459);
INSERT INTO CALIBER_NOTE (NOTE_ID,NOTE_CONTENT,MAX_VISIBILITY,IS_QC_FEEDBACK,QC_STATUS,NOTE_TYPE,WEEK_NUMBER,BATCH_ID,TRAINEE_ID) values (5234,'Fantastic work considering all he went through this week!',2,0,null,'TRAINEE',3,2150,5464);
INSERT INTO CALIBER_NOTE (NOTE_ID,NOTE_CONTENT,MAX_VISIBILITY,IS_QC_FEEDBACK,QC_STATUS,NOTE_TYPE,WEEK_NUMBER,BATCH_ID,TRAINEE_ID) values (5235,null,2,0,null,'TRAINEE',3,2150,5462);
INSERT INTO CALIBER_NOTE (NOTE_ID,NOTE_CONTENT,MAX_VISIBILITY,IS_QC_FEEDBACK,QC_STATUS,NOTE_TYPE,WEEK_NUMBER,BATCH_ID,TRAINEE_ID) values (5236,null,2,0,null,'TRAINEE',3,2150,5540);
INSERT INTO CALIBER_NOTE (NOTE_ID,NOTE_CONTENT,MAX_VISIBILITY,IS_QC_FEEDBACK,QC_STATUS,NOTE_TYPE,WEEK_NUMBER,BATCH_ID,TRAINEE_ID) values (5237,'Good so far',2,0,null,'TRAINEE',4,2150,5463);
INSERT INTO CALIBER_NOTE (NOTE_ID,NOTE_CONTENT,MAX_VISIBILITY,IS_QC_FEEDBACK,QC_STATUS,NOTE_TYPE,WEEK_NUMBER,BATCH_ID,TRAINEE_ID) values (5238,'Dropped for poor interpersonal skills. Has an uncooperative attitude and does not take direction well',2,0,null,'TRAINEE',4,2150,5473);
INSERT INTO CALIBER_NOTE (NOTE_ID,NOTE_CONTENT,MAX_VISIBILITY,IS_QC_FEEDBACK,QC_STATUS,NOTE_TYPE,WEEK_NUMBER,BATCH_ID,TRAINEE_ID) values (5239,'Vast improvements in confidence, strong technically',2,0,null,'TRAINEE',4,2150,5461);
INSERT INTO CALIBER_NOTE (NOTE_ID,NOTE_CONTENT,MAX_VISIBILITY,IS_QC_FEEDBACK,QC_STATUS,NOTE_TYPE,WEEK_NUMBER,BATCH_ID,TRAINEE_ID) values (5240,'Good progress compared to last week. Had a discussion with him and it seemed to have payed off',2,0,null,'TRAINEE',4,2150,5457);
INSERT INTO CALIBER_NOTE (NOTE_ID,NOTE_CONTENT,MAX_VISIBILITY,IS_QC_FEEDBACK,QC_STATUS,NOTE_TYPE,WEEK_NUMBER,BATCH_ID,TRAINEE_ID) values (5241,'Great',2,0,null,'TRAINEE',4,2150,5460);
INSERT INTO CALIBER_NOTE (NOTE_ID,NOTE_CONTENT,MAX_VISIBILITY,IS_QC_FEEDBACK,QC_STATUS,NOTE_TYPE,WEEK_NUMBER,BATCH_ID,TRAINEE_ID) values (5242,'Superstar',2,0,null,'TRAINEE',4,2150,5456);
INSERT INTO CALIBER_NOTE (NOTE_ID,NOTE_CONTENT,MAX_VISIBILITY,IS_QC_FEEDBACK,QC_STATUS,NOTE_TYPE,WEEK_NUMBER,BATCH_ID,TRAINEE_ID) values (5243,'Great',2,0,null,'TRAINEE',4,2150,5458);
INSERT INTO CALIBER_NOTE (NOTE_ID,NOTE_CONTENT,MAX_VISIBILITY,IS_QC_FEEDBACK,QC_STATUS,NOTE_TYPE,WEEK_NUMBER,BATCH_ID,TRAINEE_ID) values (5244,'Doing well',2,0,null,'TRAINEE',4,2150,5465);
INSERT INTO CALIBER_NOTE (NOTE_ID,NOTE_CONTENT,MAX_VISIBILITY,IS_QC_FEEDBACK,QC_STATUS,NOTE_TYPE,WEEK_NUMBER,BATCH_ID,TRAINEE_ID) values (5245,'Great personality, technical, and people skills',2,0,null,'TRAINEE',4,2150,5466);
INSERT INTO CALIBER_NOTE (NOTE_ID,NOTE_CONTENT,MAX_VISIBILITY,IS_QC_FEEDBACK,QC_STATUS,NOTE_TYPE,WEEK_NUMBER,BATCH_ID,TRAINEE_ID) values (5246,null,2,0,null,'TRAINEE',4,2150,5470);
INSERT INTO CALIBER_NOTE (NOTE_ID,NOTE_CONTENT,MAX_VISIBILITY,IS_QC_FEEDBACK,QC_STATUS,NOTE_TYPE,WEEK_NUMBER,BATCH_ID,TRAINEE_ID) values (5247,'Dropped. Very weak technically. English communication is poor. Falling behind on the project.',2,0,null,'TRAINEE',4,2150,5469);
INSERT INTO CALIBER_NOTE (NOTE_ID,NOTE_CONTENT,MAX_VISIBILITY,IS_QC_FEEDBACK,QC_STATUS,NOTE_TYPE,WEEK_NUMBER,BATCH_ID,TRAINEE_ID) values (5248,'Doing well so far, making good progress',2,0,null,'TRAINEE',4,2150,5467);
INSERT INTO CALIBER_NOTE (NOTE_ID,NOTE_CONTENT,MAX_VISIBILITY,IS_QC_FEEDBACK,QC_STATUS,NOTE_TYPE,WEEK_NUMBER,BATCH_ID,TRAINEE_ID) values (5249,'Very good associate',2,0,null,'TRAINEE',4,2150,5459);
INSERT INTO CALIBER_NOTE (NOTE_ID,NOTE_CONTENT,MAX_VISIBILITY,IS_QC_FEEDBACK,QC_STATUS,NOTE_TYPE,WEEK_NUMBER,BATCH_ID,TRAINEE_ID) values (6050,'Excellent employee! Keeping up very well with the pace.',2,0,null,'TRAINEE',4,2150,5464);
INSERT INTO CALIBER_NOTE (NOTE_ID,NOTE_CONTENT,MAX_VISIBILITY,IS_QC_FEEDBACK,QC_STATUS,NOTE_TYPE,WEEK_NUMBER,BATCH_ID,TRAINEE_ID) values (6051,'Good technically, great attitude!',2,0,null,'TRAINEE',4,2150,5462);
INSERT INTO CALIBER_NOTE (NOTE_ID,NOTE_CONTENT,MAX_VISIBILITY,IS_QC_FEEDBACK,QC_STATUS,NOTE_TYPE,WEEK_NUMBER,BATCH_ID,TRAINEE_ID) values (6052,'Superstar',2,0,null,'TRAINEE',4,2150,5540);
INSERT INTO CALIBER_NOTE (NOTE_ID,NOTE_CONTENT,MAX_VISIBILITY,IS_QC_FEEDBACK,QC_STATUS,NOTE_TYPE,WEEK_NUMBER,BATCH_ID,TRAINEE_ID) values (6055,null,2,0,null,'TRAINEE',5,2150,5461);
INSERT INTO CALIBER_NOTE (NOTE_ID,NOTE_CONTENT,MAX_VISIBILITY,IS_QC_FEEDBACK,QC_STATUS,NOTE_TYPE,WEEK_NUMBER,BATCH_ID,TRAINEE_ID) values (6056,null,2,0,null,'TRAINEE',5,2150,5457);
INSERT INTO CALIBER_NOTE (NOTE_ID,NOTE_CONTENT,MAX_VISIBILITY,IS_QC_FEEDBACK,QC_STATUS,NOTE_TYPE,WEEK_NUMBER,BATCH_ID,TRAINEE_ID) values (6057,null,2,0,null,'TRAINEE',5,2150,5460);
INSERT INTO CALIBER_NOTE (NOTE_ID,NOTE_CONTENT,MAX_VISIBILITY,IS_QC_FEEDBACK,QC_STATUS,NOTE_TYPE,WEEK_NUMBER,BATCH_ID,TRAINEE_ID) values (6058,null,2,0,null,'TRAINEE',5,2150,5456);
INSERT INTO CALIBER_NOTE (NOTE_ID,NOTE_CONTENT,MAX_VISIBILITY,IS_QC_FEEDBACK,QC_STATUS,NOTE_TYPE,WEEK_NUMBER,BATCH_ID,TRAINEE_ID) values (6059,null,2,0,null,'TRAINEE',5,2150,5458);
INSERT INTO CALIBER_NOTE (NOTE_ID,NOTE_CONTENT,MAX_VISIBILITY,IS_QC_FEEDBACK,QC_STATUS,NOTE_TYPE,WEEK_NUMBER,BATCH_ID,TRAINEE_ID) values (6060,null,2,0,null,'TRAINEE',5,2150,5465);
INSERT INTO CALIBER_NOTE (NOTE_ID,NOTE_CONTENT,MAX_VISIBILITY,IS_QC_FEEDBACK,QC_STATUS,NOTE_TYPE,WEEK_NUMBER,BATCH_ID,TRAINEE_ID) values (6061,null,2,0,null,'TRAINEE',5,2150,5466);
INSERT INTO CALIBER_NOTE (NOTE_ID,NOTE_CONTENT,MAX_VISIBILITY,IS_QC_FEEDBACK,QC_STATUS,NOTE_TYPE,WEEK_NUMBER,BATCH_ID,TRAINEE_ID) values (6062,null,2,0,null,'TRAINEE',5,2150,5467);
INSERT INTO CALIBER_NOTE (NOTE_ID,NOTE_CONTENT,MAX_VISIBILITY,IS_QC_FEEDBACK,QC_STATUS,NOTE_TYPE,WEEK_NUMBER,BATCH_ID,TRAINEE_ID) values (6063,null,2,0,null,'TRAINEE',5,2150,5468);
INSERT INTO CALIBER_NOTE (NOTE_ID,NOTE_CONTENT,MAX_VISIBILITY,IS_QC_FEEDBACK,QC_STATUS,NOTE_TYPE,WEEK_NUMBER,BATCH_ID,TRAINEE_ID) values (6064,null,2,0,null,'TRAINEE',5,2150,5459);
INSERT INTO CALIBER_NOTE (NOTE_ID,NOTE_CONTENT,MAX_VISIBILITY,IS_QC_FEEDBACK,QC_STATUS,NOTE_TYPE,WEEK_NUMBER,BATCH_ID,TRAINEE_ID) values (6065,null,2,0,null,'TRAINEE',5,2150,5464);
INSERT INTO CALIBER_NOTE (NOTE_ID,NOTE_CONTENT,MAX_VISIBILITY,IS_QC_FEEDBACK,QC_STATUS,NOTE_TYPE,WEEK_NUMBER,BATCH_ID,TRAINEE_ID) values (6066,null,2,0,null,'TRAINEE',5,2150,5462);
INSERT INTO CALIBER_NOTE (NOTE_ID,NOTE_CONTENT,MAX_VISIBILITY,IS_QC_FEEDBACK,QC_STATUS,NOTE_TYPE,WEEK_NUMBER,BATCH_ID,TRAINEE_ID) values (6067,null,2,0,null,'TRAINEE',5,2150,5540);
INSERT INTO CALIBER_NOTE (NOTE_ID,NOTE_CONTENT,MAX_VISIBILITY,IS_QC_FEEDBACK,QC_STATUS,NOTE_TYPE,WEEK_NUMBER,BATCH_ID,TRAINEE_ID) values (6128,'Good performance',2,0,null,'TRAINEE',3,2200,5506);
INSERT INTO CALIBER_NOTE (NOTE_ID,NOTE_CONTENT,MAX_VISIBILITY,IS_QC_FEEDBACK,QC_STATUS,NOTE_TYPE,WEEK_NUMBER,BATCH_ID,TRAINEE_ID) values (6129,'Technically good. I will be tactfully approaching his personal appearance issues: shaving, body odor, etc. as it seems to be worsening as he gets more comfortable in training',2,0,null,'TRAINEE',3,2200,5503);
INSERT INTO CALIBER_NOTE (NOTE_ID,NOTE_CONTENT,MAX_VISIBILITY,IS_QC_FEEDBACK,QC_STATUS,NOTE_TYPE,WEEK_NUMBER,BATCH_ID,TRAINEE_ID) values (6130,'Okay performance. Making great progress on the project so far',2,0,null,'TRAINEE',3,2200,5514);
INSERT INTO CALIBER_NOTE (NOTE_ID,NOTE_CONTENT,MAX_VISIBILITY,IS_QC_FEEDBACK,QC_STATUS,NOTE_TYPE,WEEK_NUMBER,BATCH_ID,TRAINEE_ID) values (6131,'Good performance',2,0,null,'TRAINEE',3,2200,5510);
INSERT INTO CALIBER_NOTE (NOTE_ID,NOTE_CONTENT,MAX_VISIBILITY,IS_QC_FEEDBACK,QC_STATUS,NOTE_TYPE,WEEK_NUMBER,BATCH_ID,TRAINEE_ID) values (6132,'Good performance',2,0,null,'TRAINEE',3,2200,5504);
INSERT INTO CALIBER_NOTE (NOTE_ID,NOTE_CONTENT,MAX_VISIBILITY,IS_QC_FEEDBACK,QC_STATUS,NOTE_TYPE,WEEK_NUMBER,BATCH_ID,TRAINEE_ID) values (6133,'Very nervous in interview. Good performance though',2,0,null,'TRAINEE',3,2200,5511);
INSERT INTO CALIBER_NOTE (NOTE_ID,NOTE_CONTENT,MAX_VISIBILITY,IS_QC_FEEDBACK,QC_STATUS,NOTE_TYPE,WEEK_NUMBER,BATCH_ID,TRAINEE_ID) values (6134,'Stabilizing his scores after our initial discussion in week 1. Leveled out to a moderate level of performance',2,0,null,'TRAINEE',3,2200,5513);
INSERT INTO CALIBER_NOTE (NOTE_ID,NOTE_CONTENT,MAX_VISIBILITY,IS_QC_FEEDBACK,QC_STATUS,NOTE_TYPE,WEEK_NUMBER,BATCH_ID,TRAINEE_ID) values (6135,'Good work',2,0,null,'TRAINEE',3,2200,5507);
INSERT INTO CALIBER_NOTE (NOTE_ID,NOTE_CONTENT,MAX_VISIBILITY,IS_QC_FEEDBACK,QC_STATUS,NOTE_TYPE,WEEK_NUMBER,BATCH_ID,TRAINEE_ID) values (6136,'Great explanation of DAO and SDLC! Performing well.',2,0,null,'TRAINEE',3,2200,5515);
INSERT INTO CALIBER_NOTE (NOTE_ID,NOTE_CONTENT,MAX_VISIBILITY,IS_QC_FEEDBACK,QC_STATUS,NOTE_TYPE,WEEK_NUMBER,BATCH_ID,TRAINEE_ID) values (6137,'Good performance',2,0,null,'TRAINEE',3,2200,5509);
INSERT INTO CALIBER_NOTE (NOTE_ID,NOTE_CONTENT,MAX_VISIBILITY,IS_QC_FEEDBACK,QC_STATUS,NOTE_TYPE,WEEK_NUMBER,BATCH_ID,TRAINEE_ID) values (6138,'Major slip in performance. Giving encouragement. He does not seem confident in the front-end Web technologies',2,0,null,'TRAINEE',3,2200,5517);
INSERT INTO CALIBER_NOTE (NOTE_ID,NOTE_CONTENT,MAX_VISIBILITY,IS_QC_FEEDBACK,QC_STATUS,NOTE_TYPE,WEEK_NUMBER,BATCH_ID,TRAINEE_ID) values (6139,'Very nervous. Big dip in performance. Giving encouragement to come back up to his previous performance',2,0,null,'TRAINEE',3,2200,5512);
INSERT INTO CALIBER_NOTE (NOTE_ID,NOTE_CONTENT,MAX_VISIBILITY,IS_QC_FEEDBACK,QC_STATUS,NOTE_TYPE,WEEK_NUMBER,BATCH_ID,TRAINEE_ID) values (6140,'Terrible performance. Gave final warning. Must have overall score of 75 next week or he will be dropped.',2,0,null,'TRAINEE',3,2200,5519);
INSERT INTO CALIBER_NOTE (NOTE_ID,NOTE_CONTENT,MAX_VISIBILITY,IS_QC_FEEDBACK,QC_STATUS,NOTE_TYPE,WEEK_NUMBER,BATCH_ID,TRAINEE_ID) values (6141,'Good work',2,0,null,'TRAINEE',3,2200,5505);
INSERT INTO CALIBER_NOTE (NOTE_ID,NOTE_CONTENT,MAX_VISIBILITY,IS_QC_FEEDBACK,QC_STATUS,NOTE_TYPE,WEEK_NUMBER,BATCH_ID,TRAINEE_ID) values (6142,'Great interview skills',2,0,null,'TRAINEE',3,2200,5508);
INSERT INTO CALIBER_NOTE (NOTE_ID,NOTE_CONTENT,MAX_VISIBILITY,IS_QC_FEEDBACK,QC_STATUS,NOTE_TYPE,WEEK_NUMBER,BATCH_ID,TRAINEE_ID) values (6143,'Does well in interviews but tests are not favorable. Giving a verbal warning',2,0,null,'TRAINEE',3,2200,5516);
INSERT INTO CALIBER_NOTE (NOTE_ID,NOTE_CONTENT,MAX_VISIBILITY,IS_QC_FEEDBACK,QC_STATUS,NOTE_TYPE,WEEK_NUMBER,BATCH_ID,TRAINEE_ID) values (5051,'Technically strong, a little quiet, though does participate in class. Communication skills are a bit weaker, but mostly due to language barrier. Great problem solving skills',2,0,null,'TRAINEE',1,2050,5354);
INSERT INTO CALIBER_NOTE (NOTE_ID,NOTE_CONTENT,MAX_VISIBILITY,IS_QC_FEEDBACK,QC_STATUS,NOTE_TYPE,WEEK_NUMBER,BATCH_ID,TRAINEE_ID) values (5052,'Outgoing, polished communication, and technically very strong.',2,0,null,'TRAINEE',1,2050,5350);
INSERT INTO CALIBER_NOTE (NOTE_ID,NOTE_CONTENT,MAX_VISIBILITY,IS_QC_FEEDBACK,QC_STATUS,NOTE_TYPE,WEEK_NUMBER,BATCH_ID,TRAINEE_ID) values (5053,'Very shy, but technically strong. Always attentive in class, but rarely participates.',2,0,null,'TRAINEE',1,2050,5355);
INSERT INTO CALIBER_NOTE (NOTE_ID,NOTE_CONTENT,MAX_VISIBILITY,IS_QC_FEEDBACK,QC_STATUS,NOTE_TYPE,WEEK_NUMBER,BATCH_ID,TRAINEE_ID) values (5054,'Very talkative and outgoing, but technically average. Tends to confuse terminology and overcomplicate topics in class. He failed the LMS test but he put in a lot of effort on homework and nailed mock interview',2,0,null,'TRAINEE',1,2050,5352);
INSERT INTO CALIBER_NOTE (NOTE_ID,NOTE_CONTENT,MAX_VISIBILITY,IS_QC_FEEDBACK,QC_STATUS,NOTE_TYPE,WEEK_NUMBER,BATCH_ID,TRAINEE_ID) values (5055,'Not confident, would rather Google and copy/paste than solve problems, technically below average',2,0,null,'TRAINEE',1,2050,5356);
INSERT INTO CALIBER_NOTE (NOTE_ID,NOTE_CONTENT,MAX_VISIBILITY,IS_QC_FEEDBACK,QC_STATUS,NOTE_TYPE,WEEK_NUMBER,BATCH_ID,TRAINEE_ID) values (5056,'Calm and confident, but quiet. Technically average',2,0,null,'TRAINEE',1,2050,5359);
INSERT INTO CALIBER_NOTE (NOTE_ID,NOTE_CONTENT,MAX_VISIBILITY,IS_QC_FEEDBACK,QC_STATUS,NOTE_TYPE,WEEK_NUMBER,BATCH_ID,TRAINEE_ID) values (5057,'Technically good, very outgoing, participates in class often. Fun and energetic personality',2,0,null,'TRAINEE',1,2050,5351);
INSERT INTO CALIBER_NOTE (NOTE_ID,NOTE_CONTENT,MAX_VISIBILITY,IS_QC_FEEDBACK,QC_STATUS,NOTE_TYPE,WEEK_NUMBER,BATCH_ID,TRAINEE_ID) values (5058,'Very strong technically, outgoing personality, great prerequisite knowledge in Java, and good problem solver',2,0,null,'TRAINEE',1,2050,5357);
INSERT INTO CALIBER_NOTE (NOTE_ID,NOTE_CONTENT,MAX_VISIBILITY,IS_QC_FEEDBACK,QC_STATUS,NOTE_TYPE,WEEK_NUMBER,BATCH_ID,TRAINEE_ID) values (5059,'Technically good, but a little quiet in class. Doesn''t seem to interact and collaborate with others',2,0,null,'TRAINEE',1,2050,5353);
INSERT INTO CALIBER_NOTE (NOTE_ID,NOTE_CONTENT,MAX_VISIBILITY,IS_QC_FEEDBACK,QC_STATUS,NOTE_TYPE,WEEK_NUMBER,BATCH_ID,TRAINEE_ID) values (5069,'Great work from Jimmy this week.',2,0,null,'TRAINEE',3,2050,5354);
INSERT INTO CALIBER_NOTE (NOTE_ID,NOTE_CONTENT,MAX_VISIBILITY,IS_QC_FEEDBACK,QC_STATUS,NOTE_TYPE,WEEK_NUMBER,BATCH_ID,TRAINEE_ID) values (5070,'All-star. Finished his project early and helps other classmates work on theirs. Aced the LMS test where others fell behind a bit.',2,0,null,'TRAINEE',3,2050,5350);
INSERT INTO CALIBER_NOTE (NOTE_ID,NOTE_CONTENT,MAX_VISIBILITY,IS_QC_FEEDBACK,QC_STATUS,NOTE_TYPE,WEEK_NUMBER,BATCH_ID,TRAINEE_ID) values (5071,'Great progress on her project. Very good technically and seems to be becoming more comfortable in her confidence and presentation skills.',2,0,null,'TRAINEE',3,2050,5355);
INSERT INTO CALIBER_NOTE (NOTE_ID,NOTE_CONTENT,MAX_VISIBILITY,IS_QC_FEEDBACK,QC_STATUS,NOTE_TYPE,WEEK_NUMBER,BATCH_ID,TRAINEE_ID) values (5072,'Made less than 70 on his LMS test again, but is making good overall progress. May have some behavior issues, as he tends to display any stress with his project outwardly around his peers.',2,0,null,'TRAINEE',3,2050,5352);
INSERT INTO CALIBER_NOTE (NOTE_ID,NOTE_CONTENT,MAX_VISIBILITY,IS_QC_FEEDBACK,QC_STATUS,NOTE_TYPE,WEEK_NUMBER,BATCH_ID,TRAINEE_ID) values (5073,'Dropped. He insisted that he couldn''t keep up with the pace. See Nan for more detail.',2,0,null,'TRAINEE',3,2050,5359);
INSERT INTO CALIBER_NOTE (NOTE_ID,NOTE_CONTENT,MAX_VISIBILITY,IS_QC_FEEDBACK,QC_STATUS,NOTE_TYPE,WEEK_NUMBER,BATCH_ID,TRAINEE_ID) values (5074,'Good work. Very strong technically, and still a friendly outgoing personality shining through.',2,0,null,'TRAINEE',3,2050,5351);
INSERT INTO CALIBER_NOTE (NOTE_ID,NOTE_CONTENT,MAX_VISIBILITY,IS_QC_FEEDBACK,QC_STATUS,NOTE_TYPE,WEEK_NUMBER,BATCH_ID,TRAINEE_ID) values (5075,'Great work so far! Picks up on the material very quickly and made significant progress on her project.',2,0,null,'TRAINEE',3,2050,5357);
INSERT INTO CALIBER_NOTE (NOTE_ID,NOTE_CONTENT,MAX_VISIBILITY,IS_QC_FEEDBACK,QC_STATUS,NOTE_TYPE,WEEK_NUMBER,BATCH_ID,TRAINEE_ID) values (5076,'Good progress this week.',2,0,null,'TRAINEE',3,2050,5353);
INSERT INTO CALIBER_NOTE (NOTE_ID,NOTE_CONTENT,MAX_VISIBILITY,IS_QC_FEEDBACK,QC_STATUS,NOTE_TYPE,WEEK_NUMBER,BATCH_ID,TRAINEE_ID) values (5109,null,2,0,null,'TRAINEE',1,2100,5400);
INSERT INTO CALIBER_NOTE (NOTE_ID,NOTE_CONTENT,MAX_VISIBILITY,IS_QC_FEEDBACK,QC_STATUS,NOTE_TYPE,WEEK_NUMBER,BATCH_ID,TRAINEE_ID) values (5110,null,2,0,null,'TRAINEE',1,2100,5454);
INSERT INTO CALIBER_NOTE (NOTE_ID,NOTE_CONTENT,MAX_VISIBILITY,IS_QC_FEEDBACK,QC_STATUS,NOTE_TYPE,WEEK_NUMBER,BATCH_ID,TRAINEE_ID) values (5111,null,2,0,null,'TRAINEE',1,2100,5360);
INSERT INTO CALIBER_NOTE (NOTE_ID,NOTE_CONTENT,MAX_VISIBILITY,IS_QC_FEEDBACK,QC_STATUS,NOTE_TYPE,WEEK_NUMBER,BATCH_ID,TRAINEE_ID) values (5112,null,2,0,null,'TRAINEE',1,2100,5362);
INSERT INTO CALIBER_NOTE (NOTE_ID,NOTE_CONTENT,MAX_VISIBILITY,IS_QC_FEEDBACK,QC_STATUS,NOTE_TYPE,WEEK_NUMBER,BATCH_ID,TRAINEE_ID) values (5113,'Will be dropped.',2,0,null,'TRAINEE',1,2100,5452);
INSERT INTO CALIBER_NOTE (NOTE_ID,NOTE_CONTENT,MAX_VISIBILITY,IS_QC_FEEDBACK,QC_STATUS,NOTE_TYPE,WEEK_NUMBER,BATCH_ID,TRAINEE_ID) values (5114,null,2,0,null,'TRAINEE',1,2100,5363);
INSERT INTO CALIBER_NOTE (NOTE_ID,NOTE_CONTENT,MAX_VISIBILITY,IS_QC_FEEDBACK,QC_STATUS,NOTE_TYPE,WEEK_NUMBER,BATCH_ID,TRAINEE_ID) values (5115,null,2,0,null,'TRAINEE',1,2100,5401);
INSERT INTO CALIBER_NOTE (NOTE_ID,NOTE_CONTENT,MAX_VISIBILITY,IS_QC_FEEDBACK,QC_STATUS,NOTE_TYPE,WEEK_NUMBER,BATCH_ID,TRAINEE_ID) values (5116,null,2,0,null,'TRAINEE',1,2100,5361);
INSERT INTO CALIBER_NOTE (NOTE_ID,NOTE_CONTENT,MAX_VISIBILITY,IS_QC_FEEDBACK,QC_STATUS,NOTE_TYPE,WEEK_NUMBER,BATCH_ID,TRAINEE_ID) values (5117,null,2,0,null,'TRAINEE',1,2100,5450);
INSERT INTO CALIBER_NOTE (NOTE_ID,NOTE_CONTENT,MAX_VISIBILITY,IS_QC_FEEDBACK,QC_STATUS,NOTE_TYPE,WEEK_NUMBER,BATCH_ID,TRAINEE_ID) values (5118,null,2,0,null,'TRAINEE',1,2100,5453);
INSERT INTO CALIBER_NOTE (NOTE_ID,NOTE_CONTENT,MAX_VISIBILITY,IS_QC_FEEDBACK,QC_STATUS,NOTE_TYPE,WEEK_NUMBER,BATCH_ID,TRAINEE_ID) values (5119,null,2,0,null,'TRAINEE',1,2100,5402);
INSERT INTO CALIBER_NOTE (NOTE_ID,NOTE_CONTENT,MAX_VISIBILITY,IS_QC_FEEDBACK,QC_STATUS,NOTE_TYPE,WEEK_NUMBER,BATCH_ID,TRAINEE_ID) values (5120,null,2,0,null,'TRAINEE',1,2100,5455);
INSERT INTO CALIBER_NOTE (NOTE_ID,NOTE_CONTENT,MAX_VISIBILITY,IS_QC_FEEDBACK,QC_STATUS,NOTE_TYPE,WEEK_NUMBER,BATCH_ID,TRAINEE_ID) values (5121,'Dropped.',2,0,null,'TRAINEE',1,2100,5451);
INSERT INTO CALIBER_NOTE (NOTE_ID,NOTE_CONTENT,MAX_VISIBILITY,IS_QC_FEEDBACK,QC_STATUS,NOTE_TYPE,WEEK_NUMBER,BATCH_ID,TRAINEE_ID) values (5122,null,2,0,null,'TRAINEE',2,2100,5400);
INSERT INTO CALIBER_NOTE (NOTE_ID,NOTE_CONTENT,MAX_VISIBILITY,IS_QC_FEEDBACK,QC_STATUS,NOTE_TYPE,WEEK_NUMBER,BATCH_ID,TRAINEE_ID) values (5123,null,2,0,null,'TRAINEE',2,2100,5454);
INSERT INTO CALIBER_NOTE (NOTE_ID,NOTE_CONTENT,MAX_VISIBILITY,IS_QC_FEEDBACK,QC_STATUS,NOTE_TYPE,WEEK_NUMBER,BATCH_ID,TRAINEE_ID) values (5124,null,2,0,null,'TRAINEE',2,2100,5360);
INSERT INTO CALIBER_NOTE (NOTE_ID,NOTE_CONTENT,MAX_VISIBILITY,IS_QC_FEEDBACK,QC_STATUS,NOTE_TYPE,WEEK_NUMBER,BATCH_ID,TRAINEE_ID) values (5125,null,2,0,null,'TRAINEE',2,2100,5362);
INSERT INTO CALIBER_NOTE (NOTE_ID,NOTE_CONTENT,MAX_VISIBILITY,IS_QC_FEEDBACK,QC_STATUS,NOTE_TYPE,WEEK_NUMBER,BATCH_ID,TRAINEE_ID) values (5126,null,2,0,null,'TRAINEE',2,2100,5363);
INSERT INTO CALIBER_NOTE (NOTE_ID,NOTE_CONTENT,MAX_VISIBILITY,IS_QC_FEEDBACK,QC_STATUS,NOTE_TYPE,WEEK_NUMBER,BATCH_ID,TRAINEE_ID) values (5127,null,2,0,null,'TRAINEE',2,2100,5401);
INSERT INTO CALIBER_NOTE (NOTE_ID,NOTE_CONTENT,MAX_VISIBILITY,IS_QC_FEEDBACK,QC_STATUS,NOTE_TYPE,WEEK_NUMBER,BATCH_ID,TRAINEE_ID) values (5128,null,2,0,null,'TRAINEE',2,2100,5361);
INSERT INTO CALIBER_NOTE (NOTE_ID,NOTE_CONTENT,MAX_VISIBILITY,IS_QC_FEEDBACK,QC_STATUS,NOTE_TYPE,WEEK_NUMBER,BATCH_ID,TRAINEE_ID) values (5129,null,2,0,null,'TRAINEE',2,2100,5450);
INSERT INTO CALIBER_NOTE (NOTE_ID,NOTE_CONTENT,MAX_VISIBILITY,IS_QC_FEEDBACK,QC_STATUS,NOTE_TYPE,WEEK_NUMBER,BATCH_ID,TRAINEE_ID) values (5130,null,2,0,null,'TRAINEE',2,2100,5453);
INSERT INTO CALIBER_NOTE (NOTE_ID,NOTE_CONTENT,MAX_VISIBILITY,IS_QC_FEEDBACK,QC_STATUS,NOTE_TYPE,WEEK_NUMBER,BATCH_ID,TRAINEE_ID) values (5131,null,2,0,null,'TRAINEE',2,2100,5402);
INSERT INTO CALIBER_NOTE (NOTE_ID,NOTE_CONTENT,MAX_VISIBILITY,IS_QC_FEEDBACK,QC_STATUS,NOTE_TYPE,WEEK_NUMBER,BATCH_ID,TRAINEE_ID) values (5132,null,2,0,null,'TRAINEE',2,2100,5455);
INSERT INTO CALIBER_NOTE (NOTE_ID,NOTE_CONTENT,MAX_VISIBILITY,IS_QC_FEEDBACK,QC_STATUS,NOTE_TYPE,WEEK_NUMBER,BATCH_ID,TRAINEE_ID) values (5050,'Not confident in mock interview, very overwhelmed, did not show initiative to study and practice. Associate will be dropped.',2,0,null,'TRAINEE',1,2050,5358);
INSERT INTO CALIBER_NOTE (NOTE_ID,NOTE_CONTENT,MAX_VISIBILITY,IS_QC_FEEDBACK,QC_STATUS,NOTE_TYPE,WEEK_NUMBER,BATCH_ID,TRAINEE_ID) values (5133,null,2,0,null,'BATCH',2,2100,null);
INSERT INTO CALIBER_NOTE (NOTE_ID,NOTE_CONTENT,MAX_VISIBILITY,IS_QC_FEEDBACK,QC_STATUS,NOTE_TYPE,WEEK_NUMBER,BATCH_ID,TRAINEE_ID) values (5134,null,2,0,null,'TRAINEE',3,2100,5400);
INSERT INTO CALIBER_NOTE (NOTE_ID,NOTE_CONTENT,MAX_VISIBILITY,IS_QC_FEEDBACK,QC_STATUS,NOTE_TYPE,WEEK_NUMBER,BATCH_ID,TRAINEE_ID) values (5135,null,2,0,null,'TRAINEE',3,2100,5454);
INSERT INTO CALIBER_NOTE (NOTE_ID,NOTE_CONTENT,MAX_VISIBILITY,IS_QC_FEEDBACK,QC_STATUS,NOTE_TYPE,WEEK_NUMBER,BATCH_ID,TRAINEE_ID) values (5136,null,2,0,null,'TRAINEE',3,2100,5360);
INSERT INTO CALIBER_NOTE (NOTE_ID,NOTE_CONTENT,MAX_VISIBILITY,IS_QC_FEEDBACK,QC_STATUS,NOTE_TYPE,WEEK_NUMBER,BATCH_ID,TRAINEE_ID) values (5137,null,2,0,null,'TRAINEE',3,2100,5362);
INSERT INTO CALIBER_NOTE (NOTE_ID,NOTE_CONTENT,MAX_VISIBILITY,IS_QC_FEEDBACK,QC_STATUS,NOTE_TYPE,WEEK_NUMBER,BATCH_ID,TRAINEE_ID) values (5138,null,2,0,null,'TRAINEE',3,2100,5363);
INSERT INTO CALIBER_NOTE (NOTE_ID,NOTE_CONTENT,MAX_VISIBILITY,IS_QC_FEEDBACK,QC_STATUS,NOTE_TYPE,WEEK_NUMBER,BATCH_ID,TRAINEE_ID) values (5139,null,2,0,null,'TRAINEE',3,2100,5401);
INSERT INTO CALIBER_NOTE (NOTE_ID,NOTE_CONTENT,MAX_VISIBILITY,IS_QC_FEEDBACK,QC_STATUS,NOTE_TYPE,WEEK_NUMBER,BATCH_ID,TRAINEE_ID) values (5140,null,2,0,null,'TRAINEE',3,2100,5361);
INSERT INTO CALIBER_NOTE (NOTE_ID,NOTE_CONTENT,MAX_VISIBILITY,IS_QC_FEEDBACK,QC_STATUS,NOTE_TYPE,WEEK_NUMBER,BATCH_ID,TRAINEE_ID) values (5141,null,2,0,null,'TRAINEE',3,2100,5450);
INSERT INTO CALIBER_NOTE (NOTE_ID,NOTE_CONTENT,MAX_VISIBILITY,IS_QC_FEEDBACK,QC_STATUS,NOTE_TYPE,WEEK_NUMBER,BATCH_ID,TRAINEE_ID) values (5142,null,2,0,null,'TRAINEE',3,2100,5453);
INSERT INTO CALIBER_NOTE (NOTE_ID,NOTE_CONTENT,MAX_VISIBILITY,IS_QC_FEEDBACK,QC_STATUS,NOTE_TYPE,WEEK_NUMBER,BATCH_ID,TRAINEE_ID) values (5143,null,2,0,null,'TRAINEE',3,2100,5402);
INSERT INTO CALIBER_NOTE (NOTE_ID,NOTE_CONTENT,MAX_VISIBILITY,IS_QC_FEEDBACK,QC_STATUS,NOTE_TYPE,WEEK_NUMBER,BATCH_ID,TRAINEE_ID) values (5144,null,2,0,null,'TRAINEE',3,2100,5455);
INSERT INTO CALIBER_NOTE (NOTE_ID,NOTE_CONTENT,MAX_VISIBILITY,IS_QC_FEEDBACK,QC_STATUS,NOTE_TYPE,WEEK_NUMBER,BATCH_ID,TRAINEE_ID) values (5145,null,2,0,null,'TRAINEE',4,2100,5400);
INSERT INTO CALIBER_NOTE (NOTE_ID,NOTE_CONTENT,MAX_VISIBILITY,IS_QC_FEEDBACK,QC_STATUS,NOTE_TYPE,WEEK_NUMBER,BATCH_ID,TRAINEE_ID) values (5146,null,2,0,null,'TRAINEE',4,2100,5454);
INSERT INTO CALIBER_NOTE (NOTE_ID,NOTE_CONTENT,MAX_VISIBILITY,IS_QC_FEEDBACK,QC_STATUS,NOTE_TYPE,WEEK_NUMBER,BATCH_ID,TRAINEE_ID) values (5147,null,2,0,null,'TRAINEE',4,2100,5360);
INSERT INTO CALIBER_NOTE (NOTE_ID,NOTE_CONTENT,MAX_VISIBILITY,IS_QC_FEEDBACK,QC_STATUS,NOTE_TYPE,WEEK_NUMBER,BATCH_ID,TRAINEE_ID) values (5148,null,2,0,null,'TRAINEE',4,2100,5362);
INSERT INTO CALIBER_NOTE (NOTE_ID,NOTE_CONTENT,MAX_VISIBILITY,IS_QC_FEEDBACK,QC_STATUS,NOTE_TYPE,WEEK_NUMBER,BATCH_ID,TRAINEE_ID) values (5149,null,2,0,null,'TRAINEE',4,2100,5363);
INSERT INTO CALIBER_NOTE (NOTE_ID,NOTE_CONTENT,MAX_VISIBILITY,IS_QC_FEEDBACK,QC_STATUS,NOTE_TYPE,WEEK_NUMBER,BATCH_ID,TRAINEE_ID) values (5150,null,2,0,null,'TRAINEE',4,2100,5401);
INSERT INTO CALIBER_NOTE (NOTE_ID,NOTE_CONTENT,MAX_VISIBILITY,IS_QC_FEEDBACK,QC_STATUS,NOTE_TYPE,WEEK_NUMBER,BATCH_ID,TRAINEE_ID) values (5151,null,2,0,null,'TRAINEE',4,2100,5361);
INSERT INTO CALIBER_NOTE (NOTE_ID,NOTE_CONTENT,MAX_VISIBILITY,IS_QC_FEEDBACK,QC_STATUS,NOTE_TYPE,WEEK_NUMBER,BATCH_ID,TRAINEE_ID) values (5152,null,2,0,null,'TRAINEE',4,2100,5450);
INSERT INTO CALIBER_NOTE (NOTE_ID,NOTE_CONTENT,MAX_VISIBILITY,IS_QC_FEEDBACK,QC_STATUS,NOTE_TYPE,WEEK_NUMBER,BATCH_ID,TRAINEE_ID) values (5153,null,2,0,null,'TRAINEE',4,2100,5453);
INSERT INTO CALIBER_NOTE (NOTE_ID,NOTE_CONTENT,MAX_VISIBILITY,IS_QC_FEEDBACK,QC_STATUS,NOTE_TYPE,WEEK_NUMBER,BATCH_ID,TRAINEE_ID) values (5154,null,2,0,null,'TRAINEE',4,2100,5402);
INSERT INTO CALIBER_NOTE (NOTE_ID,NOTE_CONTENT,MAX_VISIBILITY,IS_QC_FEEDBACK,QC_STATUS,NOTE_TYPE,WEEK_NUMBER,BATCH_ID,TRAINEE_ID) values (5155,null,2,0,null,'TRAINEE',4,2100,5455);
INSERT INTO CALIBER_NOTE (NOTE_ID,NOTE_CONTENT,MAX_VISIBILITY,IS_QC_FEEDBACK,QC_STATUS,NOTE_TYPE,WEEK_NUMBER,BATCH_ID,TRAINEE_ID) values (5156,null,2,0,null,'TRAINEE',5,2100,5400);
INSERT INTO CALIBER_NOTE (NOTE_ID,NOTE_CONTENT,MAX_VISIBILITY,IS_QC_FEEDBACK,QC_STATUS,NOTE_TYPE,WEEK_NUMBER,BATCH_ID,TRAINEE_ID) values (5157,null,2,0,null,'TRAINEE',5,2100,5454);
INSERT INTO CALIBER_NOTE (NOTE_ID,NOTE_CONTENT,MAX_VISIBILITY,IS_QC_FEEDBACK,QC_STATUS,NOTE_TYPE,WEEK_NUMBER,BATCH_ID,TRAINEE_ID) values (5158,null,2,0,null,'TRAINEE',5,2100,5360);
INSERT INTO CALIBER_NOTE (NOTE_ID,NOTE_CONTENT,MAX_VISIBILITY,IS_QC_FEEDBACK,QC_STATUS,NOTE_TYPE,WEEK_NUMBER,BATCH_ID,TRAINEE_ID) values (5159,null,2,0,null,'TRAINEE',5,2100,5362);
INSERT INTO CALIBER_NOTE (NOTE_ID,NOTE_CONTENT,MAX_VISIBILITY,IS_QC_FEEDBACK,QC_STATUS,NOTE_TYPE,WEEK_NUMBER,BATCH_ID,TRAINEE_ID) values (5160,null,2,0,null,'TRAINEE',5,2100,5363);
INSERT INTO CALIBER_NOTE (NOTE_ID,NOTE_CONTENT,MAX_VISIBILITY,IS_QC_FEEDBACK,QC_STATUS,NOTE_TYPE,WEEK_NUMBER,BATCH_ID,TRAINEE_ID) values (5161,null,2,0,null,'TRAINEE',5,2100,5401);
INSERT INTO CALIBER_NOTE (NOTE_ID,NOTE_CONTENT,MAX_VISIBILITY,IS_QC_FEEDBACK,QC_STATUS,NOTE_TYPE,WEEK_NUMBER,BATCH_ID,TRAINEE_ID) values (5162,null,2,0,null,'TRAINEE',5,2100,5361);
INSERT INTO CALIBER_NOTE (NOTE_ID,NOTE_CONTENT,MAX_VISIBILITY,IS_QC_FEEDBACK,QC_STATUS,NOTE_TYPE,WEEK_NUMBER,BATCH_ID,TRAINEE_ID) values (5163,'No show!',2,0,null,'TRAINEE',5,2100,5450);
INSERT INTO CALIBER_NOTE (NOTE_ID,NOTE_CONTENT,MAX_VISIBILITY,IS_QC_FEEDBACK,QC_STATUS,NOTE_TYPE,WEEK_NUMBER,BATCH_ID,TRAINEE_ID) values (5164,null,2,0,null,'TRAINEE',5,2100,5453);
INSERT INTO CALIBER_NOTE (NOTE_ID,NOTE_CONTENT,MAX_VISIBILITY,IS_QC_FEEDBACK,QC_STATUS,NOTE_TYPE,WEEK_NUMBER,BATCH_ID,TRAINEE_ID) values (5165,null,2,0,null,'TRAINEE',5,2100,5402);
INSERT INTO CALIBER_NOTE (NOTE_ID,NOTE_CONTENT,MAX_VISIBILITY,IS_QC_FEEDBACK,QC_STATUS,NOTE_TYPE,WEEK_NUMBER,BATCH_ID,TRAINEE_ID) values (5166,'Completed JavaScript chess challenge!',2,0,null,'TRAINEE',5,2100,5455);
INSERT INTO CALIBER_NOTE (NOTE_ID,NOTE_CONTENT,MAX_VISIBILITY,IS_QC_FEEDBACK,QC_STATUS,NOTE_TYPE,WEEK_NUMBER,BATCH_ID,TRAINEE_ID) values (5202,'Very confident in interview',2,0,null,'TRAINEE',2,2150,5459);
INSERT INTO CALIBER_NOTE (NOTE_ID,NOTE_CONTENT,MAX_VISIBILITY,IS_QC_FEEDBACK,QC_STATUS,NOTE_TYPE,WEEK_NUMBER,BATCH_ID,TRAINEE_ID) values (5203,'Great week. Still a little nervous in interviews but making progress.',2,0,null,'TRAINEE',2,2150,5467);
INSERT INTO CALIBER_NOTE (NOTE_ID,NOTE_CONTENT,MAX_VISIBILITY,IS_QC_FEEDBACK,QC_STATUS,NOTE_TYPE,WEEK_NUMBER,BATCH_ID,TRAINEE_ID) values (5204,null,2,0,null,'TRAINEE',2,2150,5457);
INSERT INTO CALIBER_NOTE (NOTE_ID,NOTE_CONTENT,MAX_VISIBILITY,IS_QC_FEEDBACK,QC_STATUS,NOTE_TYPE,WEEK_NUMBER,BATCH_ID,TRAINEE_ID) values (5205,null,2,0,null,'TRAINEE',2,2150,5469);
INSERT INTO CALIBER_NOTE (NOTE_ID,NOTE_CONTENT,MAX_VISIBILITY,IS_QC_FEEDBACK,QC_STATUS,NOTE_TYPE,WEEK_NUMBER,BATCH_ID,TRAINEE_ID) values (5206,'Great confidence in the interview',2,0,null,'TRAINEE',2,2150,5462);
INSERT INTO CALIBER_NOTE (NOTE_ID,NOTE_CONTENT,MAX_VISIBILITY,IS_QC_FEEDBACK,QC_STATUS,NOTE_TYPE,WEEK_NUMBER,BATCH_ID,TRAINEE_ID) values (5207,'Issued final warning. He has been sleeping in class very often. I told him I expect a lot more especially when SQL is so easy to pick up and that his peers were significantly more prepared than he was.',2,0,null,'TRAINEE',2,2150,5470);
INSERT INTO CALIBER_NOTE (NOTE_ID,NOTE_CONTENT,MAX_VISIBILITY,IS_QC_FEEDBACK,QC_STATUS,NOTE_TYPE,WEEK_NUMBER,BATCH_ID,TRAINEE_ID) values (5208,null,2,0,null,'TRAINEE',2,2150,5463);
INSERT INTO CALIBER_NOTE (NOTE_ID,NOTE_CONTENT,MAX_VISIBILITY,IS_QC_FEEDBACK,QC_STATUS,NOTE_TYPE,WEEK_NUMBER,BATCH_ID,TRAINEE_ID) values (5209,null,2,0,null,'TRAINEE',2,2150,5466);
INSERT INTO CALIBER_NOTE (NOTE_ID,NOTE_CONTENT,MAX_VISIBILITY,IS_QC_FEEDBACK,QC_STATUS,NOTE_TYPE,WEEK_NUMBER,BATCH_ID,TRAINEE_ID) values (5210,null,2,0,null,'TRAINEE',2,2150,5461);
INSERT INTO CALIBER_NOTE (NOTE_ID,NOTE_CONTENT,MAX_VISIBILITY,IS_QC_FEEDBACK,QC_STATUS,NOTE_TYPE,WEEK_NUMBER,BATCH_ID,TRAINEE_ID) values (5211,null,2,0,null,'TRAINEE',2,2150,5468);
INSERT INTO CALIBER_NOTE (NOTE_ID,NOTE_CONTENT,MAX_VISIBILITY,IS_QC_FEEDBACK,QC_STATUS,NOTE_TYPE,WEEK_NUMBER,BATCH_ID,TRAINEE_ID) values (5212,null,2,0,null,'TRAINEE',2,2150,5456);
INSERT INTO CALIBER_NOTE (NOTE_ID,NOTE_CONTENT,MAX_VISIBILITY,IS_QC_FEEDBACK,QC_STATUS,NOTE_TYPE,WEEK_NUMBER,BATCH_ID,TRAINEE_ID) values (5213,null,2,0,null,'TRAINEE',2,2150,5464);
INSERT INTO CALIBER_NOTE (NOTE_ID,NOTE_CONTENT,MAX_VISIBILITY,IS_QC_FEEDBACK,QC_STATUS,NOTE_TYPE,WEEK_NUMBER,BATCH_ID,TRAINEE_ID) values (5214,null,2,0,null,'TRAINEE',2,2150,5458);
INSERT INTO CALIBER_NOTE (NOTE_ID,NOTE_CONTENT,MAX_VISIBILITY,IS_QC_FEEDBACK,QC_STATUS,NOTE_TYPE,WEEK_NUMBER,BATCH_ID,TRAINEE_ID) values (5218,null,2,0,null,'TRAINEE',3,2150,5463);
INSERT INTO CALIBER_NOTE (NOTE_ID,NOTE_CONTENT,MAX_VISIBILITY,IS_QC_FEEDBACK,QC_STATUS,NOTE_TYPE,WEEK_NUMBER,BATCH_ID,TRAINEE_ID) values (5219,null,2,0,null,'TRAINEE',3,2150,5473);
INSERT INTO CALIBER_NOTE (NOTE_ID,NOTE_CONTENT,MAX_VISIBILITY,IS_QC_FEEDBACK,QC_STATUS,NOTE_TYPE,WEEK_NUMBER,BATCH_ID,TRAINEE_ID) values (5220,null,2,0,null,'TRAINEE',3,2150,5461);
INSERT INTO CALIBER_NOTE (NOTE_ID,NOTE_CONTENT,MAX_VISIBILITY,IS_QC_FEEDBACK,QC_STATUS,NOTE_TYPE,WEEK_NUMBER,BATCH_ID,TRAINEE_ID) values (5221,null,2,0,null,'TRAINEE',3,2150,5457);
INSERT INTO CALIBER_NOTE (NOTE_ID,NOTE_CONTENT,MAX_VISIBILITY,IS_QC_FEEDBACK,QC_STATUS,NOTE_TYPE,WEEK_NUMBER,BATCH_ID,TRAINEE_ID) values (5222,null,2,0,null,'TRAINEE',3,2150,5460);
INSERT INTO CALIBER_NOTE (NOTE_ID,NOTE_CONTENT,MAX_VISIBILITY,IS_QC_FEEDBACK,QC_STATUS,NOTE_TYPE,WEEK_NUMBER,BATCH_ID,TRAINEE_ID) values (5223,null,2,0,null,'TRAINEE',3,2150,5456);
INSERT INTO CALIBER_NOTE (NOTE_ID,NOTE_CONTENT,MAX_VISIBILITY,IS_QC_FEEDBACK,QC_STATUS,NOTE_TYPE,WEEK_NUMBER,BATCH_ID,TRAINEE_ID) values (5224,null,2,0,null,'TRAINEE',3,2150,5458);
INSERT INTO CALIBER_NOTE (NOTE_ID,NOTE_CONTENT,MAX_VISIBILITY,IS_QC_FEEDBACK,QC_STATUS,NOTE_TYPE,WEEK_NUMBER,BATCH_ID,TRAINEE_ID) values (5225,null,2,0,null,'TRAINEE',3,2150,5465);
INSERT INTO CALIBER_NOTE (NOTE_ID,NOTE_CONTENT,MAX_VISIBILITY,IS_QC_FEEDBACK,QC_STATUS,NOTE_TYPE,WEEK_NUMBER,BATCH_ID,TRAINEE_ID) values (5227,null,2,0,null,'TRAINEE',2,2150,5540);
INSERT INTO CALIBER_NOTE (NOTE_ID,NOTE_CONTENT,MAX_VISIBILITY,IS_QC_FEEDBACK,QC_STATUS,NOTE_TYPE,WEEK_NUMBER,BATCH_ID,TRAINEE_ID) values (6053,'Does great with theory and interviews. Very slow in class and making slow progress on project. Still a good associate',2,0,null,'TRAINEE',4,2150,5468);
INSERT INTO CALIBER_NOTE (NOTE_ID,NOTE_CONTENT,MAX_VISIBILITY,IS_QC_FEEDBACK,QC_STATUS,NOTE_TYPE,WEEK_NUMBER,BATCH_ID,TRAINEE_ID) values (6054,null,2,0,null,'TRAINEE',5,2150,5463);
INSERT INTO CALIBER_NOTE (NOTE_ID,NOTE_CONTENT,MAX_VISIBILITY,IS_QC_FEEDBACK,QC_STATUS,NOTE_TYPE,WEEK_NUMBER,BATCH_ID,TRAINEE_ID) values (6068,'Given a final warning. She struggles in class and is slow in basic programming. Has trouble keeping up with the pace of learning alongside coding the project. She needs to complete more use cases on the team project this week.',2,0,null,'TRAINEE',6,2150,5468);
INSERT INTO CALIBER_NOTE (NOTE_ID,NOTE_CONTENT,MAX_VISIBILITY,IS_QC_FEEDBACK,QC_STATUS,NOTE_TYPE,WEEK_NUMBER,BATCH_ID,TRAINEE_ID) values (6069,null,2,0,null,'TRAINEE',6,2150,5463);
INSERT INTO CALIBER_NOTE (NOTE_ID,NOTE_CONTENT,MAX_VISIBILITY,IS_QC_FEEDBACK,QC_STATUS,NOTE_TYPE,WEEK_NUMBER,BATCH_ID,TRAINEE_ID) values (6070,null,2,0,null,'TRAINEE',6,2150,5461);
INSERT INTO CALIBER_NOTE (NOTE_ID,NOTE_CONTENT,MAX_VISIBILITY,IS_QC_FEEDBACK,QC_STATUS,NOTE_TYPE,WEEK_NUMBER,BATCH_ID,TRAINEE_ID) values (6071,null,2,0,null,'TRAINEE',6,2150,5457);
INSERT INTO CALIBER_NOTE (NOTE_ID,NOTE_CONTENT,MAX_VISIBILITY,IS_QC_FEEDBACK,QC_STATUS,NOTE_TYPE,WEEK_NUMBER,BATCH_ID,TRAINEE_ID) values (6072,null,2,0,null,'TRAINEE',6,2150,5460);
INSERT INTO CALIBER_NOTE (NOTE_ID,NOTE_CONTENT,MAX_VISIBILITY,IS_QC_FEEDBACK,QC_STATUS,NOTE_TYPE,WEEK_NUMBER,BATCH_ID,TRAINEE_ID) values (6073,null,2,0,null,'TRAINEE',6,2150,5456);
INSERT INTO CALIBER_NOTE (NOTE_ID,NOTE_CONTENT,MAX_VISIBILITY,IS_QC_FEEDBACK,QC_STATUS,NOTE_TYPE,WEEK_NUMBER,BATCH_ID,TRAINEE_ID) values (6074,null,2,0,null,'TRAINEE',6,2150,5458);
INSERT INTO CALIBER_NOTE (NOTE_ID,NOTE_CONTENT,MAX_VISIBILITY,IS_QC_FEEDBACK,QC_STATUS,NOTE_TYPE,WEEK_NUMBER,BATCH_ID,TRAINEE_ID) values (6075,null,2,0,null,'TRAINEE',6,2150,5465);
INSERT INTO CALIBER_NOTE (NOTE_ID,NOTE_CONTENT,MAX_VISIBILITY,IS_QC_FEEDBACK,QC_STATUS,NOTE_TYPE,WEEK_NUMBER,BATCH_ID,TRAINEE_ID) values (6076,null,2,0,null,'TRAINEE',6,2150,5466);
INSERT INTO CALIBER_NOTE (NOTE_ID,NOTE_CONTENT,MAX_VISIBILITY,IS_QC_FEEDBACK,QC_STATUS,NOTE_TYPE,WEEK_NUMBER,BATCH_ID,TRAINEE_ID) values (6077,null,2,0,null,'TRAINEE',6,2150,5467);
INSERT INTO CALIBER_NOTE (NOTE_ID,NOTE_CONTENT,MAX_VISIBILITY,IS_QC_FEEDBACK,QC_STATUS,NOTE_TYPE,WEEK_NUMBER,BATCH_ID,TRAINEE_ID) values (6078,null,2,0,null,'TRAINEE',6,2150,5459);
INSERT INTO CALIBER_NOTE (NOTE_ID,NOTE_CONTENT,MAX_VISIBILITY,IS_QC_FEEDBACK,QC_STATUS,NOTE_TYPE,WEEK_NUMBER,BATCH_ID,TRAINEE_ID) values (6079,null,2,0,null,'TRAINEE',6,2150,5464);
INSERT INTO CALIBER_NOTE (NOTE_ID,NOTE_CONTENT,MAX_VISIBILITY,IS_QC_FEEDBACK,QC_STATUS,NOTE_TYPE,WEEK_NUMBER,BATCH_ID,TRAINEE_ID) values (6080,null,2,0,null,'TRAINEE',6,2150,5462);
INSERT INTO CALIBER_NOTE (NOTE_ID,NOTE_CONTENT,MAX_VISIBILITY,IS_QC_FEEDBACK,QC_STATUS,NOTE_TYPE,WEEK_NUMBER,BATCH_ID,TRAINEE_ID) values (6081,null,2,0,null,'TRAINEE',6,2150,5540);
INSERT INTO CALIBER_NOTE (NOTE_ID,NOTE_CONTENT,MAX_VISIBILITY,IS_QC_FEEDBACK,QC_STATUS,NOTE_TYPE,WEEK_NUMBER,BATCH_ID,TRAINEE_ID) values (6360,'Weak',1,1,'Poor','QC_TRAINEE',1,null,5535);
INSERT INTO CALIBER_NOTE (NOTE_ID,NOTE_CONTENT,MAX_VISIBILITY,IS_QC_FEEDBACK,QC_STATUS,NOTE_TYPE,WEEK_NUMBER,BATCH_ID,TRAINEE_ID) values (6361,'Excellent, answering questions rest of batch cannot, volunteering alot',1,1,'Superstar','QC_TRAINEE',1,null,5534);
INSERT INTO CALIBER_NOTE (NOTE_ID,NOTE_CONTENT,MAX_VISIBILITY,IS_QC_FEEDBACK,QC_STATUS,NOTE_TYPE,WEEK_NUMBER,BATCH_ID,TRAINEE_ID) values (6362,'Average',1,1,'Average','QC_TRAINEE',1,null,5531);
INSERT INTO CALIBER_NOTE (NOTE_ID,NOTE_CONTENT,MAX_VISIBILITY,IS_QC_FEEDBACK,QC_STATUS,NOTE_TYPE,WEEK_NUMBER,BATCH_ID,TRAINEE_ID) values (6363,'Average',1,1,'Average','QC_TRAINEE',1,null,5536);
INSERT INTO CALIBER_NOTE (NOTE_ID,NOTE_CONTENT,MAX_VISIBILITY,IS_QC_FEEDBACK,QC_STATUS,NOTE_TYPE,WEEK_NUMBER,BATCH_ID,TRAINEE_ID) values (6364,'Average',1,1,'Average','QC_TRAINEE',1,null,5529);
INSERT INTO CALIBER_NOTE (NOTE_ID,NOTE_CONTENT,MAX_VISIBILITY,IS_QC_FEEDBACK,QC_STATUS,NOTE_TYPE,WEEK_NUMBER,BATCH_ID,TRAINEE_ID) values (6365,'Good, volunteering',1,1,'Good','QC_TRAINEE',1,null,5525);
INSERT INTO CALIBER_NOTE (NOTE_ID,NOTE_CONTENT,MAX_VISIBILITY,IS_QC_FEEDBACK,QC_STATUS,NOTE_TYPE,WEEK_NUMBER,BATCH_ID,TRAINEE_ID) values (6366,'Average',1,1,'Average','QC_TRAINEE',1,null,5527);
INSERT INTO CALIBER_NOTE (NOTE_ID,NOTE_CONTENT,MAX_VISIBILITY,IS_QC_FEEDBACK,QC_STATUS,NOTE_TYPE,WEEK_NUMBER,BATCH_ID,TRAINEE_ID) values (6367,'Average',1,1,'Average','QC_TRAINEE',1,null,5528);
INSERT INTO CALIBER_NOTE (NOTE_ID,NOTE_CONTENT,MAX_VISIBILITY,IS_QC_FEEDBACK,QC_STATUS,NOTE_TYPE,WEEK_NUMBER,BATCH_ID,TRAINEE_ID) values (6368,'Good',1,1,'Good','QC_TRAINEE',1,null,5533);
INSERT INTO CALIBER_NOTE (NOTE_ID,NOTE_CONTENT,MAX_VISIBILITY,IS_QC_FEEDBACK,QC_STATUS,NOTE_TYPE,WEEK_NUMBER,BATCH_ID,TRAINEE_ID) values (6369,'Covered: Core Java (excluding JDBC)
Not covered: Maven',1,1,'Good','QC_BATCH',1,2201,null);
INSERT INTO CALIBER_NOTE (NOTE_ID,NOTE_CONTENT,MAX_VISIBILITY,IS_QC_FEEDBACK,QC_STATUS,NOTE_TYPE,WEEK_NUMBER,BATCH_ID,TRAINEE_ID) values (6370,null,1,1,'Superstar','QC_TRAINEE',2,null,5534);
INSERT INTO CALIBER_NOTE (NOTE_ID,NOTE_CONTENT,MAX_VISIBILITY,IS_QC_FEEDBACK,QC_STATUS,NOTE_TYPE,WEEK_NUMBER,BATCH_ID,TRAINEE_ID) values (6371,'Average',1,1,'Good','QC_TRAINEE',1,null,5522);
INSERT INTO CALIBER_NOTE (NOTE_ID,NOTE_CONTENT,MAX_VISIBILITY,IS_QC_FEEDBACK,QC_STATUS,NOTE_TYPE,WEEK_NUMBER,BATCH_ID,TRAINEE_ID) values (6082,null,2,0,null,'TRAINEE',7,2150,5463);
INSERT INTO CALIBER_NOTE (NOTE_ID,NOTE_CONTENT,MAX_VISIBILITY,IS_QC_FEEDBACK,QC_STATUS,NOTE_TYPE,WEEK_NUMBER,BATCH_ID,TRAINEE_ID) values (6083,null,2,0,null,'TRAINEE',7,2150,5461);
INSERT INTO CALIBER_NOTE (NOTE_ID,NOTE_CONTENT,MAX_VISIBILITY,IS_QC_FEEDBACK,QC_STATUS,NOTE_TYPE,WEEK_NUMBER,BATCH_ID,TRAINEE_ID) values (6084,null,2,0,null,'TRAINEE',7,2150,5457);
INSERT INTO CALIBER_NOTE (NOTE_ID,NOTE_CONTENT,MAX_VISIBILITY,IS_QC_FEEDBACK,QC_STATUS,NOTE_TYPE,WEEK_NUMBER,BATCH_ID,TRAINEE_ID) values (6085,null,2,0,null,'TRAINEE',7,2150,5460);
INSERT INTO CALIBER_NOTE (NOTE_ID,NOTE_CONTENT,MAX_VISIBILITY,IS_QC_FEEDBACK,QC_STATUS,NOTE_TYPE,WEEK_NUMBER,BATCH_ID,TRAINEE_ID) values (6086,null,2,0,null,'TRAINEE',7,2150,5456);
INSERT INTO CALIBER_NOTE (NOTE_ID,NOTE_CONTENT,MAX_VISIBILITY,IS_QC_FEEDBACK,QC_STATUS,NOTE_TYPE,WEEK_NUMBER,BATCH_ID,TRAINEE_ID) values (6087,null,2,0,null,'TRAINEE',7,2150,5458);
INSERT INTO CALIBER_NOTE (NOTE_ID,NOTE_CONTENT,MAX_VISIBILITY,IS_QC_FEEDBACK,QC_STATUS,NOTE_TYPE,WEEK_NUMBER,BATCH_ID,TRAINEE_ID) values (6088,null,2,0,null,'TRAINEE',7,2150,5465);
INSERT INTO CALIBER_NOTE (NOTE_ID,NOTE_CONTENT,MAX_VISIBILITY,IS_QC_FEEDBACK,QC_STATUS,NOTE_TYPE,WEEK_NUMBER,BATCH_ID,TRAINEE_ID) values (6089,null,2,0,null,'TRAINEE',7,2150,5466);
INSERT INTO CALIBER_NOTE (NOTE_ID,NOTE_CONTENT,MAX_VISIBILITY,IS_QC_FEEDBACK,QC_STATUS,NOTE_TYPE,WEEK_NUMBER,BATCH_ID,TRAINEE_ID) values (6090,null,2,0,null,'TRAINEE',7,2150,5467);
INSERT INTO CALIBER_NOTE (NOTE_ID,NOTE_CONTENT,MAX_VISIBILITY,IS_QC_FEEDBACK,QC_STATUS,NOTE_TYPE,WEEK_NUMBER,BATCH_ID,TRAINEE_ID) values (6091,null,2,0,null,'TRAINEE',7,2150,5459);
INSERT INTO CALIBER_NOTE (NOTE_ID,NOTE_CONTENT,MAX_VISIBILITY,IS_QC_FEEDBACK,QC_STATUS,NOTE_TYPE,WEEK_NUMBER,BATCH_ID,TRAINEE_ID) values (6092,null,2,0,null,'TRAINEE',7,2150,5464);
INSERT INTO CALIBER_NOTE (NOTE_ID,NOTE_CONTENT,MAX_VISIBILITY,IS_QC_FEEDBACK,QC_STATUS,NOTE_TYPE,WEEK_NUMBER,BATCH_ID,TRAINEE_ID) values (6093,null,2,0,null,'TRAINEE',7,2150,5462);
INSERT INTO CALIBER_NOTE (NOTE_ID,NOTE_CONTENT,MAX_VISIBILITY,IS_QC_FEEDBACK,QC_STATUS,NOTE_TYPE,WEEK_NUMBER,BATCH_ID,TRAINEE_ID) values (6094,null,2,0,null,'TRAINEE',7,2150,5540);
INSERT INTO CALIBER_NOTE (NOTE_ID,NOTE_CONTENT,MAX_VISIBILITY,IS_QC_FEEDBACK,QC_STATUS,NOTE_TYPE,WEEK_NUMBER,BATCH_ID,TRAINEE_ID) values (6095,'Great technical skills and great confidence',2,0,null,'TRAINEE',1,2200,5506);
INSERT INTO CALIBER_NOTE (NOTE_ID,NOTE_CONTENT,MAX_VISIBILITY,IS_QC_FEEDBACK,QC_STATUS,NOTE_TYPE,WEEK_NUMBER,BATCH_ID,TRAINEE_ID) values (6096,'Great technical skills. Some anxiety during interview. Very active in class',2,0,null,'TRAINEE',1,2200,5503);
INSERT INTO CALIBER_NOTE (NOTE_ID,NOTE_CONTENT,MAX_VISIBILITY,IS_QC_FEEDBACK,QC_STATUS,NOTE_TYPE,WEEK_NUMBER,BATCH_ID,TRAINEE_ID) values (6097,'Dropped. Very poor technical skills and interview skills. Very anxious and not confident in interview. Confused many terms and significantly lacks technical depth in his answers. Very erratic behavior during interview',2,0,null,'TRAINEE',1,2200,5518);
INSERT INTO CALIBER_NOTE (NOTE_ID,NOTE_CONTENT,MAX_VISIBILITY,IS_QC_FEEDBACK,QC_STATUS,NOTE_TYPE,WEEK_NUMBER,BATCH_ID,TRAINEE_ID) values (6098,'Okay technical skills. Presentation and communication are great.',2,0,null,'TRAINEE',1,2200,5514);
INSERT INTO CALIBER_NOTE (NOTE_ID,NOTE_CONTENT,MAX_VISIBILITY,IS_QC_FEEDBACK,QC_STATUS,NOTE_TYPE,WEEK_NUMBER,BATCH_ID,TRAINEE_ID) values (6099,'Technical skills are good and communication and presentation is solid.',2,0,null,'TRAINEE',1,2200,5510);
INSERT INTO CALIBER_NOTE (NOTE_ID,NOTE_CONTENT,MAX_VISIBILITY,IS_QC_FEEDBACK,QC_STATUS,NOTE_TYPE,WEEK_NUMBER,BATCH_ID,TRAINEE_ID) values (6100,'Great technical skills. Needs to grow his confidence',2,0,null,'TRAINEE',1,2200,5504);
INSERT INTO CALIBER_NOTE (NOTE_ID,NOTE_CONTENT,MAX_VISIBILITY,IS_QC_FEEDBACK,QC_STATUS,NOTE_TYPE,WEEK_NUMBER,BATCH_ID,TRAINEE_ID) values (6101,'Nervous during interview. Technical skills are okay. Giving warning',2,0,null,'TRAINEE',1,2200,5511);
INSERT INTO CALIBER_NOTE (NOTE_ID,NOTE_CONTENT,MAX_VISIBILITY,IS_QC_FEEDBACK,QC_STATUS,NOTE_TYPE,WEEK_NUMBER,BATCH_ID,TRAINEE_ID) values (6102,'Technical skills are okay and communication and presentation are well. Giving warning to step up technical skills',2,0,null,'TRAINEE',1,2200,5513);
INSERT INTO CALIBER_NOTE (NOTE_ID,NOTE_CONTENT,MAX_VISIBILITY,IS_QC_FEEDBACK,QC_STATUS,NOTE_TYPE,WEEK_NUMBER,BATCH_ID,TRAINEE_ID) values (6103,'Good technical skills and communication',2,0,null,'TRAINEE',1,2200,5507);
INSERT INTO CALIBER_NOTE (NOTE_ID,NOTE_CONTENT,MAX_VISIBILITY,IS_QC_FEEDBACK,QC_STATUS,NOTE_TYPE,WEEK_NUMBER,BATCH_ID,TRAINEE_ID) values (6104,'Technical skills are okay. Communication is okay.',2,0,null,'TRAINEE',1,2200,5515);
INSERT INTO CALIBER_NOTE (NOTE_ID,NOTE_CONTENT,MAX_VISIBILITY,IS_QC_FEEDBACK,QC_STATUS,NOTE_TYPE,WEEK_NUMBER,BATCH_ID,TRAINEE_ID) values (6105,'Good technical skills. Communication and presentation is good.',2,0,null,'TRAINEE',1,2200,5509);
INSERT INTO CALIBER_NOTE (NOTE_ID,NOTE_CONTENT,MAX_VISIBILITY,IS_QC_FEEDBACK,QC_STATUS,NOTE_TYPE,WEEK_NUMBER,BATCH_ID,TRAINEE_ID) values (6106,'Great communication and technical skills. Participates very often in class',2,0,null,'TRAINEE',1,2200,5517);
INSERT INTO CALIBER_NOTE (NOTE_ID,NOTE_CONTENT,MAX_VISIBILITY,IS_QC_FEEDBACK,QC_STATUS,NOTE_TYPE,WEEK_NUMBER,BATCH_ID,TRAINEE_ID) values (6107,'Communcation is unclear at times. Fantastic technical skills',2,0,null,'TRAINEE',1,2200,5512);
INSERT INTO CALIBER_NOTE (NOTE_ID,NOTE_CONTENT,MAX_VISIBILITY,IS_QC_FEEDBACK,QC_STATUS,NOTE_TYPE,WEEK_NUMBER,BATCH_ID,TRAINEE_ID) values (6108,'Technical depth lacking. Great communication and presentation. Giving warning',2,0,null,'TRAINEE',1,2200,5519);
INSERT INTO CALIBER_NOTE (NOTE_ID,NOTE_CONTENT,MAX_VISIBILITY,IS_QC_FEEDBACK,QC_STATUS,NOTE_TYPE,WEEK_NUMBER,BATCH_ID,TRAINEE_ID) values (6109,'Sharp technical and communication skills. High confidence',2,0,null,'TRAINEE',1,2200,5505);
INSERT INTO CALIBER_NOTE (NOTE_ID,NOTE_CONTENT,MAX_VISIBILITY,IS_QC_FEEDBACK,QC_STATUS,NOTE_TYPE,WEEK_NUMBER,BATCH_ID,TRAINEE_ID) values (6110,'Good technical and communication skills. Solid presentation',2,0,null,'TRAINEE',1,2200,5508);
INSERT INTO CALIBER_NOTE (NOTE_ID,NOTE_CONTENT,MAX_VISIBILITY,IS_QC_FEEDBACK,QC_STATUS,NOTE_TYPE,WEEK_NUMBER,BATCH_ID,TRAINEE_ID) values (6111,'Okay technical skills though he is very quiet and lacks confidence so far.',2,0,null,'TRAINEE',1,2200,5516);
INSERT INTO CALIBER_NOTE (NOTE_ID,NOTE_CONTENT,MAX_VISIBILITY,IS_QC_FEEDBACK,QC_STATUS,NOTE_TYPE,WEEK_NUMBER,BATCH_ID,TRAINEE_ID) values (6112,'Excellent in test and verbal',2,0,null,'TRAINEE',2,2200,5506);
INSERT INTO CALIBER_NOTE (NOTE_ID,NOTE_CONTENT,MAX_VISIBILITY,IS_QC_FEEDBACK,QC_STATUS,NOTE_TYPE,WEEK_NUMBER,BATCH_ID,TRAINEE_ID) values (6113,'Technically stellar! Social behavior is a little strange at times and presentation may be an issue.',2,0,null,'TRAINEE',2,2200,5503);
INSERT INTO CALIBER_NOTE (NOTE_ID,NOTE_CONTENT,MAX_VISIBILITY,IS_QC_FEEDBACK,QC_STATUS,NOTE_TYPE,WEEK_NUMBER,BATCH_ID,TRAINEE_ID) values (6114,'Saw improvements over last week. Good work',2,0,null,'TRAINEE',2,2200,5514);
INSERT INTO CALIBER_NOTE (NOTE_ID,NOTE_CONTENT,MAX_VISIBILITY,IS_QC_FEEDBACK,QC_STATUS,NOTE_TYPE,WEEK_NUMBER,BATCH_ID,TRAINEE_ID) values (6115,'Good job',2,0,null,'TRAINEE',2,2200,5510);
INSERT INTO CALIBER_NOTE (NOTE_ID,NOTE_CONTENT,MAX_VISIBILITY,IS_QC_FEEDBACK,QC_STATUS,NOTE_TYPE,WEEK_NUMBER,BATCH_ID,TRAINEE_ID) values (6116,'Did well this week but suffered on the test. Gave encouragement',2,0,null,'TRAINEE',2,2200,5504);
INSERT INTO CALIBER_NOTE (NOTE_ID,NOTE_CONTENT,MAX_VISIBILITY,IS_QC_FEEDBACK,QC_STATUS,NOTE_TYPE,WEEK_NUMBER,BATCH_ID,TRAINEE_ID) values (6117,'Good. Needs work on confidence during interview',2,0,null,'TRAINEE',2,2200,5511);
INSERT INTO CALIBER_NOTE (NOTE_ID,NOTE_CONTENT,MAX_VISIBILITY,IS_QC_FEEDBACK,QC_STATUS,NOTE_TYPE,WEEK_NUMBER,BATCH_ID,TRAINEE_ID) values (6118,'Saw improvements over last week. Needs work on confidence',2,0,null,'TRAINEE',2,2200,5513);
INSERT INTO CALIBER_NOTE (NOTE_ID,NOTE_CONTENT,MAX_VISIBILITY,IS_QC_FEEDBACK,QC_STATUS,NOTE_TYPE,WEEK_NUMBER,BATCH_ID,TRAINEE_ID) values (6119,'Excellent work as usual',2,0,null,'TRAINEE',2,2200,5507);
INSERT INTO CALIBER_NOTE (NOTE_ID,NOTE_CONTENT,MAX_VISIBILITY,IS_QC_FEEDBACK,QC_STATUS,NOTE_TYPE,WEEK_NUMBER,BATCH_ID,TRAINEE_ID) values (6120,'Significant improvements. Really did great on SQL',2,0,null,'TRAINEE',2,2200,5515);
INSERT INTO CALIBER_NOTE (NOTE_ID,NOTE_CONTENT,MAX_VISIBILITY,IS_QC_FEEDBACK,QC_STATUS,NOTE_TYPE,WEEK_NUMBER,BATCH_ID,TRAINEE_ID) values (6121,'Good on test. Needs work on interview and confidence',2,0,null,'TRAINEE',2,2200,5509);
INSERT INTO CALIBER_NOTE (NOTE_ID,NOTE_CONTENT,MAX_VISIBILITY,IS_QC_FEEDBACK,QC_STATUS,NOTE_TYPE,WEEK_NUMBER,BATCH_ID,TRAINEE_ID) values (6122,'Great as always',2,0,null,'TRAINEE',2,2200,5517);
INSERT INTO CALIBER_NOTE (NOTE_ID,NOTE_CONTENT,MAX_VISIBILITY,IS_QC_FEEDBACK,QC_STATUS,NOTE_TYPE,WEEK_NUMBER,BATCH_ID,TRAINEE_ID) values (6123,'Did well this week, but lacked depth in some of his answers',2,0,null,'TRAINEE',2,2200,5512);
INSERT INTO CALIBER_NOTE (NOTE_ID,NOTE_CONTENT,MAX_VISIBILITY,IS_QC_FEEDBACK,QC_STATUS,NOTE_TYPE,WEEK_NUMBER,BATCH_ID,TRAINEE_ID) values (6124,'Given a strict warning to bring scores up to at least 70. He did see improvements over last week''s score. But this score is low for SQL topic',2,0,null,'TRAINEE',2,2200,5519);
INSERT INTO CALIBER_NOTE (NOTE_ID,NOTE_CONTENT,MAX_VISIBILITY,IS_QC_FEEDBACK,QC_STATUS,NOTE_TYPE,WEEK_NUMBER,BATCH_ID,TRAINEE_ID) values (6125,'Excellent as always',2,0,null,'TRAINEE',2,2200,5505);
INSERT INTO CALIBER_NOTE (NOTE_ID,NOTE_CONTENT,MAX_VISIBILITY,IS_QC_FEEDBACK,QC_STATUS,NOTE_TYPE,WEEK_NUMBER,BATCH_ID,TRAINEE_ID) values (6126,'Very crisp interview skills and technical skills are great',2,0,null,'TRAINEE',2,2200,5508);
INSERT INTO CALIBER_NOTE (NOTE_ID,NOTE_CONTENT,MAX_VISIBILITY,IS_QC_FEEDBACK,QC_STATUS,NOTE_TYPE,WEEK_NUMBER,BATCH_ID,TRAINEE_ID) values (6127,'Good work',2,0,null,'TRAINEE',2,2200,5516);
INSERT INTO CALIBER_NOTE (NOTE_ID,NOTE_CONTENT,MAX_VISIBILITY,IS_QC_FEEDBACK,QC_STATUS,NOTE_TYPE,WEEK_NUMBER,BATCH_ID,TRAINEE_ID) values (6235,'Technically average. Hard to get a read on this guy.. He seems calm and professional',2,0,null,'TRAINEE',1,2201,5524);
INSERT INTO CALIBER_NOTE (NOTE_ID,NOTE_CONTENT,MAX_VISIBILITY,IS_QC_FEEDBACK,QC_STATUS,NOTE_TYPE,WEEK_NUMBER,BATCH_ID,TRAINEE_ID) values (6236,'Technically good. Clear communication and solid performance',2,0,null,'TRAINEE',1,2201,5539);
INSERT INTO CALIBER_NOTE (NOTE_ID,NOTE_CONTENT,MAX_VISIBILITY,IS_QC_FEEDBACK,QC_STATUS,NOTE_TYPE,WEEK_NUMBER,BATCH_ID,TRAINEE_ID) values (6237,'Great technical knowledge. Has an accent but speaks slowly and clearly, ensuring clear enunciation.',2,0,null,'TRAINEE',1,2201,5525);
INSERT INTO CALIBER_NOTE (NOTE_ID,NOTE_CONTENT,MAX_VISIBILITY,IS_QC_FEEDBACK,QC_STATUS,NOTE_TYPE,WEEK_NUMBER,BATCH_ID,TRAINEE_ID) values (6238,'Technically okay. Has clarity on some concepts and struggles with others.',2,0,null,'TRAINEE',1,2201,5527);
INSERT INTO CALIBER_NOTE (NOTE_ID,NOTE_CONTENT,MAX_VISIBILITY,IS_QC_FEEDBACK,QC_STATUS,NOTE_TYPE,WEEK_NUMBER,BATCH_ID,TRAINEE_ID) values (6239,'High confidence, and okay technically. Will do fine',2,0,null,'TRAINEE',1,2201,5538);
INSERT INTO CALIBER_NOTE (NOTE_ID,NOTE_CONTENT,MAX_VISIBILITY,IS_QC_FEEDBACK,QC_STATUS,NOTE_TYPE,WEEK_NUMBER,BATCH_ID,TRAINEE_ID) values (6240,'Average technical skills. Well-groomed and professional.',2,0,null,'TRAINEE',1,2201,5532);
INSERT INTO CALIBER_NOTE (NOTE_ID,NOTE_CONTENT,MAX_VISIBILITY,IS_QC_FEEDBACK,QC_STATUS,NOTE_TYPE,WEEK_NUMBER,BATCH_ID,TRAINEE_ID) values (6241,'Very very quiet. Disheveled during interview and coached him on that. Technically okay performance',2,0,null,'TRAINEE',1,2201,5536);
INSERT INTO CALIBER_NOTE (NOTE_ID,NOTE_CONTENT,MAX_VISIBILITY,IS_QC_FEEDBACK,QC_STATUS,NOTE_TYPE,WEEK_NUMBER,BATCH_ID,TRAINEE_ID) values (6242,'Technically okay. Very nervous in interview. Conducts self professionally',2,0,null,'TRAINEE',1,2201,5529);
INSERT INTO CALIBER_NOTE (NOTE_ID,NOTE_CONTENT,MAX_VISIBILITY,IS_QC_FEEDBACK,QC_STATUS,NOTE_TYPE,WEEK_NUMBER,BATCH_ID,TRAINEE_ID) values (6243,'Technically good. Has an accent.. He has a strong vocabulary but rushes and talks very fast. Coached him to help him polish his communication skills',2,0,null,'TRAINEE',1,2201,5522);
INSERT INTO CALIBER_NOTE (NOTE_ID,NOTE_CONTENT,MAX_VISIBILITY,IS_QC_FEEDBACK,QC_STATUS,NOTE_TYPE,WEEK_NUMBER,BATCH_ID,TRAINEE_ID) values (6244,'Technically good. Uses technical terms well.',2,0,null,'TRAINEE',1,2201,5528);
INSERT INTO CALIBER_NOTE (NOTE_ID,NOTE_CONTENT,MAX_VISIBILITY,IS_QC_FEEDBACK,QC_STATUS,NOTE_TYPE,WEEK_NUMBER,BATCH_ID,TRAINEE_ID) values (6245,'Technically average. Good professional communication and presentation.',2,0,null,'TRAINEE',1,2201,5526);
INSERT INTO CALIBER_NOTE (NOTE_ID,NOTE_CONTENT,MAX_VISIBILITY,IS_QC_FEEDBACK,QC_STATUS,NOTE_TYPE,WEEK_NUMBER,BATCH_ID,TRAINEE_ID) values (6246,'Definitely a superstar! Deep technical knowledge and good communication. Well-groomed and professional',2,0,null,'TRAINEE',1,2201,5534);
INSERT INTO CALIBER_NOTE (NOTE_ID,NOTE_CONTENT,MAX_VISIBILITY,IS_QC_FEEDBACK,QC_STATUS,NOTE_TYPE,WEEK_NUMBER,BATCH_ID,TRAINEE_ID) values (6247,'Technically good. Clear communication and very professional',2,0,null,'TRAINEE',1,2201,5530);
INSERT INTO CALIBER_NOTE (NOTE_ID,NOTE_CONTENT,MAX_VISIBILITY,IS_QC_FEEDBACK,QC_STATUS,NOTE_TYPE,WEEK_NUMBER,BATCH_ID,TRAINEE_ID) values (6248,'Technically weak. Poor confidence and poor performance on test and interviews. Giving final warning--must exceed 90 next week.',2,0,null,'TRAINEE',1,2201,5531);
INSERT INTO CALIBER_NOTE (NOTE_ID,NOTE_CONTENT,MAX_VISIBILITY,IS_QC_FEEDBACK,QC_STATUS,NOTE_TYPE,WEEK_NUMBER,BATCH_ID,TRAINEE_ID) values (6249,'Technically average. Struggled to explain some concepts.',2,0,null,'TRAINEE',1,2201,5535);
INSERT INTO CALIBER_NOTE (NOTE_ID,NOTE_CONTENT,MAX_VISIBILITY,IS_QC_FEEDBACK,QC_STATUS,NOTE_TYPE,WEEK_NUMBER,BATCH_ID,TRAINEE_ID) values (6250,'Technically great. Accent is very thick, and I coached him on speaking slowly and clearly to deliver his answers well',2,0,null,'TRAINEE',1,2201,5521);
INSERT INTO CALIBER_NOTE (NOTE_ID,NOTE_CONTENT,MAX_VISIBILITY,IS_QC_FEEDBACK,QC_STATUS,NOTE_TYPE,WEEK_NUMBER,BATCH_ID,TRAINEE_ID) values (6251,'Technically good. Solid performance and good professionalism',2,0,null,'TRAINEE',1,2201,5533);
INSERT INTO CALIBER_NOTE (NOTE_ID,NOTE_CONTENT,MAX_VISIBILITY,IS_QC_FEEDBACK,QC_STATUS,NOTE_TYPE,WEEK_NUMBER,BATCH_ID,TRAINEE_ID) values (6252,'Technically good. A little quiet and less aware of appearance. A little disheveled during interview.',2,0,null,'TRAINEE',1,2201,5537);
INSERT INTO CALIBER_NOTE (NOTE_ID,NOTE_CONTENT,MAX_VISIBILITY,IS_QC_FEEDBACK,QC_STATUS,NOTE_TYPE,WEEK_NUMBER,BATCH_ID,TRAINEE_ID) values (6271,'Good and confident in his answers',2,0,null,'TRAINEE',3,2201,5524);
INSERT INTO CALIBER_NOTE (NOTE_ID,NOTE_CONTENT,MAX_VISIBILITY,IS_QC_FEEDBACK,QC_STATUS,NOTE_TYPE,WEEK_NUMBER,BATCH_ID,TRAINEE_ID) values (6272,'Great technical skills and communication',2,0,null,'TRAINEE',3,2201,5539);
INSERT INTO CALIBER_NOTE (NOTE_ID,NOTE_CONTENT,MAX_VISIBILITY,IS_QC_FEEDBACK,QC_STATUS,NOTE_TYPE,WEEK_NUMBER,BATCH_ID,TRAINEE_ID) values (6273,'Okay but less clear on higher level questions. Seems to rely on memorization of the packet',2,0,null,'TRAINEE',3,2201,5525);
INSERT INTO CALIBER_NOTE (NOTE_ID,NOTE_CONTENT,MAX_VISIBILITY,IS_QC_FEEDBACK,QC_STATUS,NOTE_TYPE,WEEK_NUMBER,BATCH_ID,TRAINEE_ID) values (6274,'Struggled a little but seemed confident in his answers',2,0,null,'TRAINEE',3,2201,5527);
INSERT INTO CALIBER_NOTE (NOTE_ID,NOTE_CONTENT,MAX_VISIBILITY,IS_QC_FEEDBACK,QC_STATUS,NOTE_TYPE,WEEK_NUMBER,BATCH_ID,TRAINEE_ID) values (6275,'Confident but has gaps in knowledge',2,0,null,'TRAINEE',3,2201,5538);
INSERT INTO CALIBER_NOTE (NOTE_ID,NOTE_CONTENT,MAX_VISIBILITY,IS_QC_FEEDBACK,QC_STATUS,NOTE_TYPE,WEEK_NUMBER,BATCH_ID,TRAINEE_ID) values (6276,'Good. Confident in the interview and good progress on project',2,0,null,'TRAINEE',3,2201,5532);
INSERT INTO CALIBER_NOTE (NOTE_ID,NOTE_CONTENT,MAX_VISIBILITY,IS_QC_FEEDBACK,QC_STATUS,NOTE_TYPE,WEEK_NUMBER,BATCH_ID,TRAINEE_ID) values (6277,'Good and has good progress on project',2,0,null,'TRAINEE',3,2201,5536);
INSERT INTO CALIBER_NOTE (NOTE_ID,NOTE_CONTENT,MAX_VISIBILITY,IS_QC_FEEDBACK,QC_STATUS,NOTE_TYPE,WEEK_NUMBER,BATCH_ID,TRAINEE_ID) values (6278,'Good but has moments where answers draw blank',2,0,null,'TRAINEE',3,2201,5529);
INSERT INTO CALIBER_NOTE (NOTE_ID,NOTE_CONTENT,MAX_VISIBILITY,IS_QC_FEEDBACK,QC_STATUS,NOTE_TYPE,WEEK_NUMBER,BATCH_ID,TRAINEE_ID) values (6279,'Dropped. Technically very below average along with poor communication',2,0,null,'TRAINEE',3,2201,5522);
INSERT INTO CALIBER_NOTE (NOTE_ID,NOTE_CONTENT,MAX_VISIBILITY,IS_QC_FEEDBACK,QC_STATUS,NOTE_TYPE,WEEK_NUMBER,BATCH_ID,TRAINEE_ID) values (6280,'Great technical knowledge and clearly communicated a mastery in this week''s topics',2,0,null,'TRAINEE',3,2201,5528);
INSERT INTO CALIBER_NOTE (NOTE_ID,NOTE_CONTENT,MAX_VISIBILITY,IS_QC_FEEDBACK,QC_STATUS,NOTE_TYPE,WEEK_NUMBER,BATCH_ID,TRAINEE_ID) values (6281,'Good. Confident and clear answers',2,0,null,'TRAINEE',3,2201,5526);
INSERT INTO CALIBER_NOTE (NOTE_ID,NOTE_CONTENT,MAX_VISIBILITY,IS_QC_FEEDBACK,QC_STATUS,NOTE_TYPE,WEEK_NUMBER,BATCH_ID,TRAINEE_ID) values (6282,'Fantastic work and deep knowledge',2,0,null,'TRAINEE',3,2201,5534);
INSERT INTO CALIBER_NOTE (NOTE_ID,NOTE_CONTENT,MAX_VISIBILITY,IS_QC_FEEDBACK,QC_STATUS,NOTE_TYPE,WEEK_NUMBER,BATCH_ID,TRAINEE_ID) values (6283,'Technically okay. Struggled a little.. Something might be holding him back',2,0,null,'TRAINEE',3,2201,5530);
INSERT INTO CALIBER_NOTE (NOTE_ID,NOTE_CONTENT,MAX_VISIBILITY,IS_QC_FEEDBACK,QC_STATUS,NOTE_TYPE,WEEK_NUMBER,BATCH_ID,TRAINEE_ID) values (6284,'Borderline. Unclear on many topics, but has moments of clarity. Project is lagging behind',2,0,null,'TRAINEE',3,2201,5531);
INSERT INTO CALIBER_NOTE (NOTE_ID,NOTE_CONTENT,MAX_VISIBILITY,IS_QC_FEEDBACK,QC_STATUS,NOTE_TYPE,WEEK_NUMBER,BATCH_ID,TRAINEE_ID) values (6285,'Good knowledge but very quiet and less confident',2,0,null,'TRAINEE',3,2201,5535);
INSERT INTO CALIBER_NOTE (NOTE_ID,NOTE_CONTENT,MAX_VISIBILITY,IS_QC_FEEDBACK,QC_STATUS,NOTE_TYPE,WEEK_NUMBER,BATCH_ID,TRAINEE_ID) values (6286,'Dropped. Technically is okay. Communication is very poor.',2,0,null,'TRAINEE',3,2201,5521);
INSERT INTO CALIBER_NOTE (NOTE_ID,NOTE_CONTENT,MAX_VISIBILITY,IS_QC_FEEDBACK,QC_STATUS,NOTE_TYPE,WEEK_NUMBER,BATCH_ID,TRAINEE_ID) values (6287,'Fantastic work and deep technical knowledge',2,0,null,'TRAINEE',3,2201,5533);
INSERT INTO CALIBER_NOTE (NOTE_ID,NOTE_CONTENT,MAX_VISIBILITY,IS_QC_FEEDBACK,QC_STATUS,NOTE_TYPE,WEEK_NUMBER,BATCH_ID,TRAINEE_ID) values (6288,'Quiet and less confident. Seems to have ability in JSP/Servlet',2,0,null,'TRAINEE',3,2201,5537);
INSERT INTO CALIBER_NOTE (NOTE_ID,NOTE_CONTENT,MAX_VISIBILITY,IS_QC_FEEDBACK,QC_STATUS,NOTE_TYPE,WEEK_NUMBER,BATCH_ID,TRAINEE_ID) values (6146,'Solid and steady performance',2,0,null,'TRAINEE',4,2200,5514);
INSERT INTO CALIBER_NOTE (NOTE_ID,NOTE_CONTENT,MAX_VISIBILITY,IS_QC_FEEDBACK,QC_STATUS,NOTE_TYPE,WEEK_NUMBER,BATCH_ID,TRAINEE_ID) values (6147,'Good consistent performance',2,0,null,'TRAINEE',4,2200,5510);
INSERT INTO CALIBER_NOTE (NOTE_ID,NOTE_CONTENT,MAX_VISIBILITY,IS_QC_FEEDBACK,QC_STATUS,NOTE_TYPE,WEEK_NUMBER,BATCH_ID,TRAINEE_ID) values (6148,'Seems to be sliding off a little',2,0,null,'TRAINEE',4,2200,5504);
INSERT INTO CALIBER_NOTE (NOTE_ID,NOTE_CONTENT,MAX_VISIBILITY,IS_QC_FEEDBACK,QC_STATUS,NOTE_TYPE,WEEK_NUMBER,BATCH_ID,TRAINEE_ID) values (6149,'The best improvement made since week 1! Outstanding progress and has quickly gotten back on track',2,0,null,'TRAINEE',4,2200,5511);
INSERT INTO CALIBER_NOTE (NOTE_ID,NOTE_CONTENT,MAX_VISIBILITY,IS_QC_FEEDBACK,QC_STATUS,NOTE_TYPE,WEEK_NUMBER,BATCH_ID,TRAINEE_ID) values (6150,'Performance is slipping. Had a conversation with him to bring up his scores and make progress on project. If next week does not improve to 75+, we will issue a final warning.',2,0,null,'TRAINEE',4,2200,5513);
INSERT INTO CALIBER_NOTE (NOTE_ID,NOTE_CONTENT,MAX_VISIBILITY,IS_QC_FEEDBACK,QC_STATUS,NOTE_TYPE,WEEK_NUMBER,BATCH_ID,TRAINEE_ID) values (6151,'Great technical and comm skills',2,0,null,'TRAINEE',4,2200,5507);
INSERT INTO CALIBER_NOTE (NOTE_ID,NOTE_CONTENT,MAX_VISIBILITY,IS_QC_FEEDBACK,QC_STATUS,NOTE_TYPE,WEEK_NUMBER,BATCH_ID,TRAINEE_ID) values (6152,'Great interviews and good progress on his project',2,0,null,'TRAINEE',4,2200,5515);
INSERT INTO CALIBER_NOTE (NOTE_ID,NOTE_CONTENT,MAX_VISIBILITY,IS_QC_FEEDBACK,QC_STATUS,NOTE_TYPE,WEEK_NUMBER,BATCH_ID,TRAINEE_ID) values (6153,'Doing well in the training',2,0,null,'TRAINEE',4,2200,5509);
INSERT INTO CALIBER_NOTE (NOTE_ID,NOTE_CONTENT,MAX_VISIBILITY,IS_QC_FEEDBACK,QC_STATUS,NOTE_TYPE,WEEK_NUMBER,BATCH_ID,TRAINEE_ID) values (6154,'Perfect! Already finished his project and working help others. Extremely solid understanding in all technologies covered so far.',2,0,null,'TRAINEE',4,2200,5517);
INSERT INTO CALIBER_NOTE (NOTE_ID,NOTE_CONTENT,MAX_VISIBILITY,IS_QC_FEEDBACK,QC_STATUS,NOTE_TYPE,WEEK_NUMBER,BATCH_ID,TRAINEE_ID) values (6155,'Comm skills and technical skills seem weaker this week. Needs improvement on JSP servlet',2,0,null,'TRAINEE',4,2200,5512);
INSERT INTO CALIBER_NOTE (NOTE_ID,NOTE_CONTENT,MAX_VISIBILITY,IS_QC_FEEDBACK,QC_STATUS,NOTE_TYPE,WEEK_NUMBER,BATCH_ID,TRAINEE_ID) values (6156,'Dropped. Did not meet expectation as per our last conversation. Still confuses many terms and concepts. Can give basic definition but follow-up questions reveal no technical knowledge',2,0,null,'TRAINEE',4,2200,5519);
INSERT INTO CALIBER_NOTE (NOTE_ID,NOTE_CONTENT,MAX_VISIBILITY,IS_QC_FEEDBACK,QC_STATUS,NOTE_TYPE,WEEK_NUMBER,BATCH_ID,TRAINEE_ID) values (6157,'Great as always',2,0,null,'TRAINEE',4,2200,5505);
INSERT INTO CALIBER_NOTE (NOTE_ID,NOTE_CONTENT,MAX_VISIBILITY,IS_QC_FEEDBACK,QC_STATUS,NOTE_TYPE,WEEK_NUMBER,BATCH_ID,TRAINEE_ID) values (6158,'Interviews and project are outstanding. Impeccible comm skills. Tests are his weakness so far',2,0,null,'TRAINEE',4,2200,5508);
INSERT INTO CALIBER_NOTE (NOTE_ID,NOTE_CONTENT,MAX_VISIBILITY,IS_QC_FEEDBACK,QC_STATUS,NOTE_TYPE,WEEK_NUMBER,BATCH_ID,TRAINEE_ID) values (6159,'Doing well, just needs to improve coding skills. Tests and interviews are well',2,0,null,'TRAINEE',4,2200,5516);
INSERT INTO CALIBER_NOTE (NOTE_ID,NOTE_CONTENT,MAX_VISIBILITY,IS_QC_FEEDBACK,QC_STATUS,NOTE_TYPE,WEEK_NUMBER,BATCH_ID,TRAINEE_ID) values (6175,'Good',2,0,null,'TRAINEE',6,2200,5506);
INSERT INTO CALIBER_NOTE (NOTE_ID,NOTE_CONTENT,MAX_VISIBILITY,IS_QC_FEEDBACK,QC_STATUS,NOTE_TYPE,WEEK_NUMBER,BATCH_ID,TRAINEE_ID) values (6176,'Good. Does not seem to have good rapport with classmates',2,0,null,'TRAINEE',6,2200,5503);
INSERT INTO CALIBER_NOTE (NOTE_ID,NOTE_CONTENT,MAX_VISIBILITY,IS_QC_FEEDBACK,QC_STATUS,NOTE_TYPE,WEEK_NUMBER,BATCH_ID,TRAINEE_ID) values (6177,'Good',2,0,null,'TRAINEE',6,2200,5514);
INSERT INTO CALIBER_NOTE (NOTE_ID,NOTE_CONTENT,MAX_VISIBILITY,IS_QC_FEEDBACK,QC_STATUS,NOTE_TYPE,WEEK_NUMBER,BATCH_ID,TRAINEE_ID) values (6178,'Okay this week. Needs more positive reassurance',2,0,null,'TRAINEE',6,2200,5510);
INSERT INTO CALIBER_NOTE (NOTE_ID,NOTE_CONTENT,MAX_VISIBILITY,IS_QC_FEEDBACK,QC_STATUS,NOTE_TYPE,WEEK_NUMBER,BATCH_ID,TRAINEE_ID) values (6179,'Good. Interview responses could be more concise',2,0,null,'TRAINEE',6,2200,5504);
INSERT INTO CALIBER_NOTE (NOTE_ID,NOTE_CONTENT,MAX_VISIBILITY,IS_QC_FEEDBACK,QC_STATUS,NOTE_TYPE,WEEK_NUMBER,BATCH_ID,TRAINEE_ID) values (6180,'Great. Very pleased with his increased performance',2,0,null,'TRAINEE',6,2200,5511);
INSERT INTO CALIBER_NOTE (NOTE_ID,NOTE_CONTENT,MAX_VISIBILITY,IS_QC_FEEDBACK,QC_STATUS,NOTE_TYPE,WEEK_NUMBER,BATCH_ID,TRAINEE_ID) values (6181,'Not good week. Unclear during interview and did not finish project',2,0,null,'TRAINEE',6,2200,5513);
INSERT INTO CALIBER_NOTE (NOTE_ID,NOTE_CONTENT,MAX_VISIBILITY,IS_QC_FEEDBACK,QC_STATUS,NOTE_TYPE,WEEK_NUMBER,BATCH_ID,TRAINEE_ID) values (6182,'Good. Unclear during interview',2,0,null,'TRAINEE',6,2200,5507);
INSERT INTO CALIBER_NOTE (NOTE_ID,NOTE_CONTENT,MAX_VISIBILITY,IS_QC_FEEDBACK,QC_STATUS,NOTE_TYPE,WEEK_NUMBER,BATCH_ID,TRAINEE_ID) values (6183,'Great as usual. Refactored project to use primarily Ajax!',2,0,null,'TRAINEE',6,2200,5515);
INSERT INTO CALIBER_NOTE (NOTE_ID,NOTE_CONTENT,MAX_VISIBILITY,IS_QC_FEEDBACK,QC_STATUS,NOTE_TYPE,WEEK_NUMBER,BATCH_ID,TRAINEE_ID) values (6184,'Good',2,0,null,'TRAINEE',6,2200,5509);
INSERT INTO CALIBER_NOTE (NOTE_ID,NOTE_CONTENT,MAX_VISIBILITY,IS_QC_FEEDBACK,QC_STATUS,NOTE_TYPE,WEEK_NUMBER,BATCH_ID,TRAINEE_ID) values (6185,'Great as usual',2,0,null,'TRAINEE',6,2200,5517);
INSERT INTO CALIBER_NOTE (NOTE_ID,NOTE_CONTENT,MAX_VISIBILITY,IS_QC_FEEDBACK,QC_STATUS,NOTE_TYPE,WEEK_NUMBER,BATCH_ID,TRAINEE_ID) values (6186,'Good',2,0,null,'TRAINEE',6,2200,5512);
INSERT INTO CALIBER_NOTE (NOTE_ID,NOTE_CONTENT,MAX_VISIBILITY,IS_QC_FEEDBACK,QC_STATUS,NOTE_TYPE,WEEK_NUMBER,BATCH_ID,TRAINEE_ID) values (6187,'Good',2,0,null,'TRAINEE',6,2200,5505);
INSERT INTO CALIBER_NOTE (NOTE_ID,NOTE_CONTENT,MAX_VISIBILITY,IS_QC_FEEDBACK,QC_STATUS,NOTE_TYPE,WEEK_NUMBER,BATCH_ID,TRAINEE_ID) values (6188,'Good',2,0,null,'TRAINEE',6,2200,5508);
INSERT INTO CALIBER_NOTE (NOTE_ID,NOTE_CONTENT,MAX_VISIBILITY,IS_QC_FEEDBACK,QC_STATUS,NOTE_TYPE,WEEK_NUMBER,BATCH_ID,TRAINEE_ID) values (6189,'Not good week. Unclear during interview and did not finish project',2,0,null,'TRAINEE',6,2200,5516);
INSERT INTO CALIBER_NOTE (NOTE_ID,NOTE_CONTENT,MAX_VISIBILITY,IS_QC_FEEDBACK,QC_STATUS,NOTE_TYPE,WEEK_NUMBER,BATCH_ID,TRAINEE_ID) values (6190,null,2,0,null,'TRAINEE',7,2200,5506);
INSERT INTO CALIBER_NOTE (NOTE_ID,NOTE_CONTENT,MAX_VISIBILITY,IS_QC_FEEDBACK,QC_STATUS,NOTE_TYPE,WEEK_NUMBER,BATCH_ID,TRAINEE_ID) values (6191,null,2,0,null,'TRAINEE',7,2200,5503);
INSERT INTO CALIBER_NOTE (NOTE_ID,NOTE_CONTENT,MAX_VISIBILITY,IS_QC_FEEDBACK,QC_STATUS,NOTE_TYPE,WEEK_NUMBER,BATCH_ID,TRAINEE_ID) values (6192,null,2,0,null,'TRAINEE',7,2200,5514);
INSERT INTO CALIBER_NOTE (NOTE_ID,NOTE_CONTENT,MAX_VISIBILITY,IS_QC_FEEDBACK,QC_STATUS,NOTE_TYPE,WEEK_NUMBER,BATCH_ID,TRAINEE_ID) values (6193,null,2,0,null,'TRAINEE',7,2200,5510);
INSERT INTO CALIBER_NOTE (NOTE_ID,NOTE_CONTENT,MAX_VISIBILITY,IS_QC_FEEDBACK,QC_STATUS,NOTE_TYPE,WEEK_NUMBER,BATCH_ID,TRAINEE_ID) values (6194,null,2,0,null,'TRAINEE',7,2200,5504);
INSERT INTO CALIBER_NOTE (NOTE_ID,NOTE_CONTENT,MAX_VISIBILITY,IS_QC_FEEDBACK,QC_STATUS,NOTE_TYPE,WEEK_NUMBER,BATCH_ID,TRAINEE_ID) values (6195,null,2,0,null,'TRAINEE',7,2200,5511);
INSERT INTO CALIBER_NOTE (NOTE_ID,NOTE_CONTENT,MAX_VISIBILITY,IS_QC_FEEDBACK,QC_STATUS,NOTE_TYPE,WEEK_NUMBER,BATCH_ID,TRAINEE_ID) values (6196,null,2,0,null,'TRAINEE',7,2200,5513);
INSERT INTO CALIBER_NOTE (NOTE_ID,NOTE_CONTENT,MAX_VISIBILITY,IS_QC_FEEDBACK,QC_STATUS,NOTE_TYPE,WEEK_NUMBER,BATCH_ID,TRAINEE_ID) values (6197,null,2,0,null,'TRAINEE',7,2200,5507);
INSERT INTO CALIBER_NOTE (NOTE_ID,NOTE_CONTENT,MAX_VISIBILITY,IS_QC_FEEDBACK,QC_STATUS,NOTE_TYPE,WEEK_NUMBER,BATCH_ID,TRAINEE_ID) values (6198,null,2,0,null,'TRAINEE',7,2200,5515);
INSERT INTO CALIBER_NOTE (NOTE_ID,NOTE_CONTENT,MAX_VISIBILITY,IS_QC_FEEDBACK,QC_STATUS,NOTE_TYPE,WEEK_NUMBER,BATCH_ID,TRAINEE_ID) values (6199,null,2,0,null,'TRAINEE',7,2200,5509);
INSERT INTO CALIBER_NOTE (NOTE_ID,NOTE_CONTENT,MAX_VISIBILITY,IS_QC_FEEDBACK,QC_STATUS,NOTE_TYPE,WEEK_NUMBER,BATCH_ID,TRAINEE_ID) values (6200,null,2,0,null,'TRAINEE',7,2200,5517);
INSERT INTO CALIBER_NOTE (NOTE_ID,NOTE_CONTENT,MAX_VISIBILITY,IS_QC_FEEDBACK,QC_STATUS,NOTE_TYPE,WEEK_NUMBER,BATCH_ID,TRAINEE_ID) values (6201,null,2,0,null,'TRAINEE',7,2200,5512);
INSERT INTO CALIBER_NOTE (NOTE_ID,NOTE_CONTENT,MAX_VISIBILITY,IS_QC_FEEDBACK,QC_STATUS,NOTE_TYPE,WEEK_NUMBER,BATCH_ID,TRAINEE_ID) values (6202,null,2,0,null,'TRAINEE',7,2200,5505);
INSERT INTO CALIBER_NOTE (NOTE_ID,NOTE_CONTENT,MAX_VISIBILITY,IS_QC_FEEDBACK,QC_STATUS,NOTE_TYPE,WEEK_NUMBER,BATCH_ID,TRAINEE_ID) values (6203,null,2,0,null,'TRAINEE',7,2200,5508);
INSERT INTO CALIBER_NOTE (NOTE_ID,NOTE_CONTENT,MAX_VISIBILITY,IS_QC_FEEDBACK,QC_STATUS,NOTE_TYPE,WEEK_NUMBER,BATCH_ID,TRAINEE_ID) values (6204,null,2,0,null,'TRAINEE',7,2200,5516);
INSERT INTO CALIBER_NOTE (NOTE_ID,NOTE_CONTENT,MAX_VISIBILITY,IS_QC_FEEDBACK,QC_STATUS,NOTE_TYPE,WEEK_NUMBER,BATCH_ID,TRAINEE_ID) values (6205,null,2,0,null,'TRAINEE',8,2200,5506);
INSERT INTO CALIBER_NOTE (NOTE_ID,NOTE_CONTENT,MAX_VISIBILITY,IS_QC_FEEDBACK,QC_STATUS,NOTE_TYPE,WEEK_NUMBER,BATCH_ID,TRAINEE_ID) values (6206,null,2,0,null,'TRAINEE',8,2200,5503);
INSERT INTO CALIBER_NOTE (NOTE_ID,NOTE_CONTENT,MAX_VISIBILITY,IS_QC_FEEDBACK,QC_STATUS,NOTE_TYPE,WEEK_NUMBER,BATCH_ID,TRAINEE_ID) values (6207,null,2,0,null,'TRAINEE',8,2200,5514);
INSERT INTO CALIBER_NOTE (NOTE_ID,NOTE_CONTENT,MAX_VISIBILITY,IS_QC_FEEDBACK,QC_STATUS,NOTE_TYPE,WEEK_NUMBER,BATCH_ID,TRAINEE_ID) values (6208,null,2,0,null,'TRAINEE',8,2200,5510);
INSERT INTO CALIBER_NOTE (NOTE_ID,NOTE_CONTENT,MAX_VISIBILITY,IS_QC_FEEDBACK,QC_STATUS,NOTE_TYPE,WEEK_NUMBER,BATCH_ID,TRAINEE_ID) values (6209,null,2,0,null,'TRAINEE',8,2200,5504);
INSERT INTO CALIBER_NOTE (NOTE_ID,NOTE_CONTENT,MAX_VISIBILITY,IS_QC_FEEDBACK,QC_STATUS,NOTE_TYPE,WEEK_NUMBER,BATCH_ID,TRAINEE_ID) values (6210,null,2,0,null,'TRAINEE',8,2200,5511);
INSERT INTO CALIBER_NOTE (NOTE_ID,NOTE_CONTENT,MAX_VISIBILITY,IS_QC_FEEDBACK,QC_STATUS,NOTE_TYPE,WEEK_NUMBER,BATCH_ID,TRAINEE_ID) values (6211,null,2,0,null,'TRAINEE',8,2200,5513);
INSERT INTO CALIBER_NOTE (NOTE_ID,NOTE_CONTENT,MAX_VISIBILITY,IS_QC_FEEDBACK,QC_STATUS,NOTE_TYPE,WEEK_NUMBER,BATCH_ID,TRAINEE_ID) values (6212,null,2,0,null,'TRAINEE',8,2200,5507);
INSERT INTO CALIBER_NOTE (NOTE_ID,NOTE_CONTENT,MAX_VISIBILITY,IS_QC_FEEDBACK,QC_STATUS,NOTE_TYPE,WEEK_NUMBER,BATCH_ID,TRAINEE_ID) values (6213,null,2,0,null,'TRAINEE',8,2200,5515);
INSERT INTO CALIBER_NOTE (NOTE_ID,NOTE_CONTENT,MAX_VISIBILITY,IS_QC_FEEDBACK,QC_STATUS,NOTE_TYPE,WEEK_NUMBER,BATCH_ID,TRAINEE_ID) values (6214,null,2,0,null,'TRAINEE',8,2200,5509);
INSERT INTO CALIBER_NOTE (NOTE_ID,NOTE_CONTENT,MAX_VISIBILITY,IS_QC_FEEDBACK,QC_STATUS,NOTE_TYPE,WEEK_NUMBER,BATCH_ID,TRAINEE_ID) values (6215,null,2,0,null,'TRAINEE',8,2200,5517);
INSERT INTO CALIBER_NOTE (NOTE_ID,NOTE_CONTENT,MAX_VISIBILITY,IS_QC_FEEDBACK,QC_STATUS,NOTE_TYPE,WEEK_NUMBER,BATCH_ID,TRAINEE_ID) values (6216,null,2,0,null,'TRAINEE',8,2200,5512);
INSERT INTO CALIBER_NOTE (NOTE_ID,NOTE_CONTENT,MAX_VISIBILITY,IS_QC_FEEDBACK,QC_STATUS,NOTE_TYPE,WEEK_NUMBER,BATCH_ID,TRAINEE_ID) values (6217,null,2,0,null,'TRAINEE',8,2200,5505);
INSERT INTO CALIBER_NOTE (NOTE_ID,NOTE_CONTENT,MAX_VISIBILITY,IS_QC_FEEDBACK,QC_STATUS,NOTE_TYPE,WEEK_NUMBER,BATCH_ID,TRAINEE_ID) values (6218,null,2,0,null,'TRAINEE',8,2200,5508);
INSERT INTO CALIBER_NOTE (NOTE_ID,NOTE_CONTENT,MAX_VISIBILITY,IS_QC_FEEDBACK,QC_STATUS,NOTE_TYPE,WEEK_NUMBER,BATCH_ID,TRAINEE_ID) values (6219,null,2,0,null,'TRAINEE',8,2200,5516);
INSERT INTO CALIBER_NOTE (NOTE_ID,NOTE_CONTENT,MAX_VISIBILITY,IS_QC_FEEDBACK,QC_STATUS,NOTE_TYPE,WEEK_NUMBER,BATCH_ID,TRAINEE_ID) values (6220,null,2,0,null,'TRAINEE',9,2200,5506);
INSERT INTO CALIBER_NOTE (NOTE_ID,NOTE_CONTENT,MAX_VISIBILITY,IS_QC_FEEDBACK,QC_STATUS,NOTE_TYPE,WEEK_NUMBER,BATCH_ID,TRAINEE_ID) values (6221,null,2,0,null,'TRAINEE',9,2200,5503);
INSERT INTO CALIBER_NOTE (NOTE_ID,NOTE_CONTENT,MAX_VISIBILITY,IS_QC_FEEDBACK,QC_STATUS,NOTE_TYPE,WEEK_NUMBER,BATCH_ID,TRAINEE_ID) values (6222,null,2,0,null,'TRAINEE',9,2200,5514);
INSERT INTO CALIBER_NOTE (NOTE_ID,NOTE_CONTENT,MAX_VISIBILITY,IS_QC_FEEDBACK,QC_STATUS,NOTE_TYPE,WEEK_NUMBER,BATCH_ID,TRAINEE_ID) values (6223,null,2,0,null,'TRAINEE',9,2200,5510);
INSERT INTO CALIBER_NOTE (NOTE_ID,NOTE_CONTENT,MAX_VISIBILITY,IS_QC_FEEDBACK,QC_STATUS,NOTE_TYPE,WEEK_NUMBER,BATCH_ID,TRAINEE_ID) values (6224,null,2,0,null,'TRAINEE',9,2200,5504);
INSERT INTO CALIBER_NOTE (NOTE_ID,NOTE_CONTENT,MAX_VISIBILITY,IS_QC_FEEDBACK,QC_STATUS,NOTE_TYPE,WEEK_NUMBER,BATCH_ID,TRAINEE_ID) values (6225,null,2,0,null,'TRAINEE',9,2200,5511);
INSERT INTO CALIBER_NOTE (NOTE_ID,NOTE_CONTENT,MAX_VISIBILITY,IS_QC_FEEDBACK,QC_STATUS,NOTE_TYPE,WEEK_NUMBER,BATCH_ID,TRAINEE_ID) values (6226,null,2,0,null,'TRAINEE',9,2200,5513);
INSERT INTO CALIBER_NOTE (NOTE_ID,NOTE_CONTENT,MAX_VISIBILITY,IS_QC_FEEDBACK,QC_STATUS,NOTE_TYPE,WEEK_NUMBER,BATCH_ID,TRAINEE_ID) values (6227,null,2,0,null,'TRAINEE',9,2200,5507);
INSERT INTO CALIBER_NOTE (NOTE_ID,NOTE_CONTENT,MAX_VISIBILITY,IS_QC_FEEDBACK,QC_STATUS,NOTE_TYPE,WEEK_NUMBER,BATCH_ID,TRAINEE_ID) values (6228,null,2,0,null,'TRAINEE',9,2200,5515);
INSERT INTO CALIBER_NOTE (NOTE_ID,NOTE_CONTENT,MAX_VISIBILITY,IS_QC_FEEDBACK,QC_STATUS,NOTE_TYPE,WEEK_NUMBER,BATCH_ID,TRAINEE_ID) values (6229,null,2,0,null,'TRAINEE',9,2200,5509);
INSERT INTO CALIBER_NOTE (NOTE_ID,NOTE_CONTENT,MAX_VISIBILITY,IS_QC_FEEDBACK,QC_STATUS,NOTE_TYPE,WEEK_NUMBER,BATCH_ID,TRAINEE_ID) values (6144,'Great job',2,0,null,'TRAINEE',4,2200,5506);
INSERT INTO CALIBER_NOTE (NOTE_ID,NOTE_CONTENT,MAX_VISIBILITY,IS_QC_FEEDBACK,QC_STATUS,NOTE_TYPE,WEEK_NUMBER,BATCH_ID,TRAINEE_ID) values (6145,'Good knowledge.',2,0,null,'TRAINEE',4,2200,5503);
INSERT INTO CALIBER_NOTE (NOTE_ID,NOTE_CONTENT,MAX_VISIBILITY,IS_QC_FEEDBACK,QC_STATUS,NOTE_TYPE,WEEK_NUMBER,BATCH_ID,TRAINEE_ID) values (6230,null,2,0,null,'TRAINEE',9,2200,5517);
INSERT INTO CALIBER_NOTE (NOTE_ID,NOTE_CONTENT,MAX_VISIBILITY,IS_QC_FEEDBACK,QC_STATUS,NOTE_TYPE,WEEK_NUMBER,BATCH_ID,TRAINEE_ID) values (6231,null,2,0,null,'TRAINEE',9,2200,5512);
INSERT INTO CALIBER_NOTE (NOTE_ID,NOTE_CONTENT,MAX_VISIBILITY,IS_QC_FEEDBACK,QC_STATUS,NOTE_TYPE,WEEK_NUMBER,BATCH_ID,TRAINEE_ID) values (6232,null,2,0,null,'TRAINEE',9,2200,5505);
INSERT INTO CALIBER_NOTE (NOTE_ID,NOTE_CONTENT,MAX_VISIBILITY,IS_QC_FEEDBACK,QC_STATUS,NOTE_TYPE,WEEK_NUMBER,BATCH_ID,TRAINEE_ID) values (6233,null,2,0,null,'TRAINEE',9,2200,5508);
INSERT INTO CALIBER_NOTE (NOTE_ID,NOTE_CONTENT,MAX_VISIBILITY,IS_QC_FEEDBACK,QC_STATUS,NOTE_TYPE,WEEK_NUMBER,BATCH_ID,TRAINEE_ID) values (6234,null,2,0,null,'TRAINEE',9,2200,5516);
INSERT INTO CALIBER_NOTE (NOTE_ID,NOTE_CONTENT,MAX_VISIBILITY,IS_QC_FEEDBACK,QC_STATUS,NOTE_TYPE,WEEK_NUMBER,BATCH_ID,TRAINEE_ID) values (6253,'Okay technically. Good communication skills',2,0,null,'TRAINEE',2,2201,5524);
INSERT INTO CALIBER_NOTE (NOTE_ID,NOTE_CONTENT,MAX_VISIBILITY,IS_QC_FEEDBACK,QC_STATUS,NOTE_TYPE,WEEK_NUMBER,BATCH_ID,TRAINEE_ID) values (6254,'Superstar. Great communication skill and good solid knowledge',2,0,null,'TRAINEE',2,2201,5539);
INSERT INTO CALIBER_NOTE (NOTE_ID,NOTE_CONTENT,MAX_VISIBILITY,IS_QC_FEEDBACK,QC_STATUS,NOTE_TYPE,WEEK_NUMBER,BATCH_ID,TRAINEE_ID) values (6255,'Okay this week. Not confident in answers. A little unclear on some topics',2,0,null,'TRAINEE',2,2201,5525);
INSERT INTO CALIBER_NOTE (NOTE_ID,NOTE_CONTENT,MAX_VISIBILITY,IS_QC_FEEDBACK,QC_STATUS,NOTE_TYPE,WEEK_NUMBER,BATCH_ID,TRAINEE_ID) values (6256,'Slipped a little this week. Clearly was very challenged this week. Understand some basic concepts but struggles to remember exact technical terms',2,0,null,'TRAINEE',2,2201,5527);
INSERT INTO CALIBER_NOTE (NOTE_ID,NOTE_CONTENT,MAX_VISIBILITY,IS_QC_FEEDBACK,QC_STATUS,NOTE_TYPE,WEEK_NUMBER,BATCH_ID,TRAINEE_ID) values (6257,'Okay technically. Communication is good',2,0,null,'TRAINEE',2,2201,5538);
INSERT INTO CALIBER_NOTE (NOTE_ID,NOTE_CONTENT,MAX_VISIBILITY,IS_QC_FEEDBACK,QC_STATUS,NOTE_TYPE,WEEK_NUMBER,BATCH_ID,TRAINEE_ID) values (6258,'Good communication and confident',2,0,null,'TRAINEE',2,2201,5532);
INSERT INTO CALIBER_NOTE (NOTE_ID,NOTE_CONTENT,MAX_VISIBILITY,IS_QC_FEEDBACK,QC_STATUS,NOTE_TYPE,WEEK_NUMBER,BATCH_ID,TRAINEE_ID) values (6259,'Good technically. Still a little quiet in class',2,0,null,'TRAINEE',2,2201,5536);
INSERT INTO CALIBER_NOTE (NOTE_ID,NOTE_CONTENT,MAX_VISIBILITY,IS_QC_FEEDBACK,QC_STATUS,NOTE_TYPE,WEEK_NUMBER,BATCH_ID,TRAINEE_ID) values (6260,'Good communication. Not as confident and less use of technical terms',2,0,null,'TRAINEE',2,2201,5529);
INSERT INTO CALIBER_NOTE (NOTE_ID,NOTE_CONTENT,MAX_VISIBILITY,IS_QC_FEEDBACK,QC_STATUS,NOTE_TYPE,WEEK_NUMBER,BATCH_ID,TRAINEE_ID) values (6261,'Clearly challenged by this week''s topics. Communication is still a little more difficult than others.',2,0,null,'TRAINEE',2,2201,5522);
INSERT INTO CALIBER_NOTE (NOTE_ID,NOTE_CONTENT,MAX_VISIBILITY,IS_QC_FEEDBACK,QC_STATUS,NOTE_TYPE,WEEK_NUMBER,BATCH_ID,TRAINEE_ID) values (6262,'Superstar. Less interactive but clearly has great depth of knowledge and explains concepts very technically',2,0,null,'TRAINEE',2,2201,5528);
INSERT INTO CALIBER_NOTE (NOTE_ID,NOTE_CONTENT,MAX_VISIBILITY,IS_QC_FEEDBACK,QC_STATUS,NOTE_TYPE,WEEK_NUMBER,BATCH_ID,TRAINEE_ID) values (6263,'Great week. Clearly mastered this week''s topics. Confident',2,0,null,'TRAINEE',2,2201,5526);
INSERT INTO CALIBER_NOTE (NOTE_ID,NOTE_CONTENT,MAX_VISIBILITY,IS_QC_FEEDBACK,QC_STATUS,NOTE_TYPE,WEEK_NUMBER,BATCH_ID,TRAINEE_ID) values (6264,'Obvious superstar!',2,0,null,'TRAINEE',2,2201,5534);
INSERT INTO CALIBER_NOTE (NOTE_ID,NOTE_CONTENT,MAX_VISIBILITY,IS_QC_FEEDBACK,QC_STATUS,NOTE_TYPE,WEEK_NUMBER,BATCH_ID,TRAINEE_ID) values (6265,'Great technical and communication skills',2,0,null,'TRAINEE',2,2201,5530);
INSERT INTO CALIBER_NOTE (NOTE_ID,NOTE_CONTENT,MAX_VISIBILITY,IS_QC_FEEDBACK,QC_STATUS,NOTE_TYPE,WEEK_NUMBER,BATCH_ID,TRAINEE_ID) values (6266,'Putting in a lot of efforts. Studying hard and has paid off. Still needs to build more technical depth on these topics as we go forward.',2,0,null,'TRAINEE',2,2201,5531);
INSERT INTO CALIBER_NOTE (NOTE_ID,NOTE_CONTENT,MAX_VISIBILITY,IS_QC_FEEDBACK,QC_STATUS,NOTE_TYPE,WEEK_NUMBER,BATCH_ID,TRAINEE_ID) values (6267,'Great week. Good technically',2,0,null,'TRAINEE',2,2201,5535);
INSERT INTO CALIBER_NOTE (NOTE_ID,NOTE_CONTENT,MAX_VISIBILITY,IS_QC_FEEDBACK,QC_STATUS,NOTE_TYPE,WEEK_NUMBER,BATCH_ID,TRAINEE_ID) values (6268,'Great knowledge and good with coding challenges and remembering syntax. Communication is a little better',2,0,null,'TRAINEE',2,2201,5521);
INSERT INTO CALIBER_NOTE (NOTE_ID,NOTE_CONTENT,MAX_VISIBILITY,IS_QC_FEEDBACK,QC_STATUS,NOTE_TYPE,WEEK_NUMBER,BATCH_ID,TRAINEE_ID) values (6269,'Superstar. Great technical and communication skills',2,0,null,'TRAINEE',2,2201,5533);
INSERT INTO CALIBER_NOTE (NOTE_ID,NOTE_CONTENT,MAX_VISIBILITY,IS_QC_FEEDBACK,QC_STATUS,NOTE_TYPE,WEEK_NUMBER,BATCH_ID,TRAINEE_ID) values (6270,'Nervous and less interactive. Okay technically',2,0,null,'TRAINEE',2,2201,5537);
INSERT INTO CALIBER_NOTE (NOTE_ID,NOTE_CONTENT,MAX_VISIBILITY,IS_QC_FEEDBACK,QC_STATUS,NOTE_TYPE,WEEK_NUMBER,BATCH_ID,TRAINEE_ID) values (6321,'Great work on the project',2,0,null,'TRAINEE',6,2201,5524);
INSERT INTO CALIBER_NOTE (NOTE_ID,NOTE_CONTENT,MAX_VISIBILITY,IS_QC_FEEDBACK,QC_STATUS,NOTE_TYPE,WEEK_NUMBER,BATCH_ID,TRAINEE_ID) values (6322,'Showed lot of enthusiasm for the project',2,0,null,'TRAINEE',6,2201,5539);
INSERT INTO CALIBER_NOTE (NOTE_ID,NOTE_CONTENT,MAX_VISIBILITY,IS_QC_FEEDBACK,QC_STATUS,NOTE_TYPE,WEEK_NUMBER,BATCH_ID,TRAINEE_ID) values (6323,'Great work on the presentation',2,0,null,'TRAINEE',6,2201,5525);
INSERT INTO CALIBER_NOTE (NOTE_ID,NOTE_CONTENT,MAX_VISIBILITY,IS_QC_FEEDBACK,QC_STATUS,NOTE_TYPE,WEEK_NUMBER,BATCH_ID,TRAINEE_ID) values (6324,'Solid performance on the team',2,0,null,'TRAINEE',6,2201,5527);
INSERT INTO CALIBER_NOTE (NOTE_ID,NOTE_CONTENT,MAX_VISIBILITY,IS_QC_FEEDBACK,QC_STATUS,NOTE_TYPE,WEEK_NUMBER,BATCH_ID,TRAINEE_ID) values (6325,'Still very confident as good contribution to the team',2,0,null,'TRAINEE',6,2201,5538);
INSERT INTO CALIBER_NOTE (NOTE_ID,NOTE_CONTENT,MAX_VISIBILITY,IS_QC_FEEDBACK,QC_STATUS,NOTE_TYPE,WEEK_NUMBER,BATCH_ID,TRAINEE_ID) values (6326,'Outstanding presentation',2,0,null,'TRAINEE',6,2201,5532);
INSERT INTO CALIBER_NOTE (NOTE_ID,NOTE_CONTENT,MAX_VISIBILITY,IS_QC_FEEDBACK,QC_STATUS,NOTE_TYPE,WEEK_NUMBER,BATCH_ID,TRAINEE_ID) values (6327,'Good improvement in presentation skills and confidence!',2,0,null,'TRAINEE',6,2201,5536);
INSERT INTO CALIBER_NOTE (NOTE_ID,NOTE_CONTENT,MAX_VISIBILITY,IS_QC_FEEDBACK,QC_STATUS,NOTE_TYPE,WEEK_NUMBER,BATCH_ID,TRAINEE_ID) values (6328,'Great presentation and technical skills',2,0,null,'TRAINEE',6,2201,5529);
INSERT INTO CALIBER_NOTE (NOTE_ID,NOTE_CONTENT,MAX_VISIBILITY,IS_QC_FEEDBACK,QC_STATUS,NOTE_TYPE,WEEK_NUMBER,BATCH_ID,TRAINEE_ID) values (6329,'Great work on the demo!',2,0,null,'TRAINEE',6,2201,5528);
INSERT INTO CALIBER_NOTE (NOTE_ID,NOTE_CONTENT,MAX_VISIBILITY,IS_QC_FEEDBACK,QC_STATUS,NOTE_TYPE,WEEK_NUMBER,BATCH_ID,TRAINEE_ID) values (6330,'Good presentation and great project',2,0,null,'TRAINEE',6,2201,5526);
INSERT INTO CALIBER_NOTE (NOTE_ID,NOTE_CONTENT,MAX_VISIBILITY,IS_QC_FEEDBACK,QC_STATUS,NOTE_TYPE,WEEK_NUMBER,BATCH_ID,TRAINEE_ID) values (6331,'Great work and solid knowledge in Spring',2,0,null,'TRAINEE',6,2201,5534);
INSERT INTO CALIBER_NOTE (NOTE_ID,NOTE_CONTENT,MAX_VISIBILITY,IS_QC_FEEDBACK,QC_STATUS,NOTE_TYPE,WEEK_NUMBER,BATCH_ID,TRAINEE_ID) values (6332,'Solid performance on the team',2,0,null,'TRAINEE',6,2201,5530);
INSERT INTO CALIBER_NOTE (NOTE_ID,NOTE_CONTENT,MAX_VISIBILITY,IS_QC_FEEDBACK,QC_STATUS,NOTE_TYPE,WEEK_NUMBER,BATCH_ID,TRAINEE_ID) values (6333,'Dramatic improvements in technical skills and confident over the last few weeks!!',2,0,null,'TRAINEE',6,2201,5531);
INSERT INTO CALIBER_NOTE (NOTE_ID,NOTE_CONTENT,MAX_VISIBILITY,IS_QC_FEEDBACK,QC_STATUS,NOTE_TYPE,WEEK_NUMBER,BATCH_ID,TRAINEE_ID) values (6334,'Vast improvements in communication, presentation, and teamwork skills!!!!',2,0,null,'TRAINEE',6,2201,5535);
INSERT INTO CALIBER_NOTE (NOTE_ID,NOTE_CONTENT,MAX_VISIBILITY,IS_QC_FEEDBACK,QC_STATUS,NOTE_TYPE,WEEK_NUMBER,BATCH_ID,TRAINEE_ID) values (6335,'Very good performance on the team',2,0,null,'TRAINEE',6,2201,5533);
INSERT INTO CALIBER_NOTE (NOTE_ID,NOTE_CONTENT,MAX_VISIBILITY,IS_QC_FEEDBACK,QC_STATUS,NOTE_TYPE,WEEK_NUMBER,BATCH_ID,TRAINEE_ID) values (6336,'Great work on the team and on the demo!',2,0,null,'TRAINEE',6,2201,5537);
INSERT INTO CALIBER_NOTE (NOTE_ID,NOTE_CONTENT,MAX_VISIBILITY,IS_QC_FEEDBACK,QC_STATUS,NOTE_TYPE,WEEK_NUMBER,BATCH_ID,TRAINEE_ID) values (5079,'Struggled on the test but put so much effort into the project and mock interview.',2,0,null,'TRAINEE',4,2050,5357);
INSERT INTO CALIBER_NOTE (NOTE_ID,NOTE_CONTENT,MAX_VISIBILITY,IS_QC_FEEDBACK,QC_STATUS,NOTE_TYPE,WEEK_NUMBER,BATCH_ID,TRAINEE_ID) values (5080,'Great work this week. Put a lot of work into his chess application. Did okay on interview but struggled with AngularJS on the test.',2,0,null,'TRAINEE',4,2050,5353);
INSERT INTO CALIBER_NOTE (NOTE_ID,NOTE_CONTENT,MAX_VISIBILITY,IS_QC_FEEDBACK,QC_STATUS,NOTE_TYPE,WEEK_NUMBER,BATCH_ID,TRAINEE_ID) values (5081,'Great work. Seems very confident in the interview and exceeded expectations on the test.',2,0,null,'TRAINEE',4,2050,5350);
INSERT INTO CALIBER_NOTE (NOTE_ID,NOTE_CONTENT,MAX_VISIBILITY,IS_QC_FEEDBACK,QC_STATUS,NOTE_TYPE,WEEK_NUMBER,BATCH_ID,TRAINEE_ID) values (5082,'Very confident in interview and did very well on the project.',2,0,null,'TRAINEE',4,2050,5355);
INSERT INTO CALIBER_NOTE (NOTE_ID,NOTE_CONTENT,MAX_VISIBILITY,IS_QC_FEEDBACK,QC_STATUS,NOTE_TYPE,WEEK_NUMBER,BATCH_ID,TRAINEE_ID) values (5083,'Great work on the project and in class.',2,0,null,'TRAINEE',4,2050,5351);
INSERT INTO CALIBER_NOTE (NOTE_ID,NOTE_CONTENT,MAX_VISIBILITY,IS_QC_FEEDBACK,QC_STATUS,NOTE_TYPE,WEEK_NUMBER,BATCH_ID,TRAINEE_ID) values (5092,'Great at talking Web Services. Networking knowledge definitely paid off for him here. Project is going okay.',2,0,null,'TRAINEE',6,2050,5352);
INSERT INTO CALIBER_NOTE (NOTE_ID,NOTE_CONTENT,MAX_VISIBILITY,IS_QC_FEEDBACK,QC_STATUS,NOTE_TYPE,WEEK_NUMBER,BATCH_ID,TRAINEE_ID) values (5093,'Great work this week. Good project progress.',2,0,null,'TRAINEE',6,2050,5354);
INSERT INTO CALIBER_NOTE (NOTE_ID,NOTE_CONTENT,MAX_VISIBILITY,IS_QC_FEEDBACK,QC_STATUS,NOTE_TYPE,WEEK_NUMBER,BATCH_ID,TRAINEE_ID) values (5094,'Fantastic work. Nearly finished with second project and implemented Web Service communication between them.',2,0,null,'TRAINEE',6,2050,5350);
INSERT INTO CALIBER_NOTE (NOTE_ID,NOTE_CONTENT,MAX_VISIBILITY,IS_QC_FEEDBACK,QC_STATUS,NOTE_TYPE,WEEK_NUMBER,BATCH_ID,TRAINEE_ID) values (5077,'Very good work here! I am pleased with his project.',2,0,null,'TRAINEE',4,2050,5354);
INSERT INTO CALIBER_NOTE (NOTE_ID,NOTE_CONTENT,MAX_VISIBILITY,IS_QC_FEEDBACK,QC_STATUS,NOTE_TYPE,WEEK_NUMBER,BATCH_ID,TRAINEE_ID) values (5078,'Good work on his project and in class.',2,0,null,'TRAINEE',4,2050,5352);
INSERT INTO CALIBER_NOTE (NOTE_ID,NOTE_CONTENT,MAX_VISIBILITY,IS_QC_FEEDBACK,QC_STATUS,NOTE_TYPE,WEEK_NUMBER,BATCH_ID,TRAINEE_ID) values (5095,'Great work. Just about finished up with his second project.',2,0,null,'TRAINEE',6,2050,5351);
INSERT INTO CALIBER_NOTE (NOTE_ID,NOTE_CONTENT,MAX_VISIBILITY,IS_QC_FEEDBACK,QC_STATUS,NOTE_TYPE,WEEK_NUMBER,BATCH_ID,TRAINEE_ID) values (5096,'Great progress! Good understanding on Web Services and nearly finished on second project.',2,0,null,'TRAINEE',6,2050,5355);
INSERT INTO CALIBER_NOTE (NOTE_ID,NOTE_CONTENT,MAX_VISIBILITY,IS_QC_FEEDBACK,QC_STATUS,NOTE_TYPE,WEEK_NUMBER,BATCH_ID,TRAINEE_ID) values (5179,null,2,0,null,'TRAINEE',7,2100,5363);
INSERT INTO CALIBER_NOTE (NOTE_ID,NOTE_CONTENT,MAX_VISIBILITY,IS_QC_FEEDBACK,QC_STATUS,NOTE_TYPE,WEEK_NUMBER,BATCH_ID,TRAINEE_ID) values (5180,null,2,0,null,'TRAINEE',7,2100,5401);
INSERT INTO CALIBER_NOTE (NOTE_ID,NOTE_CONTENT,MAX_VISIBILITY,IS_QC_FEEDBACK,QC_STATUS,NOTE_TYPE,WEEK_NUMBER,BATCH_ID,TRAINEE_ID) values (5181,null,2,0,null,'TRAINEE',7,2100,5361);
INSERT INTO CALIBER_NOTE (NOTE_ID,NOTE_CONTENT,MAX_VISIBILITY,IS_QC_FEEDBACK,QC_STATUS,NOTE_TYPE,WEEK_NUMBER,BATCH_ID,TRAINEE_ID) values (5198,'Dropped. Technically weak. Poor interview skills.',2,0,null,'TRAINEE',1,2150,5502);
INSERT INTO CALIBER_NOTE (NOTE_ID,NOTE_CONTENT,MAX_VISIBILITY,IS_QC_FEEDBACK,QC_STATUS,NOTE_TYPE,WEEK_NUMBER,BATCH_ID,TRAINEE_ID) values (5199,'Good technical skills',2,0,null,'TRAINEE',1,2150,5460);
INSERT INTO CALIBER_NOTE (NOTE_ID,NOTE_CONTENT,MAX_VISIBILITY,IS_QC_FEEDBACK,QC_STATUS,NOTE_TYPE,WEEK_NUMBER,BATCH_ID,TRAINEE_ID) values (5200,'Good technically but a little edgy personality',2,0,null,'TRAINEE',1,2150,5473);
INSERT INTO CALIBER_NOTE (NOTE_ID,NOTE_CONTENT,MAX_VISIBILITY,IS_QC_FEEDBACK,QC_STATUS,NOTE_TYPE,WEEK_NUMBER,BATCH_ID,TRAINEE_ID) values (5216,null,2,0,null,'TRAINEE',2,2150,5460);
INSERT INTO CALIBER_NOTE (NOTE_ID,NOTE_CONTENT,MAX_VISIBILITY,IS_QC_FEEDBACK,QC_STATUS,NOTE_TYPE,WEEK_NUMBER,BATCH_ID,TRAINEE_ID) values (5217,'Great work this week. Personality and presentation in interview is rounding out',2,0,null,'TRAINEE',2,2150,5473);
INSERT INTO CALIBER_NOTE (NOTE_ID,NOTE_CONTENT,MAX_VISIBILITY,IS_QC_FEEDBACK,QC_STATUS,NOTE_TYPE,WEEK_NUMBER,BATCH_ID,TRAINEE_ID) values (6160,'Good knowledge',2,0,null,'TRAINEE',5,2200,5506);
INSERT INTO CALIBER_NOTE (NOTE_ID,NOTE_CONTENT,MAX_VISIBILITY,IS_QC_FEEDBACK,QC_STATUS,NOTE_TYPE,WEEK_NUMBER,BATCH_ID,TRAINEE_ID) values (6161,'Outstanding knowledge',2,0,null,'TRAINEE',5,2200,5503);
INSERT INTO CALIBER_NOTE (NOTE_ID,NOTE_CONTENT,MAX_VISIBILITY,IS_QC_FEEDBACK,QC_STATUS,NOTE_TYPE,WEEK_NUMBER,BATCH_ID,TRAINEE_ID) values (6162,'Good knowledge',2,0,null,'TRAINEE',5,2200,5514);
INSERT INTO CALIBER_NOTE (NOTE_ID,NOTE_CONTENT,MAX_VISIBILITY,IS_QC_FEEDBACK,QC_STATUS,NOTE_TYPE,WEEK_NUMBER,BATCH_ID,TRAINEE_ID) values (6163,'Having knowledge',2,0,null,'TRAINEE',5,2200,5510);
INSERT INTO CALIBER_NOTE (NOTE_ID,NOTE_CONTENT,MAX_VISIBILITY,IS_QC_FEEDBACK,QC_STATUS,NOTE_TYPE,WEEK_NUMBER,BATCH_ID,TRAINEE_ID) values (6164,'Good knowledge',2,0,null,'TRAINEE',5,2200,5504);
INSERT INTO CALIBER_NOTE (NOTE_ID,NOTE_CONTENT,MAX_VISIBILITY,IS_QC_FEEDBACK,QC_STATUS,NOTE_TYPE,WEEK_NUMBER,BATCH_ID,TRAINEE_ID) values (6165,'Having knowledge',2,0,null,'TRAINEE',5,2200,5511);
INSERT INTO CALIBER_NOTE (NOTE_ID,NOTE_CONTENT,MAX_VISIBILITY,IS_QC_FEEDBACK,QC_STATUS,NOTE_TYPE,WEEK_NUMBER,BATCH_ID,TRAINEE_ID) values (6166,'Gave him warning that he must finish his project by Thursday',2,0,null,'TRAINEE',5,2200,5513);
INSERT INTO CALIBER_NOTE (NOTE_ID,NOTE_CONTENT,MAX_VISIBILITY,IS_QC_FEEDBACK,QC_STATUS,NOTE_TYPE,WEEK_NUMBER,BATCH_ID,TRAINEE_ID) values (6167,'Good knowledge',2,0,null,'TRAINEE',5,2200,5507);
INSERT INTO CALIBER_NOTE (NOTE_ID,NOTE_CONTENT,MAX_VISIBILITY,IS_QC_FEEDBACK,QC_STATUS,NOTE_TYPE,WEEK_NUMBER,BATCH_ID,TRAINEE_ID) values (6168,'Good knowledge',2,0,null,'TRAINEE',5,2200,5515);
INSERT INTO CALIBER_NOTE (NOTE_ID,NOTE_CONTENT,MAX_VISIBILITY,IS_QC_FEEDBACK,QC_STATUS,NOTE_TYPE,WEEK_NUMBER,BATCH_ID,TRAINEE_ID) values (6169,'Good knowledge',2,0,null,'TRAINEE',5,2200,5509);
INSERT INTO CALIBER_NOTE (NOTE_ID,NOTE_CONTENT,MAX_VISIBILITY,IS_QC_FEEDBACK,QC_STATUS,NOTE_TYPE,WEEK_NUMBER,BATCH_ID,TRAINEE_ID) values (6170,'Good knowledge',2,0,null,'TRAINEE',5,2200,5517);
INSERT INTO CALIBER_NOTE (NOTE_ID,NOTE_CONTENT,MAX_VISIBILITY,IS_QC_FEEDBACK,QC_STATUS,NOTE_TYPE,WEEK_NUMBER,BATCH_ID,TRAINEE_ID) values (6171,'Poor test score but having decent knowledge',2,0,null,'TRAINEE',5,2200,5512);
INSERT INTO CALIBER_NOTE (NOTE_ID,NOTE_CONTENT,MAX_VISIBILITY,IS_QC_FEEDBACK,QC_STATUS,NOTE_TYPE,WEEK_NUMBER,BATCH_ID,TRAINEE_ID) values (6172,'Good knowledge',2,0,null,'TRAINEE',5,2200,5505);
INSERT INTO CALIBER_NOTE (NOTE_ID,NOTE_CONTENT,MAX_VISIBILITY,IS_QC_FEEDBACK,QC_STATUS,NOTE_TYPE,WEEK_NUMBER,BATCH_ID,TRAINEE_ID) values (6173,'Having knowledge',2,0,null,'TRAINEE',5,2200,5508);
INSERT INTO CALIBER_NOTE (NOTE_ID,NOTE_CONTENT,MAX_VISIBILITY,IS_QC_FEEDBACK,QC_STATUS,NOTE_TYPE,WEEK_NUMBER,BATCH_ID,TRAINEE_ID) values (6174,'Gave him warning that he must finish his project by Thursday',2,0,null,'TRAINEE',5,2200,5516);
INSERT INTO CALIBER_NOTE (NOTE_ID,NOTE_CONTENT,MAX_VISIBILITY,IS_QC_FEEDBACK,QC_STATUS,NOTE_TYPE,WEEK_NUMBER,BATCH_ID,TRAINEE_ID) values (6289,'Great work on the project but fell behind on JS',2,0,null,'TRAINEE',4,2201,5524);
INSERT INTO CALIBER_NOTE (NOTE_ID,NOTE_CONTENT,MAX_VISIBILITY,IS_QC_FEEDBACK,QC_STATUS,NOTE_TYPE,WEEK_NUMBER,BATCH_ID,TRAINEE_ID) values (6290,'Great developer and very professional',2,0,null,'TRAINEE',4,2201,5539);
INSERT INTO CALIBER_NOTE (NOTE_ID,NOTE_CONTENT,MAX_VISIBILITY,IS_QC_FEEDBACK,QC_STATUS,NOTE_TYPE,WEEK_NUMBER,BATCH_ID,TRAINEE_ID) values (6291,'Outstanding improvement on the project. Great knowledge in JS. Outstanding presentation!',2,0,null,'TRAINEE',4,2201,5525);
INSERT INTO CALIBER_NOTE (NOTE_ID,NOTE_CONTENT,MAX_VISIBILITY,IS_QC_FEEDBACK,QC_STATUS,NOTE_TYPE,WEEK_NUMBER,BATCH_ID,TRAINEE_ID) values (6292,'Average progress on project and evaluations.',2,0,null,'TRAINEE',4,2201,5527);
INSERT INTO CALIBER_NOTE (NOTE_ID,NOTE_CONTENT,MAX_VISIBILITY,IS_QC_FEEDBACK,QC_STATUS,NOTE_TYPE,WEEK_NUMBER,BATCH_ID,TRAINEE_ID) values (6293,'Seems to be struggling on JSP/Servlet and is not putting in time on his project. Giving encouragement',2,0,null,'TRAINEE',4,2201,5538);
INSERT INTO CALIBER_NOTE (NOTE_ID,NOTE_CONTENT,MAX_VISIBILITY,IS_QC_FEEDBACK,QC_STATUS,NOTE_TYPE,WEEK_NUMBER,BATCH_ID,TRAINEE_ID) values (6294,'Great presentation. Professional and versatile skillset',2,0,null,'TRAINEE',4,2201,5532);
INSERT INTO CALIBER_NOTE (NOTE_ID,NOTE_CONTENT,MAX_VISIBILITY,IS_QC_FEEDBACK,QC_STATUS,NOTE_TYPE,WEEK_NUMBER,BATCH_ID,TRAINEE_ID) values (6295,'Very soft spoken and timid. Does not assert himself and lacks confidence. Technical skills are great but needs to open up. Giving encouragement',2,0,null,'TRAINEE',4,2201,5536);
INSERT INTO CALIBER_NOTE (NOTE_ID,NOTE_CONTENT,MAX_VISIBILITY,IS_QC_FEEDBACK,QC_STATUS,NOTE_TYPE,WEEK_NUMBER,BATCH_ID,TRAINEE_ID) values (6296,'Fantastic work on the project and great technical skills',2,0,null,'TRAINEE',4,2201,5529);
INSERT INTO CALIBER_NOTE (NOTE_ID,NOTE_CONTENT,MAX_VISIBILITY,IS_QC_FEEDBACK,QC_STATUS,NOTE_TYPE,WEEK_NUMBER,BATCH_ID,TRAINEE_ID) values (6297,'Very great progress and good communication',2,0,null,'TRAINEE',4,2201,5528);
INSERT INTO CALIBER_NOTE (NOTE_ID,NOTE_CONTENT,MAX_VISIBILITY,IS_QC_FEEDBACK,QC_STATUS,NOTE_TYPE,WEEK_NUMBER,BATCH_ID,TRAINEE_ID) values (6298,'Great work and solid understanding in JS.  Shows mastery of this week''s topics',2,0,null,'TRAINEE',4,2201,5526);
INSERT INTO CALIBER_NOTE (NOTE_ID,NOTE_CONTENT,MAX_VISIBILITY,IS_QC_FEEDBACK,QC_STATUS,NOTE_TYPE,WEEK_NUMBER,BATCH_ID,TRAINEE_ID) values (6299,'Very good developer and helps others often',2,0,null,'TRAINEE',4,2201,5534);
INSERT INTO CALIBER_NOTE (NOTE_ID,NOTE_CONTENT,MAX_VISIBILITY,IS_QC_FEEDBACK,QC_STATUS,NOTE_TYPE,WEEK_NUMBER,BATCH_ID,TRAINEE_ID) values (6300,'Not as good as last few weeks. Insufficient progress on the project.',2,0,null,'TRAINEE',4,2201,5530);
INSERT INTO CALIBER_NOTE (NOTE_ID,NOTE_CONTENT,MAX_VISIBILITY,IS_QC_FEEDBACK,QC_STATUS,NOTE_TYPE,WEEK_NUMBER,BATCH_ID,TRAINEE_ID) values (6301,'Fantastic improvements. Very motivated',2,0,null,'TRAINEE',4,2201,5531);
INSERT INTO CALIBER_NOTE (NOTE_ID,NOTE_CONTENT,MAX_VISIBILITY,IS_QC_FEEDBACK,QC_STATUS,NOTE_TYPE,WEEK_NUMBER,BATCH_ID,TRAINEE_ID) values (6302,'Great progress and very technically good',2,0,null,'TRAINEE',4,2201,5533);
INSERT INTO CALIBER_NOTE (NOTE_ID,NOTE_CONTENT,MAX_VISIBILITY,IS_QC_FEEDBACK,QC_STATUS,NOTE_TYPE,WEEK_NUMBER,BATCH_ID,TRAINEE_ID) values (6303,'Okay technically and a little quiet',2,0,null,'TRAINEE',4,2201,5537);
INSERT INTO CALIBER_NOTE (NOTE_ID,NOTE_CONTENT,MAX_VISIBILITY,IS_QC_FEEDBACK,QC_STATUS,NOTE_TYPE,WEEK_NUMBER,BATCH_ID,TRAINEE_ID) values (6304,'Not as good as last few weeks. Minimal progress and still very timid. Got confused in interview.',2,0,null,'TRAINEE',4,2201,5535);
INSERT INTO CALIBER_NOTE (NOTE_ID,NOTE_CONTENT,MAX_VISIBILITY,IS_QC_FEEDBACK,QC_STATUS,NOTE_TYPE,WEEK_NUMBER,BATCH_ID,TRAINEE_ID) values (6305,'Great work',2,0,null,'TRAINEE',5,2201,5524);
INSERT INTO CALIBER_NOTE (NOTE_ID,NOTE_CONTENT,MAX_VISIBILITY,IS_QC_FEEDBACK,QC_STATUS,NOTE_TYPE,WEEK_NUMBER,BATCH_ID,TRAINEE_ID) values (6306,'Obvious superstar',2,0,null,'TRAINEE',5,2201,5539);
INSERT INTO CALIBER_NOTE (NOTE_ID,NOTE_CONTENT,MAX_VISIBILITY,IS_QC_FEEDBACK,QC_STATUS,NOTE_TYPE,WEEK_NUMBER,BATCH_ID,TRAINEE_ID) values (6307,'Great project!',2,0,null,'TRAINEE',5,2201,5525);
INSERT INTO CALIBER_NOTE (NOTE_ID,NOTE_CONTENT,MAX_VISIBILITY,IS_QC_FEEDBACK,QC_STATUS,NOTE_TYPE,WEEK_NUMBER,BATCH_ID,TRAINEE_ID) values (6308,'Average technically
 yet very clear and onfident',2,0,null,'TRAINEE',5,2201,5527);
INSERT INTO CALIBER_NOTE (NOTE_ID,NOTE_CONTENT,MAX_VISIBILITY,IS_QC_FEEDBACK,QC_STATUS,NOTE_TYPE,WEEK_NUMBER,BATCH_ID,TRAINEE_ID) values (6309,'Average technically but great communication',2,0,null,'TRAINEE',5,2201,5538);
INSERT INTO CALIBER_NOTE (NOTE_ID,NOTE_CONTENT,MAX_VISIBILITY,IS_QC_FEEDBACK,QC_STATUS,NOTE_TYPE,WEEK_NUMBER,BATCH_ID,TRAINEE_ID) values (6310,'Great communication!',2,0,null,'TRAINEE',5,2201,5532);
INSERT INTO CALIBER_NOTE (NOTE_ID,NOTE_CONTENT,MAX_VISIBILITY,IS_QC_FEEDBACK,QC_STATUS,NOTE_TYPE,WEEK_NUMBER,BATCH_ID,TRAINEE_ID) values (6311,'Great technically and confidence is growing',2,0,null,'TRAINEE',5,2201,5536);
INSERT INTO CALIBER_NOTE (NOTE_ID,NOTE_CONTENT,MAX_VISIBILITY,IS_QC_FEEDBACK,QC_STATUS,NOTE_TYPE,WEEK_NUMBER,BATCH_ID,TRAINEE_ID) values (6312,'Good project. Technical skills are good',2,0,null,'TRAINEE',5,2201,5529);
INSERT INTO CALIBER_NOTE (NOTE_ID,NOTE_CONTENT,MAX_VISIBILITY,IS_QC_FEEDBACK,QC_STATUS,NOTE_TYPE,WEEK_NUMBER,BATCH_ID,TRAINEE_ID) values (6313,'Obvious superstar',2,0,null,'TRAINEE',5,2201,5528);
INSERT INTO CALIBER_NOTE (NOTE_ID,NOTE_CONTENT,MAX_VISIBILITY,IS_QC_FEEDBACK,QC_STATUS,NOTE_TYPE,WEEK_NUMBER,BATCH_ID,TRAINEE_ID) values (6314,'Having very well knowledge',2,0,null,'TRAINEE',5,2201,5526);
INSERT INTO CALIBER_NOTE (NOTE_ID,NOTE_CONTENT,MAX_VISIBILITY,IS_QC_FEEDBACK,QC_STATUS,NOTE_TYPE,WEEK_NUMBER,BATCH_ID,TRAINEE_ID) values (6315,'Obvious superstar',2,0,null,'TRAINEE',5,2201,5534);
INSERT INTO CALIBER_NOTE (NOTE_ID,NOTE_CONTENT,MAX_VISIBILITY,IS_QC_FEEDBACK,QC_STATUS,NOTE_TYPE,WEEK_NUMBER,BATCH_ID,TRAINEE_ID) values (6316,'Only okay technically but focuses too less on project',2,0,null,'TRAINEE',5,2201,5530);
INSERT INTO CALIBER_NOTE (NOTE_ID,NOTE_CONTENT,MAX_VISIBILITY,IS_QC_FEEDBACK,QC_STATUS,NOTE_TYPE,WEEK_NUMBER,BATCH_ID,TRAINEE_ID) values (6317,'Big improvements consistently',2,0,null,'TRAINEE',5,2201,5531);
INSERT INTO CALIBER_NOTE (NOTE_ID,NOTE_CONTENT,MAX_VISIBILITY,IS_QC_FEEDBACK,QC_STATUS,NOTE_TYPE,WEEK_NUMBER,BATCH_ID,TRAINEE_ID) values (6318,'Very shy and falling behind little bit this week',2,0,null,'TRAINEE',5,2201,5535);
INSERT INTO CALIBER_NOTE (NOTE_ID,NOTE_CONTENT,MAX_VISIBILITY,IS_QC_FEEDBACK,QC_STATUS,NOTE_TYPE,WEEK_NUMBER,BATCH_ID,TRAINEE_ID) values (6319,'Obvious superstar',2,0,null,'TRAINEE',5,2201,5533);
INSERT INTO CALIBER_NOTE (NOTE_ID,NOTE_CONTENT,MAX_VISIBILITY,IS_QC_FEEDBACK,QC_STATUS,NOTE_TYPE,WEEK_NUMBER,BATCH_ID,TRAINEE_ID) values (6320,'Little bit falling behind out of his comfort zone. Communication and confidence improving',2,0,null,'TRAINEE',5,2201,5537);
INSERT INTO CALIBER_NOTE (NOTE_ID,NOTE_CONTENT,MAX_VISIBILITY,IS_QC_FEEDBACK,QC_STATUS,NOTE_TYPE,WEEK_NUMBER,BATCH_ID,TRAINEE_ID) values (6337,'Overall solid performance during the training. Confident',2,0,null,'TRAINEE',7,2201,5524);
INSERT INTO CALIBER_NOTE (NOTE_ID,NOTE_CONTENT,MAX_VISIBILITY,IS_QC_FEEDBACK,QC_STATUS,NOTE_TYPE,WEEK_NUMBER,BATCH_ID,TRAINEE_ID) values (6338,'Stellar performance and awesome technical skills',2,0,null,'TRAINEE',7,2201,5539);
INSERT INTO CALIBER_NOTE (NOTE_ID,NOTE_CONTENT,MAX_VISIBILITY,IS_QC_FEEDBACK,QC_STATUS,NOTE_TYPE,WEEK_NUMBER,BATCH_ID,TRAINEE_ID) values (6339,'Great technical skills and high confidence and personal skill',2,0,null,'TRAINEE',7,2201,5525);
INSERT INTO CALIBER_NOTE (NOTE_ID,NOTE_CONTENT,MAX_VISIBILITY,IS_QC_FEEDBACK,QC_STATUS,NOTE_TYPE,WEEK_NUMBER,BATCH_ID,TRAINEE_ID) values (6340,'Solid performance and great improvements throughout the training',2,0,null,'TRAINEE',7,2201,5527);
INSERT INTO CALIBER_NOTE (NOTE_ID,NOTE_CONTENT,MAX_VISIBILITY,IS_QC_FEEDBACK,QC_STATUS,NOTE_TYPE,WEEK_NUMBER,BATCH_ID,TRAINEE_ID) values (6341,'Solid performance and good confidence and programming ability',2,0,null,'TRAINEE',7,2201,5538);
INSERT INTO CALIBER_NOTE (NOTE_ID,NOTE_CONTENT,MAX_VISIBILITY,IS_QC_FEEDBACK,QC_STATUS,NOTE_TYPE,WEEK_NUMBER,BATCH_ID,TRAINEE_ID) values (6342,'Great performance and excellent communication',2,0,null,'TRAINEE',7,2201,5532);
INSERT INTO CALIBER_NOTE (NOTE_ID,NOTE_CONTENT,MAX_VISIBILITY,IS_QC_FEEDBACK,QC_STATUS,NOTE_TYPE,WEEK_NUMBER,BATCH_ID,TRAINEE_ID) values (6343,'Great improvements in both communication, presentation, and programming skills',2,0,null,'TRAINEE',7,2201,5536);
INSERT INTO CALIBER_NOTE (NOTE_ID,NOTE_CONTENT,MAX_VISIBILITY,IS_QC_FEEDBACK,QC_STATUS,NOTE_TYPE,WEEK_NUMBER,BATCH_ID,TRAINEE_ID) values (6344,'Great communication and confidence. Solid technical skills throughout training',2,0,null,'TRAINEE',7,2201,5529);
INSERT INTO CALIBER_NOTE (NOTE_ID,NOTE_CONTENT,MAX_VISIBILITY,IS_QC_FEEDBACK,QC_STATUS,NOTE_TYPE,WEEK_NUMBER,BATCH_ID,TRAINEE_ID) values (6345,'Excellent technical skills, communication, and teamwork',2,0,null,'TRAINEE',7,2201,5528);
INSERT INTO CALIBER_NOTE (NOTE_ID,NOTE_CONTENT,MAX_VISIBILITY,IS_QC_FEEDBACK,QC_STATUS,NOTE_TYPE,WEEK_NUMBER,BATCH_ID,TRAINEE_ID) values (6346,'Excellent communication and great programming ability!',2,0,null,'TRAINEE',7,2201,5526);
INSERT INTO CALIBER_NOTE (NOTE_ID,NOTE_CONTENT,MAX_VISIBILITY,IS_QC_FEEDBACK,QC_STATUS,NOTE_TYPE,WEEK_NUMBER,BATCH_ID,TRAINEE_ID) values (6347,'Superstar from start to finish. Never misses a beat--excellent communication and presentation',2,0,null,'TRAINEE',7,2201,5534);
INSERT INTO CALIBER_NOTE (NOTE_ID,NOTE_CONTENT,MAX_VISIBILITY,IS_QC_FEEDBACK,QC_STATUS,NOTE_TYPE,WEEK_NUMBER,BATCH_ID,TRAINEE_ID) values (6348,'Solid performance and communication skills. Good improvement in programming ability',2,0,null,'TRAINEE',7,2201,5530);
INSERT INTO CALIBER_NOTE (NOTE_ID,NOTE_CONTENT,MAX_VISIBILITY,IS_QC_FEEDBACK,QC_STATUS,NOTE_TYPE,WEEK_NUMBER,BATCH_ID,TRAINEE_ID) values (6349,'Most improved by far. Great technical skills and confidence',2,0,null,'TRAINEE',7,2201,5531);
INSERT INTO CALIBER_NOTE (NOTE_ID,NOTE_CONTENT,MAX_VISIBILITY,IS_QC_FEEDBACK,QC_STATUS,NOTE_TYPE,WEEK_NUMBER,BATCH_ID,TRAINEE_ID) values (6350,'Outstanding improvements in communication and presentation! Great coding skills',2,0,null,'TRAINEE',7,2201,5535);
INSERT INTO CALIBER_NOTE (NOTE_ID,NOTE_CONTENT,MAX_VISIBILITY,IS_QC_FEEDBACK,QC_STATUS,NOTE_TYPE,WEEK_NUMBER,BATCH_ID,TRAINEE_ID) values (6351,'Consistently outstanding performance. Great communication and coding skills',2,0,null,'TRAINEE',7,2201,5533);
INSERT INTO CALIBER_NOTE (NOTE_ID,NOTE_CONTENT,MAX_VISIBILITY,IS_QC_FEEDBACK,QC_STATUS,NOTE_TYPE,WEEK_NUMBER,BATCH_ID,TRAINEE_ID) values (6352,'Fantastic improvements in communication, technical, and presentation skill. Professional and confident',2,0,null,'TRAINEE',7,2201,5537);
INSERT INTO CALIBER_NOTE (NOTE_ID,NOTE_CONTENT,MAX_VISIBILITY,IS_QC_FEEDBACK,QC_STATUS,NOTE_TYPE,WEEK_NUMBER,BATCH_ID,TRAINEE_ID) values (6353,'Average',1,1,'Average','QC_TRAINEE',1,null,5532);
INSERT INTO CALIBER_NOTE (NOTE_ID,NOTE_CONTENT,MAX_VISIBILITY,IS_QC_FEEDBACK,QC_STATUS,NOTE_TYPE,WEEK_NUMBER,BATCH_ID,TRAINEE_ID) values (6354,'Average',1,1,'Average','QC_TRAINEE',1,null,5530);
INSERT INTO CALIBER_NOTE (NOTE_ID,NOTE_CONTENT,MAX_VISIBILITY,IS_QC_FEEDBACK,QC_STATUS,NOTE_TYPE,WEEK_NUMBER,BATCH_ID,TRAINEE_ID) values (6355,'Average',1,1,'Average','QC_TRAINEE',1,null,5524);
INSERT INTO CALIBER_NOTE (NOTE_ID,NOTE_CONTENT,MAX_VISIBILITY,IS_QC_FEEDBACK,QC_STATUS,NOTE_TYPE,WEEK_NUMBER,BATCH_ID,TRAINEE_ID) values (6356,'Good, volunteering',1,1,'Good','QC_TRAINEE',1,null,5538);
INSERT INTO CALIBER_NOTE (NOTE_ID,NOTE_CONTENT,MAX_VISIBILITY,IS_QC_FEEDBACK,QC_STATUS,NOTE_TYPE,WEEK_NUMBER,BATCH_ID,TRAINEE_ID) values (6357,'Average',1,1,'Average','QC_TRAINEE',1,null,5526);
INSERT INTO CALIBER_NOTE (NOTE_ID,NOTE_CONTENT,MAX_VISIBILITY,IS_QC_FEEDBACK,QC_STATUS,NOTE_TYPE,WEEK_NUMBER,BATCH_ID,TRAINEE_ID) values (6358,'Good, volunteering',1,1,'Good','QC_TRAINEE',1,null,5539);
INSERT INTO CALIBER_NOTE (NOTE_ID,NOTE_CONTENT,MAX_VISIBILITY,IS_QC_FEEDBACK,QC_STATUS,NOTE_TYPE,WEEK_NUMBER,BATCH_ID,TRAINEE_ID) values (6359,'Weak',1,1,'Poor','QC_TRAINEE',1,null,5537);
INSERT INTO CALIBER_NOTE (NOTE_ID,NOTE_CONTENT,MAX_VISIBILITY,IS_QC_FEEDBACK,QC_STATUS,NOTE_TYPE,WEEK_NUMBER,BATCH_ID,TRAINEE_ID) values (6391,'Covered: JSP, Servlets, HTML, XML
Morale:  Good.  Technically speaking the batch is pretty good this week.  However, they seem to be weak overall in scriptlets.  Where does a declaration land in the resulting Servlet inside or outside service()?',1,1,'Good','QC_BATCH',3,2201,null);
INSERT INTO CALIBER_NOTE (NOTE_ID,NOTE_CONTENT,MAX_VISIBILITY,IS_QC_FEEDBACK,QC_STATUS,NOTE_TYPE,WEEK_NUMBER,BATCH_ID,TRAINEE_ID) values (6392,null,1,1,'Good','QC_TRAINEE',3,null,5532);
INSERT INTO CALIBER_NOTE (NOTE_ID,NOTE_CONTENT,MAX_VISIBILITY,IS_QC_FEEDBACK,QC_STATUS,NOTE_TYPE,WEEK_NUMBER,BATCH_ID,TRAINEE_ID) values (6393,null,1,1,'Good','QC_TRAINEE',3,null,5530);
INSERT INTO CALIBER_NOTE (NOTE_ID,NOTE_CONTENT,MAX_VISIBILITY,IS_QC_FEEDBACK,QC_STATUS,NOTE_TYPE,WEEK_NUMBER,BATCH_ID,TRAINEE_ID) values (6394,null,1,1,'Good','QC_TRAINEE',3,null,5524);
INSERT INTO CALIBER_NOTE (NOTE_ID,NOTE_CONTENT,MAX_VISIBILITY,IS_QC_FEEDBACK,QC_STATUS,NOTE_TYPE,WEEK_NUMBER,BATCH_ID,TRAINEE_ID) values (6395,null,1,1,'Good','QC_TRAINEE',3,null,5538);
INSERT INTO CALIBER_NOTE (NOTE_ID,NOTE_CONTENT,MAX_VISIBILITY,IS_QC_FEEDBACK,QC_STATUS,NOTE_TYPE,WEEK_NUMBER,BATCH_ID,TRAINEE_ID) values (6396,null,1,1,'Good','QC_TRAINEE',3,null,5526);
INSERT INTO CALIBER_NOTE (NOTE_ID,NOTE_CONTENT,MAX_VISIBILITY,IS_QC_FEEDBACK,QC_STATUS,NOTE_TYPE,WEEK_NUMBER,BATCH_ID,TRAINEE_ID) values (6397,null,1,1,'Good','QC_TRAINEE',3,null,5522);
INSERT INTO CALIBER_NOTE (NOTE_ID,NOTE_CONTENT,MAX_VISIBILITY,IS_QC_FEEDBACK,QC_STATUS,NOTE_TYPE,WEEK_NUMBER,BATCH_ID,TRAINEE_ID) values (6398,null,1,1,'Good','QC_TRAINEE',3,null,5539);
INSERT INTO CALIBER_NOTE (NOTE_ID,NOTE_CONTENT,MAX_VISIBILITY,IS_QC_FEEDBACK,QC_STATUS,NOTE_TYPE,WEEK_NUMBER,BATCH_ID,TRAINEE_ID) values (6399,null,1,1,'Good','QC_TRAINEE',3,null,5537);
INSERT INTO CALIBER_NOTE (NOTE_ID,NOTE_CONTENT,MAX_VISIBILITY,IS_QC_FEEDBACK,QC_STATUS,NOTE_TYPE,WEEK_NUMBER,BATCH_ID,TRAINEE_ID) values (6422,null,1,1,'Good','QC_TRAINEE',5,null,5530);
INSERT INTO CALIBER_NOTE (NOTE_ID,NOTE_CONTENT,MAX_VISIBILITY,IS_QC_FEEDBACK,QC_STATUS,NOTE_TYPE,WEEK_NUMBER,BATCH_ID,TRAINEE_ID) values (6421,null,1,1,'Good','QC_TRAINEE',5,null,5532);
INSERT INTO CALIBER_NOTE (NOTE_ID,NOTE_CONTENT,MAX_VISIBILITY,IS_QC_FEEDBACK,QC_STATUS,NOTE_TYPE,WEEK_NUMBER,BATCH_ID,TRAINEE_ID) values (6423,null,1,1,'Good','QC_TRAINEE',5,null,5524);
INSERT INTO CALIBER_NOTE (NOTE_ID,NOTE_CONTENT,MAX_VISIBILITY,IS_QC_FEEDBACK,QC_STATUS,NOTE_TYPE,WEEK_NUMBER,BATCH_ID,TRAINEE_ID) values (6424,null,1,1,'Good','QC_TRAINEE',5,null,5538);
INSERT INTO CALIBER_NOTE (NOTE_ID,NOTE_CONTENT,MAX_VISIBILITY,IS_QC_FEEDBACK,QC_STATUS,NOTE_TYPE,WEEK_NUMBER,BATCH_ID,TRAINEE_ID) values (6425,null,1,1,'Good','QC_TRAINEE',5,null,5526);
INSERT INTO CALIBER_NOTE (NOTE_ID,NOTE_CONTENT,MAX_VISIBILITY,IS_QC_FEEDBACK,QC_STATUS,NOTE_TYPE,WEEK_NUMBER,BATCH_ID,TRAINEE_ID) values (6426,null,1,1,'Good','QC_TRAINEE',5,null,5539);
INSERT INTO CALIBER_NOTE (NOTE_ID,NOTE_CONTENT,MAX_VISIBILITY,IS_QC_FEEDBACK,QC_STATUS,NOTE_TYPE,WEEK_NUMBER,BATCH_ID,TRAINEE_ID) values (6427,null,1,1,'Good','QC_TRAINEE',5,null,5537);
INSERT INTO CALIBER_NOTE (NOTE_ID,NOTE_CONTENT,MAX_VISIBILITY,IS_QC_FEEDBACK,QC_STATUS,NOTE_TYPE,WEEK_NUMBER,BATCH_ID,TRAINEE_ID) values (6428,null,1,1,'Good','QC_TRAINEE',5,null,5535);
INSERT INTO CALIBER_NOTE (NOTE_ID,NOTE_CONTENT,MAX_VISIBILITY,IS_QC_FEEDBACK,QC_STATUS,NOTE_TYPE,WEEK_NUMBER,BATCH_ID,TRAINEE_ID) values (6429,null,1,1,'Superstar','QC_TRAINEE',5,null,5534);
INSERT INTO CALIBER_NOTE (NOTE_ID,NOTE_CONTENT,MAX_VISIBILITY,IS_QC_FEEDBACK,QC_STATUS,NOTE_TYPE,WEEK_NUMBER,BATCH_ID,TRAINEE_ID) values (6430,null,1,1,'Superstar','QC_TRAINEE',5,null,5531);
INSERT INTO CALIBER_NOTE (NOTE_ID,NOTE_CONTENT,MAX_VISIBILITY,IS_QC_FEEDBACK,QC_STATUS,NOTE_TYPE,WEEK_NUMBER,BATCH_ID,TRAINEE_ID) values (6431,null,1,1,'Good','QC_TRAINEE',5,null,5536);
INSERT INTO CALIBER_NOTE (NOTE_ID,NOTE_CONTENT,MAX_VISIBILITY,IS_QC_FEEDBACK,QC_STATUS,NOTE_TYPE,WEEK_NUMBER,BATCH_ID,TRAINEE_ID) values (6432,'weak: S3 vs. EBS',1,1,'Superstar','QC_TRAINEE',5,null,5529);
INSERT INTO CALIBER_NOTE (NOTE_ID,NOTE_CONTENT,MAX_VISIBILITY,IS_QC_FEEDBACK,QC_STATUS,NOTE_TYPE,WEEK_NUMBER,BATCH_ID,TRAINEE_ID) values (6433,null,1,1,'Superstar','QC_TRAINEE',5,null,5525);
INSERT INTO CALIBER_NOTE (NOTE_ID,NOTE_CONTENT,MAX_VISIBILITY,IS_QC_FEEDBACK,QC_STATUS,NOTE_TYPE,WEEK_NUMBER,BATCH_ID,TRAINEE_ID) values (6434,null,1,1,'Good','QC_TRAINEE',5,null,5525);
INSERT INTO CALIBER_NOTE (NOTE_ID,NOTE_CONTENT,MAX_VISIBILITY,IS_QC_FEEDBACK,QC_STATUS,NOTE_TYPE,WEEK_NUMBER,BATCH_ID,TRAINEE_ID) values (6435,null,1,1,'Good','QC_TRAINEE',5,null,5527);
INSERT INTO CALIBER_NOTE (NOTE_ID,NOTE_CONTENT,MAX_VISIBILITY,IS_QC_FEEDBACK,QC_STATUS,NOTE_TYPE,WEEK_NUMBER,BATCH_ID,TRAINEE_ID) values (6436,null,1,1,'Good','QC_TRAINEE',5,null,5528);
INSERT INTO CALIBER_NOTE (NOTE_ID,NOTE_CONTENT,MAX_VISIBILITY,IS_QC_FEEDBACK,QC_STATUS,NOTE_TYPE,WEEK_NUMBER,BATCH_ID,TRAINEE_ID) values (6437,null,1,1,'Good','QC_TRAINEE',5,null,5533);
INSERT INTO CALIBER_NOTE (NOTE_ID,NOTE_CONTENT,MAX_VISIBILITY,IS_QC_FEEDBACK,QC_STATUS,NOTE_TYPE,WEEK_NUMBER,BATCH_ID,TRAINEE_ID) values (6438,'Covered: Unix, AWS, DevOps, Hibernate Cucumber and Selenium were covered but are not in curriculum. Morale good. Knowledge of Unix is limited to basic commands.  Did not know what a build server was.  Weak in hbm.xml.',1,1,'Good','QC_BATCH',5,2201,null);
INSERT INTO CALIBER_NOTE (NOTE_ID,NOTE_CONTENT,MAX_VISIBILITY,IS_QC_FEEDBACK,QC_STATUS,NOTE_TYPE,WEEK_NUMBER,BATCH_ID,TRAINEE_ID) values (6439,null,1,1,'Good','QC_TRAINEE',4,null,5524);
INSERT INTO CALIBER_NOTE (NOTE_ID,NOTE_CONTENT,MAX_VISIBILITY,IS_QC_FEEDBACK,QC_STATUS,NOTE_TYPE,WEEK_NUMBER,BATCH_ID,TRAINEE_ID) values (6440,null,1,1,'Good','QC_TRAINEE',4,null,5538);
INSERT INTO CALIBER_NOTE (NOTE_ID,NOTE_CONTENT,MAX_VISIBILITY,IS_QC_FEEDBACK,QC_STATUS,NOTE_TYPE,WEEK_NUMBER,BATCH_ID,TRAINEE_ID) values (6441,null,1,1,'Good','QC_TRAINEE',4,null,5526);
INSERT INTO CALIBER_NOTE (NOTE_ID,NOTE_CONTENT,MAX_VISIBILITY,IS_QC_FEEDBACK,QC_STATUS,NOTE_TYPE,WEEK_NUMBER,BATCH_ID,TRAINEE_ID) values (6442,null,1,1,'Good','QC_TRAINEE',4,null,5539);
INSERT INTO CALIBER_NOTE (NOTE_ID,NOTE_CONTENT,MAX_VISIBILITY,IS_QC_FEEDBACK,QC_STATUS,NOTE_TYPE,WEEK_NUMBER,BATCH_ID,TRAINEE_ID) values (6443,null,1,1,'Good','QC_TRAINEE',4,null,5537);
INSERT INTO CALIBER_NOTE (NOTE_ID,NOTE_CONTENT,MAX_VISIBILITY,IS_QC_FEEDBACK,QC_STATUS,NOTE_TYPE,WEEK_NUMBER,BATCH_ID,TRAINEE_ID) values (6444,null,1,1,'Good','QC_TRAINEE',4,null,5535);
INSERT INTO CALIBER_NOTE (NOTE_ID,NOTE_CONTENT,MAX_VISIBILITY,IS_QC_FEEDBACK,QC_STATUS,NOTE_TYPE,WEEK_NUMBER,BATCH_ID,TRAINEE_ID) values (6445,null,1,1,'Good','QC_TRAINEE',4,null,5531);
INSERT INTO CALIBER_NOTE (NOTE_ID,NOTE_CONTENT,MAX_VISIBILITY,IS_QC_FEEDBACK,QC_STATUS,NOTE_TYPE,WEEK_NUMBER,BATCH_ID,TRAINEE_ID) values (6446,null,1,1,'Good','QC_TRAINEE',4,null,5536);
INSERT INTO CALIBER_NOTE (NOTE_ID,NOTE_CONTENT,MAX_VISIBILITY,IS_QC_FEEDBACK,QC_STATUS,NOTE_TYPE,WEEK_NUMBER,BATCH_ID,TRAINEE_ID) values (6447,null,1,1,'Good','QC_TRAINEE',4,null,5527);
INSERT INTO CALIBER_NOTE (NOTE_ID,NOTE_CONTENT,MAX_VISIBILITY,IS_QC_FEEDBACK,QC_STATUS,NOTE_TYPE,WEEK_NUMBER,BATCH_ID,TRAINEE_ID) values (6372,'Good, volunteering',1,1,'Good','QC_TRAINEE',1,null,5521);
INSERT INTO CALIBER_NOTE (NOTE_ID,NOTE_CONTENT,MAX_VISIBILITY,IS_QC_FEEDBACK,QC_STATUS,NOTE_TYPE,WEEK_NUMBER,BATCH_ID,TRAINEE_ID) values (6373,'concerned about communication and technical skills.',1,1,'Poor','QC_TRAINEE',2,null,5521);
INSERT INTO CALIBER_NOTE (NOTE_ID,NOTE_CONTENT,MAX_VISIBILITY,IS_QC_FEEDBACK,QC_STATUS,NOTE_TYPE,WEEK_NUMBER,BATCH_ID,TRAINEE_ID) values (6374,'communication skills, need to speak up and clearly.',1,1,'Poor','QC_TRAINEE',2,null,5535);
INSERT INTO CALIBER_NOTE (NOTE_ID,NOTE_CONTENT,MAX_VISIBILITY,IS_QC_FEEDBACK,QC_STATUS,NOTE_TYPE,WEEK_NUMBER,BATCH_ID,TRAINEE_ID) values (6375,'concerned about communication skills, unable to understand the associate.',1,1,'Poor','QC_TRAINEE',2,null,5522);
INSERT INTO CALIBER_NOTE (NOTE_ID,NOTE_CONTENT,MAX_VISIBILITY,IS_QC_FEEDBACK,QC_STATUS,NOTE_TYPE,WEEK_NUMBER,BATCH_ID,TRAINEE_ID) values (6376,null,1,1,'Good','QC_TRAINEE',2,null,5539);
INSERT INTO CALIBER_NOTE (NOTE_ID,NOTE_CONTENT,MAX_VISIBILITY,IS_QC_FEEDBACK,QC_STATUS,NOTE_TYPE,WEEK_NUMBER,BATCH_ID,TRAINEE_ID) values (6377,'technically weak on SQL.',1,1,'Average','QC_TRAINEE',2,null,5536);
INSERT INTO CALIBER_NOTE (NOTE_ID,NOTE_CONTENT,MAX_VISIBILITY,IS_QC_FEEDBACK,QC_STATUS,NOTE_TYPE,WEEK_NUMBER,BATCH_ID,TRAINEE_ID) values (6378,'technically weak on SQL.',1,1,'Average','QC_TRAINEE',2,null,5529);
INSERT INTO CALIBER_NOTE (NOTE_ID,NOTE_CONTENT,MAX_VISIBILITY,IS_QC_FEEDBACK,QC_STATUS,NOTE_TYPE,WEEK_NUMBER,BATCH_ID,TRAINEE_ID) values (6379,'communication skills, need to speak up and clearly.',1,1,'Poor','QC_TRAINEE',2,null,5525);
INSERT INTO CALIBER_NOTE (NOTE_ID,NOTE_CONTENT,MAX_VISIBILITY,IS_QC_FEEDBACK,QC_STATUS,NOTE_TYPE,WEEK_NUMBER,BATCH_ID,TRAINEE_ID) values (6380,'technically weak on SQL.',1,1,'Average','QC_TRAINEE',2,null,5530);
INSERT INTO CALIBER_NOTE (NOTE_ID,NOTE_CONTENT,MAX_VISIBILITY,IS_QC_FEEDBACK,QC_STATUS,NOTE_TYPE,WEEK_NUMBER,BATCH_ID,TRAINEE_ID) values (6381,'technically weak on SQL.',1,1,'Average','QC_TRAINEE',2,null,5524);
INSERT INTO CALIBER_NOTE (NOTE_ID,NOTE_CONTENT,MAX_VISIBILITY,IS_QC_FEEDBACK,QC_STATUS,NOTE_TYPE,WEEK_NUMBER,BATCH_ID,TRAINEE_ID) values (6382,'technically weak on SQL.',1,1,'Average','QC_TRAINEE',2,null,5537);
INSERT INTO CALIBER_NOTE (NOTE_ID,NOTE_CONTENT,MAX_VISIBILITY,IS_QC_FEEDBACK,QC_STATUS,NOTE_TYPE,WEEK_NUMBER,BATCH_ID,TRAINEE_ID) values (6383,null,1,1,'Good','QC_TRAINEE',2,null,5538);
INSERT INTO CALIBER_NOTE (NOTE_ID,NOTE_CONTENT,MAX_VISIBILITY,IS_QC_FEEDBACK,QC_STATUS,NOTE_TYPE,WEEK_NUMBER,BATCH_ID,TRAINEE_ID) values (6384,null,1,1,'Good','QC_TRAINEE',2,null,5527);
INSERT INTO CALIBER_NOTE (NOTE_ID,NOTE_CONTENT,MAX_VISIBILITY,IS_QC_FEEDBACK,QC_STATUS,NOTE_TYPE,WEEK_NUMBER,BATCH_ID,TRAINEE_ID) values (6385,null,1,1,'Good','QC_TRAINEE',2,null,5532);
INSERT INTO CALIBER_NOTE (NOTE_ID,NOTE_CONTENT,MAX_VISIBILITY,IS_QC_FEEDBACK,QC_STATUS,NOTE_TYPE,WEEK_NUMBER,BATCH_ID,TRAINEE_ID) values (6386,null,1,1,'Good','QC_TRAINEE',2,null,5526);
INSERT INTO CALIBER_NOTE (NOTE_ID,NOTE_CONTENT,MAX_VISIBILITY,IS_QC_FEEDBACK,QC_STATUS,NOTE_TYPE,WEEK_NUMBER,BATCH_ID,TRAINEE_ID) values (6387,null,1,1,'Good','QC_TRAINEE',2,null,5531);
INSERT INTO CALIBER_NOTE (NOTE_ID,NOTE_CONTENT,MAX_VISIBILITY,IS_QC_FEEDBACK,QC_STATUS,NOTE_TYPE,WEEK_NUMBER,BATCH_ID,TRAINEE_ID) values (6388,null,1,1,'Good','QC_TRAINEE',2,null,5528);
INSERT INTO CALIBER_NOTE (NOTE_ID,NOTE_CONTENT,MAX_VISIBILITY,IS_QC_FEEDBACK,QC_STATUS,NOTE_TYPE,WEEK_NUMBER,BATCH_ID,TRAINEE_ID) values (6389,null,1,1,'Good','QC_TRAINEE',2,null,5533);
INSERT INTO CALIBER_NOTE (NOTE_ID,NOTE_CONTENT,MAX_VISIBILITY,IS_QC_FEEDBACK,QC_STATUS,NOTE_TYPE,WEEK_NUMBER,BATCH_ID,TRAINEE_ID) values (6390,'Covered: SQL and JDBC morale is good and they feel quite challenged by the trainer and the content. performance is average this week. SQL and JDBC answers were not complete, taking a few tries to get a correct response.',1,1,'Average','QC_BATCH',2,2201,null);
INSERT INTO CALIBER_NOTE (NOTE_ID,NOTE_CONTENT,MAX_VISIBILITY,IS_QC_FEEDBACK,QC_STATUS,NOTE_TYPE,WEEK_NUMBER,BATCH_ID,TRAINEE_ID) values (6401,null,1,1,'Good','QC_TRAINEE',3,null,5535);
INSERT INTO CALIBER_NOTE (NOTE_ID,NOTE_CONTENT,MAX_VISIBILITY,IS_QC_FEEDBACK,QC_STATUS,NOTE_TYPE,WEEK_NUMBER,BATCH_ID,TRAINEE_ID) values (6402,null,1,1,'Superstar','QC_TRAINEE',3,null,5534);
INSERT INTO CALIBER_NOTE (NOTE_ID,NOTE_CONTENT,MAX_VISIBILITY,IS_QC_FEEDBACK,QC_STATUS,NOTE_TYPE,WEEK_NUMBER,BATCH_ID,TRAINEE_ID) values (6403,null,1,1,'Good','QC_TRAINEE',3,null,5531);
INSERT INTO CALIBER_NOTE (NOTE_ID,NOTE_CONTENT,MAX_VISIBILITY,IS_QC_FEEDBACK,QC_STATUS,NOTE_TYPE,WEEK_NUMBER,BATCH_ID,TRAINEE_ID) values (6404,null,1,1,'Good','QC_TRAINEE',3,null,5536);
INSERT INTO CALIBER_NOTE (NOTE_ID,NOTE_CONTENT,MAX_VISIBILITY,IS_QC_FEEDBACK,QC_STATUS,NOTE_TYPE,WEEK_NUMBER,BATCH_ID,TRAINEE_ID) values (6405,null,1,1,'Good','QC_TRAINEE',3,null,5529);
INSERT INTO CALIBER_NOTE (NOTE_ID,NOTE_CONTENT,MAX_VISIBILITY,IS_QC_FEEDBACK,QC_STATUS,NOTE_TYPE,WEEK_NUMBER,BATCH_ID,TRAINEE_ID) values (6406,null,1,1,'Good','QC_TRAINEE',3,null,5525);
INSERT INTO CALIBER_NOTE (NOTE_ID,NOTE_CONTENT,MAX_VISIBILITY,IS_QC_FEEDBACK,QC_STATUS,NOTE_TYPE,WEEK_NUMBER,BATCH_ID,TRAINEE_ID) values (6407,null,1,1,'Good','QC_TRAINEE',3,null,5527);
INSERT INTO CALIBER_NOTE (NOTE_ID,NOTE_CONTENT,MAX_VISIBILITY,IS_QC_FEEDBACK,QC_STATUS,NOTE_TYPE,WEEK_NUMBER,BATCH_ID,TRAINEE_ID) values (6408,null,1,1,'Good','QC_TRAINEE',3,null,5528);
INSERT INTO CALIBER_NOTE (NOTE_ID,NOTE_CONTENT,MAX_VISIBILITY,IS_QC_FEEDBACK,QC_STATUS,NOTE_TYPE,WEEK_NUMBER,BATCH_ID,TRAINEE_ID) values (6409,null,1,1,'Good','QC_TRAINEE',3,null,5533);
INSERT INTO CALIBER_NOTE (NOTE_ID,NOTE_CONTENT,MAX_VISIBILITY,IS_QC_FEEDBACK,QC_STATUS,NOTE_TYPE,WEEK_NUMBER,BATCH_ID,TRAINEE_ID) values (6410,null,1,1,'Superstar','QC_TRAINEE',4,null,5534);
INSERT INTO CALIBER_NOTE (NOTE_ID,NOTE_CONTENT,MAX_VISIBILITY,IS_QC_FEEDBACK,QC_STATUS,NOTE_TYPE,WEEK_NUMBER,BATCH_ID,TRAINEE_ID) values (6411,null,1,1,'Superstar','QC_TRAINEE',4,null,5529);
INSERT INTO CALIBER_NOTE (NOTE_ID,NOTE_CONTENT,MAX_VISIBILITY,IS_QC_FEEDBACK,QC_STATUS,NOTE_TYPE,WEEK_NUMBER,BATCH_ID,TRAINEE_ID) values (6412,'weak: Document.ready()',1,1,'Average','QC_TRAINEE',4,null,5530);
INSERT INTO CALIBER_NOTE (NOTE_ID,NOTE_CONTENT,MAX_VISIBILITY,IS_QC_FEEDBACK,QC_STATUS,NOTE_TYPE,WEEK_NUMBER,BATCH_ID,TRAINEE_ID) values (6413,'weak: Document.ready()',1,1,'Average','QC_TRAINEE',4,null,5530);
INSERT INTO CALIBER_NOTE (NOTE_ID,NOTE_CONTENT,MAX_VISIBILITY,IS_QC_FEEDBACK,QC_STATUS,NOTE_TYPE,WEEK_NUMBER,BATCH_ID,TRAINEE_ID) values (6414,'weak: data types',1,1,'Average','QC_TRAINEE',4,null,5528);
INSERT INTO CALIBER_NOTE (NOTE_ID,NOTE_CONTENT,MAX_VISIBILITY,IS_QC_FEEDBACK,QC_STATUS,NOTE_TYPE,WEEK_NUMBER,BATCH_ID,TRAINEE_ID) values (6415,null,1,1,'Good','QC_TRAINEE',4,null,5533);
INSERT INTO CALIBER_NOTE (NOTE_ID,NOTE_CONTENT,MAX_VISIBILITY,IS_QC_FEEDBACK,QC_STATUS,NOTE_TYPE,WEEK_NUMBER,BATCH_ID,TRAINEE_ID) values (6416,'weak:  where to locate JavaScript on the page?',1,1,'Average','QC_TRAINEE',4,null,5532);
INSERT INTO CALIBER_NOTE (NOTE_ID,NOTE_CONTENT,MAX_VISIBILITY,IS_QC_FEEDBACK,QC_STATUS,NOTE_TYPE,WEEK_NUMBER,BATCH_ID,TRAINEE_ID) values (6417,'weak:  where to locate JavaScript on the page?',1,1,'Average','QC_TRAINEE',4,null,5532);
INSERT INTO CALIBER_NOTE (NOTE_ID,NOTE_CONTENT,MAX_VISIBILITY,IS_QC_FEEDBACK,QC_STATUS,NOTE_TYPE,WEEK_NUMBER,BATCH_ID,TRAINEE_ID) values (6418,'weak:  scopes',1,1,'Average','QC_TRAINEE',4,null,5525);
INSERT INTO CALIBER_NOTE (NOTE_ID,NOTE_CONTENT,MAX_VISIBILITY,IS_QC_FEEDBACK,QC_STATUS,NOTE_TYPE,WEEK_NUMBER,BATCH_ID,TRAINEE_ID) values (6419,'weak:  scopes',1,1,'Superstar','QC_TRAINEE',4,null,5525);
INSERT INTO CALIBER_NOTE (NOTE_ID,NOTE_CONTENT,MAX_VISIBILITY,IS_QC_FEEDBACK,QC_STATUS,NOTE_TYPE,WEEK_NUMBER,BATCH_ID,TRAINEE_ID) values (6420,'Covered: Client-side Not covered: Hoisting not covered but not on curriculum either. Morale good.',1,1,'Good','QC_BATCH',4,2201,null);
INSERT INTO CALIBER_NOTE (NOTE_ID,NOTE_CONTENT,MAX_VISIBILITY,IS_QC_FEEDBACK,QC_STATUS,NOTE_TYPE,WEEK_NUMBER,BATCH_ID,TRAINEE_ID) values (6448,'Asking good questions.',1,1,'Superstar','QC_TRAINEE',6,null,5529);
INSERT INTO CALIBER_NOTE (NOTE_ID,NOTE_CONTENT,MAX_VISIBILITY,IS_QC_FEEDBACK,QC_STATUS,NOTE_TYPE,WEEK_NUMBER,BATCH_ID,TRAINEE_ID) values (6449,null,1,1,'Superstar','QC_TRAINEE',6,null,5531);
INSERT INTO CALIBER_NOTE (NOTE_ID,NOTE_CONTENT,MAX_VISIBILITY,IS_QC_FEEDBACK,QC_STATUS,NOTE_TYPE,WEEK_NUMBER,BATCH_ID,TRAINEE_ID) values (6450,null,1,1,'Superstar','QC_TRAINEE',6,null,5525);
INSERT INTO CALIBER_NOTE (NOTE_ID,NOTE_CONTENT,MAX_VISIBILITY,IS_QC_FEEDBACK,QC_STATUS,NOTE_TYPE,WEEK_NUMBER,BATCH_ID,TRAINEE_ID) values (6451,'weak:  Dependency injection',1,1,'Average','QC_TRAINEE',6,null,5527);
INSERT INTO CALIBER_NOTE (NOTE_ID,NOTE_CONTENT,MAX_VISIBILITY,IS_QC_FEEDBACK,QC_STATUS,NOTE_TYPE,WEEK_NUMBER,BATCH_ID,TRAINEE_ID) values (6452,null,1,1,'Good','QC_TRAINEE',6,null,5528);
INSERT INTO CALIBER_NOTE (NOTE_ID,NOTE_CONTENT,MAX_VISIBILITY,IS_QC_FEEDBACK,QC_STATUS,NOTE_TYPE,WEEK_NUMBER,BATCH_ID,TRAINEE_ID) values (6453,'weak: Dispatcher Servlet, AOP',1,1,'Average','QC_TRAINEE',6,null,5524);
INSERT INTO CALIBER_NOTE (NOTE_ID,NOTE_CONTENT,MAX_VISIBILITY,IS_QC_FEEDBACK,QC_STATUS,NOTE_TYPE,WEEK_NUMBER,BATCH_ID,TRAINEE_ID) values (6454,null,1,1,'Good','QC_TRAINEE',6,null,5538);
INSERT INTO CALIBER_NOTE (NOTE_ID,NOTE_CONTENT,MAX_VISIBILITY,IS_QC_FEEDBACK,QC_STATUS,NOTE_TYPE,WEEK_NUMBER,BATCH_ID,TRAINEE_ID) values (6455,'weak:  AOP',1,1,'Good','QC_TRAINEE',6,null,5535);
INSERT INTO CALIBER_NOTE (NOTE_ID,NOTE_CONTENT,MAX_VISIBILITY,IS_QC_FEEDBACK,QC_STATUS,NOTE_TYPE,WEEK_NUMBER,BATCH_ID,TRAINEE_ID) values (6456,'weak:  AOP',1,1,'Average','QC_TRAINEE',6,null,5535);
INSERT INTO CALIBER_NOTE (NOTE_ID,NOTE_CONTENT,MAX_VISIBILITY,IS_QC_FEEDBACK,QC_STATUS,NOTE_TYPE,WEEK_NUMBER,BATCH_ID,TRAINEE_ID) values (6457,null,1,1,null,'QC_BATCH',6,2201,null);
INSERT INTO CALIBER_NOTE (NOTE_ID,NOTE_CONTENT,MAX_VISIBILITY,IS_QC_FEEDBACK,QC_STATUS,NOTE_TYPE,WEEK_NUMBER,BATCH_ID,TRAINEE_ID) values (6459,'weak: 2-way data binding',1,1,'Poor','QC_TRAINEE',7,null,5534);
INSERT INTO CALIBER_NOTE (NOTE_ID,NOTE_CONTENT,MAX_VISIBILITY,IS_QC_FEEDBACK,QC_STATUS,NOTE_TYPE,WEEK_NUMBER,BATCH_ID,TRAINEE_ID) values (6460,'weak: what is SOAP',1,1,'Poor','QC_TRAINEE',7,null,5536);
INSERT INTO CALIBER_NOTE (NOTE_ID,NOTE_CONTENT,MAX_VISIBILITY,IS_QC_FEEDBACK,QC_STATUS,NOTE_TYPE,WEEK_NUMBER,BATCH_ID,TRAINEE_ID) values (6461,null,1,1,'Good','QC_TRAINEE',7,null,5529);
INSERT INTO CALIBER_NOTE (NOTE_ID,NOTE_CONTENT,MAX_VISIBILITY,IS_QC_FEEDBACK,QC_STATUS,NOTE_TYPE,WEEK_NUMBER,BATCH_ID,TRAINEE_ID) values (6462,'weak: 2-way data binding',1,1,'Poor','QC_TRAINEE',7,null,5530);
INSERT INTO CALIBER_NOTE (NOTE_ID,NOTE_CONTENT,MAX_VISIBILITY,IS_QC_FEEDBACK,QC_STATUS,NOTE_TYPE,WEEK_NUMBER,BATCH_ID,TRAINEE_ID) values (6463,'weak: SOAP vs REST',1,1,'Poor','QC_TRAINEE',7,null,5524);
INSERT INTO CALIBER_NOTE (NOTE_ID,NOTE_CONTENT,MAX_VISIBILITY,IS_QC_FEEDBACK,QC_STATUS,NOTE_TYPE,WEEK_NUMBER,BATCH_ID,TRAINEE_ID) values (6464,'weak: elements of a SOAP message',1,1,'Poor','QC_TRAINEE',7,null,5527);
INSERT INTO CALIBER_NOTE (NOTE_ID,NOTE_CONTENT,MAX_VISIBILITY,IS_QC_FEEDBACK,QC_STATUS,NOTE_TYPE,WEEK_NUMBER,BATCH_ID,TRAINEE_ID) values (6465,null,1,1,'Good','QC_TRAINEE',7,null,5528);
INSERT INTO CALIBER_NOTE (NOTE_ID,NOTE_CONTENT,MAX_VISIBILITY,IS_QC_FEEDBACK,QC_STATUS,NOTE_TYPE,WEEK_NUMBER,BATCH_ID,TRAINEE_ID) values (6466,'weak: APIs for REST',1,1,'Poor','QC_TRAINEE',7,null,5537);
INSERT INTO CALIBER_NOTE (NOTE_ID,NOTE_CONTENT,MAX_VISIBILITY,IS_QC_FEEDBACK,QC_STATUS,NOTE_TYPE,WEEK_NUMBER,BATCH_ID,TRAINEE_ID) values (6467,null,1,1,'Good','QC_TRAINEE',7,null,5535);
INSERT INTO CALIBER_NOTE (NOTE_ID,NOTE_CONTENT,MAX_VISIBILITY,IS_QC_FEEDBACK,QC_STATUS,NOTE_TYPE,WEEK_NUMBER,BATCH_ID,TRAINEE_ID) values (6468,null,1,1,'Good','QC_TRAINEE',7,null,5538);
INSERT INTO CALIBER_NOTE (NOTE_ID,NOTE_CONTENT,MAX_VISIBILITY,IS_QC_FEEDBACK,QC_STATUS,NOTE_TYPE,WEEK_NUMBER,BATCH_ID,TRAINEE_ID) values (6469,'weak: Angular directives',1,1,'Poor','QC_TRAINEE',7,null,5525);
INSERT INTO CALIBER_NOTE (NOTE_ID,NOTE_CONTENT,MAX_VISIBILITY,IS_QC_FEEDBACK,QC_STATUS,NOTE_TYPE,WEEK_NUMBER,BATCH_ID,TRAINEE_ID) values (6470,'Covered: Web Services, AngularJS
Morale is good. They are fairly poor technically as a batch in SOAP and web services in general. They don''t know their way around a WSDL. AngularJS performance was a bit better.',1,1,'Poor','QC_BATCH',7,2201,null);
INSERT INTO CALIBER_NOTE (NOTE_ID,NOTE_CONTENT,MAX_VISIBILITY,IS_QC_FEEDBACK,QC_STATUS,NOTE_TYPE,WEEK_NUMBER,BATCH_ID,TRAINEE_ID) values (6471,null,1,1,'Good','QC_TRAINEE',7,null,5532);
INSERT INTO CALIBER_NOTE (NOTE_ID,NOTE_CONTENT,MAX_VISIBILITY,IS_QC_FEEDBACK,QC_STATUS,NOTE_TYPE,WEEK_NUMBER,BATCH_ID,TRAINEE_ID) values (6472,null,1,1,'Good','QC_TRAINEE',7,null,5526);
INSERT INTO CALIBER_NOTE (NOTE_ID,NOTE_CONTENT,MAX_VISIBILITY,IS_QC_FEEDBACK,QC_STATUS,NOTE_TYPE,WEEK_NUMBER,BATCH_ID,TRAINEE_ID) values (6473,null,1,1,'Good','QC_TRAINEE',7,null,5539);
INSERT INTO CALIBER_NOTE (NOTE_ID,NOTE_CONTENT,MAX_VISIBILITY,IS_QC_FEEDBACK,QC_STATUS,NOTE_TYPE,WEEK_NUMBER,BATCH_ID,TRAINEE_ID) values (6474,null,1,1,'Good','QC_TRAINEE',7,null,5531);
INSERT INTO CALIBER_NOTE (NOTE_ID,NOTE_CONTENT,MAX_VISIBILITY,IS_QC_FEEDBACK,QC_STATUS,NOTE_TYPE,WEEK_NUMBER,BATCH_ID,TRAINEE_ID) values (6475,null,1,1,'Good','QC_TRAINEE',7,null,5533);
INSERT INTO CALIBER_NOTE (NOTE_ID,NOTE_CONTENT,MAX_VISIBILITY,IS_QC_FEEDBACK,QC_STATUS,NOTE_TYPE,WEEK_NUMBER,BATCH_ID,TRAINEE_ID) values (6476,null,1,1,'Good','QC_TRAINEE',6,null,5532);
INSERT INTO CALIBER_NOTE (NOTE_ID,NOTE_CONTENT,MAX_VISIBILITY,IS_QC_FEEDBACK,QC_STATUS,NOTE_TYPE,WEEK_NUMBER,BATCH_ID,TRAINEE_ID) values (6477,null,1,1,'Good','QC_TRAINEE',6,null,5530);
INSERT INTO CALIBER_NOTE (NOTE_ID,NOTE_CONTENT,MAX_VISIBILITY,IS_QC_FEEDBACK,QC_STATUS,NOTE_TYPE,WEEK_NUMBER,BATCH_ID,TRAINEE_ID) values (6478,null,1,1,'Good','QC_TRAINEE',6,null,5526);
INSERT INTO CALIBER_NOTE (NOTE_ID,NOTE_CONTENT,MAX_VISIBILITY,IS_QC_FEEDBACK,QC_STATUS,NOTE_TYPE,WEEK_NUMBER,BATCH_ID,TRAINEE_ID) values (6479,null,1,1,'Good','QC_TRAINEE',6,null,5539);
INSERT INTO CALIBER_NOTE (NOTE_ID,NOTE_CONTENT,MAX_VISIBILITY,IS_QC_FEEDBACK,QC_STATUS,NOTE_TYPE,WEEK_NUMBER,BATCH_ID,TRAINEE_ID) values (6480,null,1,1,'Good','QC_TRAINEE',6,null,5537);
INSERT INTO CALIBER_NOTE (NOTE_ID,NOTE_CONTENT,MAX_VISIBILITY,IS_QC_FEEDBACK,QC_STATUS,NOTE_TYPE,WEEK_NUMBER,BATCH_ID,TRAINEE_ID) values (6481,null,1,1,'Good','QC_TRAINEE',6,null,5534);
INSERT INTO CALIBER_NOTE (NOTE_ID,NOTE_CONTENT,MAX_VISIBILITY,IS_QC_FEEDBACK,QC_STATUS,NOTE_TYPE,WEEK_NUMBER,BATCH_ID,TRAINEE_ID) values (6482,null,1,1,'Good','QC_TRAINEE',6,null,5536);
INSERT INTO CALIBER_NOTE (NOTE_ID,NOTE_CONTENT,MAX_VISIBILITY,IS_QC_FEEDBACK,QC_STATUS,NOTE_TYPE,WEEK_NUMBER,BATCH_ID,TRAINEE_ID) values (6483,null,1,1,'Good','QC_TRAINEE',6,null,5533);
-------------BATCH/ASSESSMENT/GRADES(TRAINING MODULE)----------------
COMMIT;
-------------PANELS----------------
INSERT INTO CALIBER_PANEL (PANEL_ID, ASSOCIATE_INTRO, COMMUNICATION_SKILLS, DURATION, INTERVIEW_FORMAT, INTERNET_CONNECTIVITY, INTERVIEW_DATE, OVERALL_FEEDBACK, PANEL_ROUND, PROJECT_ONE_DESCRIPTION, PROJECT_THREE_DESCRIPTION, PROJECT_TWO_DESCRIPTION, RECORDING_CONSENT, RECORDING_LINK, PANEL_STATUS, PANELIST_ID, TRAINEE_ID)
VALUES (1, 'Good intro', 'Good communication', '1hr 30mins', 'Skype', 'Stable',
TO_TIMESTAMP('2017-10-28 14:10:10.123000000', 'YYYY-MM-DD HH24:MI:SS.FF'), 'Good work', 1, 'ERS rocks',
'Caliber is the best', 'Nice design discussion', 'Yes', 'http://www.revature.com', 'Pass', 19, 5500);
INSERT INTO CALIBER_PANEL (PANEL_ID, ASSOCIATE_INTRO, COMMUNICATION_SKILLS, DURATION, INTERVIEW_FORMAT, INTERNET_CONNECTIVITY, INTERVIEW_DATE, OVERALL_FEEDBACK, PANEL_ROUND, PROJECT_ONE_DESCRIPTION, PROJECT_THREE_DESCRIPTION, PROJECT_TWO_DESCRIPTION, RECORDING_CONSENT, RECORDING_LINK, PANEL_STATUS, PANELIST_ID, TRAINEE_ID)
VALUES (2, 'Good intro', 'Good communication', '1hr 30mins', 'Skype', 'Unstable',
TO_TIMESTAMP('2017-10-27 14:10:10.123000000', 'YYYY-MM-DD HH24:MI:SS.FF'), 'Technically weaker', 1, 'ERS rocks',
'Caliber is the best', 'Nice design discussion', 'No', 'http://www.revature.com', 'Repanel', 19, 5501);
INSERT INTO CALIBER_PANEL (PANEL_ID, ASSOCIATE_INTRO, COMMUNICATION_SKILLS, DURATION, INTERVIEW_FORMAT, INTERNET_CONNECTIVITY, INTERVIEW_DATE, OVERALL_FEEDBACK, PANEL_ROUND, PROJECT_ONE_DESCRIPTION, PROJECT_THREE_DESCRIPTION, PROJECT_TWO_DESCRIPTION, RECORDING_CONSENT, RECORDING_LINK, PANEL_STATUS, PANELIST_ID, TRAINEE_ID)
VALUES (3, 'Good intro', 'Good communication', '1hr 30mins', 'Skype', 'Stable',
TO_TIMESTAMP('2017-10-26 14:10:10.123000000', 'YYYY-MM-DD HH24:MI:SS.FF'), 'Good work', 1, 'ERS rocks',
'Caliber is the best', 'Nice design discussion', 'No', 'http://www.revature.com', 'Pass', 19, 5502);
INSERT INTO CALIBER_PANEL (PANEL_ID, ASSOCIATE_INTRO, COMMUNICATION_SKILLS, DURATION, INTERVIEW_FORMAT, INTERNET_CONNECTIVITY, INTERVIEW_DATE, OVERALL_FEEDBACK, PANEL_ROUND, PROJECT_ONE_DESCRIPTION, PROJECT_THREE_DESCRIPTION, PROJECT_TWO_DESCRIPTION, RECORDING_CONSENT, RECORDING_LINK, PANEL_STATUS, PANELIST_ID, TRAINEE_ID)
VALUES (5, 'Good intro', 'Good communication', '1hr 30mins', 'Skype', 'Unstable',
TO_TIMESTAMP('2017-10-24 14:10:10.123000000', 'YYYY-MM-DD HH24:MI:SS.FF'), 'Good work', 1, 'ERS rocks',
'Caliber is the best', 'Nice design discussion', 'Yes', 'http://www.revature.com', 'Pass', 19, 5504);
INSERT INTO CALIBER_PANEL (PANEL_ID, ASSOCIATE_INTRO, COMMUNICATION_SKILLS, DURATION, INTERVIEW_FORMAT, INTERNET_CONNECTIVITY, INTERVIEW_DATE, OVERALL_FEEDBACK, PANEL_ROUND, PROJECT_ONE_DESCRIPTION, PROJECT_THREE_DESCRIPTION, PROJECT_TWO_DESCRIPTION, RECORDING_CONSENT, RECORDING_LINK, PANEL_STATUS, PANELIST_ID, TRAINEE_ID)
VALUES (6, 'Good intro', 'Good communication', '1hr 30mins', 'Skype', 'Stable',
TO_TIMESTAMP('2017-10-23 14:10:10.123000000', 'YYYY-MM-DD HH24:MI:SS.FF'), 'Technically weaker', 1, 'ERS rocks',
'Caliber is the best', 'Nice design discussion', 'Yes', 'http://www.revature.com', 'Repanel', 19, 5505);
INSERT INTO CALIBER_PANEL (PANEL_ID, ASSOCIATE_INTRO, COMMUNICATION_SKILLS, DURATION, INTERVIEW_FORMAT, INTERNET_CONNECTIVITY, INTERVIEW_DATE, OVERALL_FEEDBACK, PANEL_ROUND, PROJECT_ONE_DESCRIPTION, PROJECT_THREE_DESCRIPTION, PROJECT_TWO_DESCRIPTION, RECORDING_CONSENT, RECORDING_LINK, PANEL_STATUS, PANELIST_ID, TRAINEE_ID)
VALUES (7, 'Good intro', 'Good communication', '1hr 30mins', 'Skype', 'Stable',
TO_TIMESTAMP('2017-10-22 14:10:10.123000000', 'YYYY-MM-DD HH24:MI:SS.FF'), 'Good work', 1, 'ERS rocks',
'Caliber is the best', 'Nice design discussion', 'Yes', 'http://www.revature.com', 'Pass', 19, 5506);
INSERT INTO CALIBER_PANEL (PANEL_ID, ASSOCIATE_INTRO, COMMUNICATION_SKILLS, DURATION, INTERVIEW_FORMAT, INTERNET_CONNECTIVITY, INTERVIEW_DATE, OVERALL_FEEDBACK, PANEL_ROUND, PROJECT_ONE_DESCRIPTION, PROJECT_THREE_DESCRIPTION, PROJECT_TWO_DESCRIPTION, RECORDING_CONSENT, RECORDING_LINK, PANEL_STATUS, PANELIST_ID, TRAINEE_ID)
VALUES (8, 'Good intro', 'Good communication', '1hr 30mins', 'Skype', 'Stable',
TO_TIMESTAMP('2017-10-21 14:10:10.123000000', 'YYYY-MM-DD HH24:MI:SS.FF'), 'Technically weaker', 1, 'ERS rocks',
'Caliber is the best', 'Nice design discussion', 'Yes', 'http://www.revature.com', 'Repanel', 19, 5507);
INSERT INTO CALIBER_PANEL (PANEL_ID, ASSOCIATE_INTRO, COMMUNICATION_SKILLS, DURATION, INTERVIEW_FORMAT, INTERNET_CONNECTIVITY, INTERVIEW_DATE, OVERALL_FEEDBACK, PANEL_ROUND, PROJECT_ONE_DESCRIPTION, PROJECT_THREE_DESCRIPTION, PROJECT_TWO_DESCRIPTION, RECORDING_CONSENT, RECORDING_LINK, PANEL_STATUS, PANELIST_ID, TRAINEE_ID)
VALUES (9, 'Good intro', 'Good communication', '1hr 30mins', 'Skype', 'Stable',
TO_TIMESTAMP('2017-10-20 14:10:10.123000000', 'YYYY-MM-DD HH24:MI:SS.FF'), 'Good work', 1, 'ERS rocks',
'Caliber is the best', 'Nice design discussion', 'Yes', 'http://www.revature.com', 'Pass', 19, 5508);
INSERT INTO CALIBER_PANEL (PANEL_ID, ASSOCIATE_INTRO, COMMUNICATION_SKILLS, DURATION, INTERVIEW_FORMAT, INTERNET_CONNECTIVITY, INTERVIEW_DATE, OVERALL_FEEDBACK, PANEL_ROUND, PROJECT_ONE_DESCRIPTION, PROJECT_THREE_DESCRIPTION, PROJECT_TWO_DESCRIPTION, RECORDING_CONSENT, RECORDING_LINK, PANEL_STATUS, PANELIST_ID, TRAINEE_ID)
VALUES (10, 'Good intro', 'Good communication', '1hr 30mins', 'Skype', 'Stable',
TO_TIMESTAMP('2017-10-19 14:10:10.123000000', 'YYYY-MM-DD HH24:MI:SS.FF'), 'Technically weaker', 1, 'ERS rocks',
'Caliber is the best', 'Nice design discussion', 'No', 'http://www.revature.com', 'Repanel', 19, 5509);
INSERT INTO CALIBER_PANEL (PANEL_ID, ASSOCIATE_INTRO, COMMUNICATION_SKILLS, DURATION, INTERVIEW_FORMAT, INTERNET_CONNECTIVITY, INTERVIEW_DATE, OVERALL_FEEDBACK, PANEL_ROUND, PROJECT_ONE_DESCRIPTION, PROJECT_THREE_DESCRIPTION, PROJECT_TWO_DESCRIPTION, RECORDING_CONSENT, RECORDING_LINK, PANEL_STATUS, PANELIST_ID, TRAINEE_ID)
VALUES (11, 'Good intro', 'Good communication', '1hr 30mins', 'Skype', 'Stable',
TO_TIMESTAMP('2017-10-18 14:10:10.123000000', 'YYYY-MM-DD HH24:MI:SS.FF'), 'Good work', 1, 'ERS rocks',
'Caliber is the best', 'Nice design discussion', 'Yes', 'http://www.revature.com', 'Pass', 19, 5510);
INSERT INTO CALIBER_PANEL (PANEL_ID, ASSOCIATE_INTRO, COMMUNICATION_SKILLS, DURATION, INTERVIEW_FORMAT, INTERNET_CONNECTIVITY, INTERVIEW_DATE, OVERALL_FEEDBACK, PANEL_ROUND, PROJECT_ONE_DESCRIPTION, PROJECT_THREE_DESCRIPTION, PROJECT_TWO_DESCRIPTION, RECORDING_CONSENT, RECORDING_LINK, PANEL_STATUS, PANELIST_ID, TRAINEE_ID)
VALUES (12, 'Good intro', 'Good communication', '1hr 30mins', 'Skype', 'Stable',
TO_TIMESTAMP('2017-10-17 14:10:10.123000000', 'YYYY-MM-DD HH24:MI:SS.FF'), 'Technically weaker', 1, 'ERS rocks',
'Caliber is the best', 'Nice design discussion', 'Yes', 'http://www.revature.com', 'Repanel', 19, 5511);
INSERT INTO CALIBER_PANEL (PANEL_ID, ASSOCIATE_INTRO, COMMUNICATION_SKILLS, DURATION, INTERVIEW_FORMAT, INTERNET_CONNECTIVITY, INTERVIEW_DATE, OVERALL_FEEDBACK, PANEL_ROUND, PROJECT_ONE_DESCRIPTION, PROJECT_THREE_DESCRIPTION, PROJECT_TWO_DESCRIPTION, RECORDING_CONSENT, RECORDING_LINK, PANEL_STATUS, PANELIST_ID, TRAINEE_ID)
VALUES (13, 'Good intro', 'Good communication', '1hr 30mins', 'Skype', 'Stable',
TO_TIMESTAMP('2017-10-16 14:10:10.123000000', 'YYYY-MM-DD HH24:MI:SS.FF'), 'Good work', 1, 'ERS rocks',
'Caliber is the best', 'Nice design discussion', 'Yes', 'http://www.revature.com', 'Pass', 19, 5512);
INSERT INTO CALIBER_PANEL (PANEL_ID, ASSOCIATE_INTRO, COMMUNICATION_SKILLS, DURATION, INTERVIEW_FORMAT, INTERNET_CONNECTIVITY, INTERVIEW_DATE, OVERALL_FEEDBACK, PANEL_ROUND, PROJECT_ONE_DESCRIPTION, PROJECT_THREE_DESCRIPTION, PROJECT_TWO_DESCRIPTION, RECORDING_CONSENT, RECORDING_LINK, PANEL_STATUS, PANELIST_ID, TRAINEE_ID)
VALUES (14, 'Good intro', 'Good communication', '1hr 30mins', 'Skype', 'Unstable',
TO_TIMESTAMP('2017-10-15 14:10:10.123000000', 'YYYY-MM-DD HH24:MI:SS.FF'), 'Technically weaker', 1, 'ERS rocks',
'Caliber is the best', 'Nice design discussion', 'Yes', 'http://www.revature.com', 'Repanel', 19, 5513);
INSERT INTO CALIBER_PANEL (PANEL_ID, ASSOCIATE_INTRO, COMMUNICATION_SKILLS, DURATION, INTERVIEW_FORMAT, INTERNET_CONNECTIVITY, INTERVIEW_DATE, OVERALL_FEEDBACK, PANEL_ROUND, PROJECT_ONE_DESCRIPTION, PROJECT_THREE_DESCRIPTION, PROJECT_TWO_DESCRIPTION, RECORDING_CONSENT, RECORDING_LINK, PANEL_STATUS, PANELIST_ID, TRAINEE_ID)
VALUES (15, 'Good intro', 'Good communication', '1hr 30mins', 'Skype', 'Stable',
TO_TIMESTAMP('2017-10-14 14:10:10.123000000', 'YYYY-MM-DD HH24:MI:SS.FF'), 'Good work', 1, 'ERS rocks',
'Caliber is the best', 'Nice design discussion', 'Yes', 'http://www.revature.com', 'Pass', 19, 5514);
INSERT INTO CALIBER_PANEL (PANEL_ID, ASSOCIATE_INTRO, COMMUNICATION_SKILLS, DURATION, INTERVIEW_FORMAT, INTERNET_CONNECTIVITY, INTERVIEW_DATE, OVERALL_FEEDBACK, PANEL_ROUND, PROJECT_ONE_DESCRIPTION, PROJECT_THREE_DESCRIPTION, PROJECT_TWO_DESCRIPTION, RECORDING_CONSENT, RECORDING_LINK, PANEL_STATUS, PANELIST_ID, TRAINEE_ID)
VALUES (16, 'Good intro', 'Good communication', '1hr 30mins', 'Skype', 'Stable',
TO_TIMESTAMP('2017-10-13 14:10:10.123000000', 'YYYY-MM-DD HH24:MI:SS.FF'), 'Technically weaker', 1, 'ERS rocks',
'Caliber is the best', 'Nice design discussion', 'Yes', 'http://www.revature.com', 'Repanel', 19, 5515);
INSERT INTO CALIBER_PANEL (PANEL_ID, ASSOCIATE_INTRO, COMMUNICATION_SKILLS, DURATION, INTERVIEW_FORMAT, INTERNET_CONNECTIVITY, INTERVIEW_DATE, OVERALL_FEEDBACK, PANEL_ROUND, PROJECT_ONE_DESCRIPTION, PROJECT_THREE_DESCRIPTION, PROJECT_TWO_DESCRIPTION, RECORDING_CONSENT, RECORDING_LINK, PANEL_STATUS, PANELIST_ID, TRAINEE_ID)
VALUES (17, 'Good intro', 'Good communication', '1hr 30mins', 'Skype', 'Stable',
TO_TIMESTAMP('2017-10-12 14:10:10.123000000', 'YYYY-MM-DD HH24:MI:SS.FF'), 'Good work', 1, 'ERS rocks',
'Caliber is the best', 'Nice design discussion', 'Yes', 'http://www.revature.com', 'Pass', 19, 5516);
INSERT INTO CALIBER_PANEL (PANEL_ID, ASSOCIATE_INTRO, COMMUNICATION_SKILLS, DURATION, INTERVIEW_FORMAT, INTERNET_CONNECTIVITY, INTERVIEW_DATE, OVERALL_FEEDBACK, PANEL_ROUND, PROJECT_ONE_DESCRIPTION, PROJECT_THREE_DESCRIPTION, PROJECT_TWO_DESCRIPTION, RECORDING_CONSENT, RECORDING_LINK, PANEL_STATUS, PANELIST_ID, TRAINEE_ID)
VALUES (18, 'Good intro', 'Good communication', '1hr 30mins', 'Skype', 'Stable',
TO_TIMESTAMP('2017-10-11 14:10:10.123000000', 'YYYY-MM-DD HH24:MI:SS.FF'), 'Technically weaker', 1, 'ERS rocks',
'Caliber is the best', 'Nice design discussion', 'Yes', 'http://www.revature.com', 'Repanel', 19, 5517);
INSERT INTO CALIBER_PANEL (PANEL_ID, ASSOCIATE_INTRO, COMMUNICATION_SKILLS, DURATION, INTERVIEW_FORMAT, INTERNET_CONNECTIVITY, INTERVIEW_DATE, OVERALL_FEEDBACK, PANEL_ROUND, PROJECT_ONE_DESCRIPTION, PROJECT_THREE_DESCRIPTION, PROJECT_TWO_DESCRIPTION, RECORDING_CONSENT, RECORDING_LINK, PANEL_STATUS, PANELIST_ID, TRAINEE_ID)
VALUES (19, 'Good intro', 'Good communication', '1hr 30mins', 'Skype', 'Stable',
TO_TIMESTAMP('2017-10-10 14:10:10.123000000', 'YYYY-MM-DD HH24:MI:SS.FF'), 'Good work', 1, 'ERS rocks',
'Caliber is the best', 'Nice design discussion', 'Yes', 'http://www.revature.com', 'Pass', 19, 5518);
INSERT INTO CALIBER_PANEL (PANEL_ID, ASSOCIATE_INTRO, COMMUNICATION_SKILLS, DURATION, INTERVIEW_FORMAT, INTERNET_CONNECTIVITY, INTERVIEW_DATE, OVERALL_FEEDBACK, PANEL_ROUND, PROJECT_ONE_DESCRIPTION, PROJECT_THREE_DESCRIPTION, PROJECT_TWO_DESCRIPTION, RECORDING_CONSENT, RECORDING_LINK, PANEL_STATUS, PANELIST_ID, TRAINEE_ID)
VALUES (20, 'Good intro', 'Good communication', '1hr 30mins', 'Skype', 'Unstable',
TO_TIMESTAMP('2017-10-09 14:10:10.123000000', 'YYYY-MM-DD HH24:MI:SS.FF'), 'Technically weaker', 1, 'ERS rocks',
'Caliber is the best', 'Nice design discussion', 'Yes', 'http://www.revature.com', 'Repanel', 19, 5519);
INSERT INTO CALIBER_PANEL (PANEL_ID, ASSOCIATE_INTRO, COMMUNICATION_SKILLS, DURATION, INTERVIEW_FORMAT, INTERNET_CONNECTIVITY, INTERVIEW_DATE, OVERALL_FEEDBACK, PANEL_ROUND, PROJECT_ONE_DESCRIPTION, PROJECT_THREE_DESCRIPTION, PROJECT_TWO_DESCRIPTION, RECORDING_CONSENT, RECORDING_LINK, PANEL_STATUS, PANELIST_ID, TRAINEE_ID)
VALUES (21, 'Good intro', 'Good communication', '1hr 30mins', 'Skype', 'Stable',
TO_TIMESTAMP('2017-10-08 14:10:10.123000000', 'YYYY-MM-DD HH24:MI:SS.FF'), 'Good work', 1, 'ERS rocks',
'Caliber is the best', 'Nice design discussion', 'Yes', 'http://www.revature.com', 'Pass', 19, 5520);
INSERT INTO CALIBER_PANEL (PANEL_ID, ASSOCIATE_INTRO, COMMUNICATION_SKILLS, DURATION, INTERVIEW_FORMAT, INTERNET_CONNECTIVITY, INTERVIEW_DATE, OVERALL_FEEDBACK, PANEL_ROUND, PROJECT_ONE_DESCRIPTION, PROJECT_THREE_DESCRIPTION, PROJECT_TWO_DESCRIPTION, RECORDING_CONSENT, RECORDING_LINK, PANEL_STATUS, PANELIST_ID, TRAINEE_ID)
VALUES (22, 'Good intro', 'Good communication', '1hr 30mins', 'Skype', 'Stable',
TO_TIMESTAMP('2017-10-07 14:10:10.123000000', 'YYYY-MM-DD HH24:MI:SS.FF'), 'Technically weaker', 1, 'ERS rocks',
'Caliber is the best', 'Nice design discussion', 'Yes', 'http://www.revature.com', 'Repanel', 19, 5521);
INSERT INTO CALIBER_PANEL (PANEL_ID, ASSOCIATE_INTRO, COMMUNICATION_SKILLS, DURATION, INTERVIEW_FORMAT, INTERNET_CONNECTIVITY, INTERVIEW_DATE, OVERALL_FEEDBACK, PANEL_ROUND, PROJECT_ONE_DESCRIPTION, PROJECT_THREE_DESCRIPTION, PROJECT_TWO_DESCRIPTION, RECORDING_CONSENT, RECORDING_LINK, PANEL_STATUS, PANELIST_ID, TRAINEE_ID)
VALUES (23, 'Good intro', 'Good communication', '1hr 30mins', 'Skype', 'Stable',
TO_TIMESTAMP('2017-10-06 14:10:10.123000000', 'YYYY-MM-DD HH24:MI:SS.FF'), 'Good work', 1, 'ERS rocks',
'Caliber is the best', 'Nice design discussion', 'Yes', 'http://www.revature.com', 'Pass', 19, 5522);
INSERT INTO CALIBER_PANEL (PANEL_ID, ASSOCIATE_INTRO, COMMUNICATION_SKILLS, DURATION, INTERVIEW_FORMAT, INTERNET_CONNECTIVITY, INTERVIEW_DATE, OVERALL_FEEDBACK, PANEL_ROUND, PROJECT_ONE_DESCRIPTION, PROJECT_THREE_DESCRIPTION, PROJECT_TWO_DESCRIPTION, RECORDING_CONSENT, RECORDING_LINK, PANEL_STATUS, PANELIST_ID, TRAINEE_ID)
VALUES (24, 'Good intro', 'Good communication', '1hr 30mins', 'Skype', 'Stable',
TO_TIMESTAMP('2017-10-05 14:10:10.123000000', 'YYYY-MM-DD HH24:MI:SS.FF'), 'Technically weaker', 1, 'ERS rocks',
'Caliber is the best', 'Nice design discussion', 'Yes', 'http://www.revature.com', 'Repanel', 19, 5523);
INSERT INTO CALIBER_PANEL (PANEL_ID, ASSOCIATE_INTRO, COMMUNICATION_SKILLS, DURATION, INTERVIEW_FORMAT, INTERNET_CONNECTIVITY, INTERVIEW_DATE, OVERALL_FEEDBACK, PANEL_ROUND, PROJECT_ONE_DESCRIPTION, PROJECT_THREE_DESCRIPTION, PROJECT_TWO_DESCRIPTION, RECORDING_CONSENT, RECORDING_LINK, PANEL_STATUS, PANELIST_ID, TRAINEE_ID)
VALUES (25, 'Good intro', 'Good communication', '1hr 30mins', 'Skype', 'Stable',
TO_TIMESTAMP('2017-10-04 14:10:10.123000000', 'YYYY-MM-DD HH24:MI:SS.FF'), 'Good work', 1, 'ERS rocks',
'Caliber is the best', 'Nice design discussion', 'Yes', 'http://www.revature.com', 'Pass', 19, 5524);
INSERT INTO CALIBER_PANEL (PANEL_ID, ASSOCIATE_INTRO, COMMUNICATION_SKILLS, DURATION, INTERVIEW_FORMAT, INTERNET_CONNECTIVITY, INTERVIEW_DATE, OVERALL_FEEDBACK, PANEL_ROUND, PROJECT_ONE_DESCRIPTION, PROJECT_THREE_DESCRIPTION, PROJECT_TWO_DESCRIPTION, RECORDING_CONSENT, RECORDING_LINK, PANEL_STATUS, PANELIST_ID, TRAINEE_ID)
VALUES (26, 'Good intro', 'Good communication', '1hr 30mins', 'Skype', 'Stable',
TO_TIMESTAMP('2017-10-03 14:10:10.123000000', 'YYYY-MM-DD HH24:MI:SS.FF'), 'Technically weaker', 1, 'ERS rocks',
'Caliber is the best', 'Nice design discussion', 'Yes', 'http://www.revature.com', 'Repanel', 19, 5525);
INSERT INTO CALIBER_PANEL (PANEL_ID, ASSOCIATE_INTRO, COMMUNICATION_SKILLS, DURATION, INTERVIEW_FORMAT, INTERNET_CONNECTIVITY, INTERVIEW_DATE, OVERALL_FEEDBACK, PANEL_ROUND, PROJECT_ONE_DESCRIPTION, PROJECT_THREE_DESCRIPTION, PROJECT_TWO_DESCRIPTION, RECORDING_CONSENT, RECORDING_LINK, PANEL_STATUS, PANELIST_ID, TRAINEE_ID)
VALUES (27, 'Good intro', 'Good communication', '1hr 30mins', 'Skype', 'Stable',
TO_TIMESTAMP('2017-10-02 14:10:10.123000000', 'YYYY-MM-DD HH24:MI:SS.FF'), 'Good work', 1, 'ERS rocks',
'Caliber is the best', 'Nice design discussion', 'Yes', 'http://www.revature.com', 'Pass', 19, 5526);
INSERT INTO CALIBER_PANEL (PANEL_ID, ASSOCIATE_INTRO, COMMUNICATION_SKILLS, DURATION, INTERVIEW_FORMAT, INTERNET_CONNECTIVITY, INTERVIEW_DATE, OVERALL_FEEDBACK, PANEL_ROUND, PROJECT_ONE_DESCRIPTION, PROJECT_THREE_DESCRIPTION, PROJECT_TWO_DESCRIPTION, RECORDING_CONSENT, RECORDING_LINK, PANEL_STATUS, PANELIST_ID, TRAINEE_ID)
VALUES (28, 'Good intro', 'Good communication', '1hr 30mins', 'Skype', 'Stable',
TO_TIMESTAMP('2017-10-01 14:10:10.123000000', 'YYYY-MM-DD HH24:MI:SS.FF'), 'Technically weaker', 1, 'ERS rocks',
'Caliber is the best', 'Nice design discussion', 'Yes', 'http://www.revature.com', 'Repanel', 19, 5527);
INSERT INTO CALIBER_PANEL (PANEL_ID, ASSOCIATE_INTRO, COMMUNICATION_SKILLS, DURATION, INTERVIEW_FORMAT, INTERNET_CONNECTIVITY, INTERVIEW_DATE, OVERALL_FEEDBACK, PANEL_ROUND, PROJECT_ONE_DESCRIPTION, PROJECT_THREE_DESCRIPTION, PROJECT_TWO_DESCRIPTION, RECORDING_CONSENT, RECORDING_LINK, PANEL_STATUS, PANELIST_ID, TRAINEE_ID)
VALUES (29, 'Good intro', 'Good communication', '1hr 30mins', 'Skype', 'Stable',
TO_TIMESTAMP('2017-11-06 14:10:10.123000000', 'YYYY-MM-DD HH24:MI:SS.FF'), 'Good work', 1, 'ERS rocks',
'Caliber is the best', 'Nice design discussion', 'Yes', 'http://www.revature.com', 'Pass', 19, 5528);
INSERT INTO CALIBER_PANEL (PANEL_ID, ASSOCIATE_INTRO, COMMUNICATION_SKILLS, DURATION, INTERVIEW_FORMAT, INTERNET_CONNECTIVITY, INTERVIEW_DATE, OVERALL_FEEDBACK, PANEL_ROUND, PROJECT_ONE_DESCRIPTION, PROJECT_THREE_DESCRIPTION, PROJECT_TWO_DESCRIPTION, RECORDING_CONSENT, RECORDING_LINK, PANEL_STATUS, PANELIST_ID, TRAINEE_ID)
VALUES (30, 'Good intro', 'Good communication', '1hr 30mins', 'Skype', 'Stable',
TO_TIMESTAMP('2017-11-05 14:10:10.123000000', 'YYYY-MM-DD HH24:MI:SS.FF'), 'Technically weaker', 1, 'ERS rocks',
'Caliber is the best', 'Nice design discussion', 'Yes', 'http://www.revature.com', 'Repanel', 19, 5529);
INSERT INTO CALIBER_PANEL (PANEL_ID, ASSOCIATE_INTRO, COMMUNICATION_SKILLS, DURATION, INTERVIEW_FORMAT, INTERNET_CONNECTIVITY, INTERVIEW_DATE, OVERALL_FEEDBACK, PANEL_ROUND, PROJECT_ONE_DESCRIPTION, PROJECT_THREE_DESCRIPTION, PROJECT_TWO_DESCRIPTION, RECORDING_CONSENT, RECORDING_LINK, PANEL_STATUS, PANELIST_ID, TRAINEE_ID)
VALUES (31, 'Good intro', 'Good communication', '1hr 30mins', 'Skype', 'Unstable',
TO_TIMESTAMP('2017-11-04 14:10:10.123000000', 'YYYY-MM-DD HH24:MI:SS.FF'), 'Good work', 1, 'ERS rocks',
'Caliber is the best', 'Nice design discussion', 'Yes', 'http://www.revature.com', 'Pass', 19, 5530);
INSERT INTO CALIBER_PANEL (PANEL_ID, ASSOCIATE_INTRO, COMMUNICATION_SKILLS, DURATION, INTERVIEW_FORMAT, INTERNET_CONNECTIVITY, INTERVIEW_DATE, OVERALL_FEEDBACK, PANEL_ROUND, PROJECT_ONE_DESCRIPTION, PROJECT_THREE_DESCRIPTION, PROJECT_TWO_DESCRIPTION, RECORDING_CONSENT, RECORDING_LINK, PANEL_STATUS, PANELIST_ID, TRAINEE_ID)
VALUES (32, 'Good intro', 'Good communication', '1hr 30mins', 'Skype', 'Stable',
TO_TIMESTAMP('2017-11-03 14:10:10.123000000', 'YYYY-MM-DD HH24:MI:SS.FF'), 'Technically weaker', 1, 'ERS rocks',
'Caliber is the best', 'Nice design discussion', 'Yes', 'http://www.revature.com', 'Repanel', 19, 5531);
INSERT INTO CALIBER_PANEL (PANEL_ID, ASSOCIATE_INTRO, COMMUNICATION_SKILLS, DURATION, INTERVIEW_FORMAT, INTERNET_CONNECTIVITY, INTERVIEW_DATE, OVERALL_FEEDBACK, PANEL_ROUND, PROJECT_ONE_DESCRIPTION, PROJECT_THREE_DESCRIPTION, PROJECT_TWO_DESCRIPTION, RECORDING_CONSENT, RECORDING_LINK, PANEL_STATUS, PANELIST_ID, TRAINEE_ID)
VALUES (33, 'Good intro', 'Good communication', '1hr 30mins', 'Skype', 'Stable',
TO_TIMESTAMP('2017-11-02 14:10:10.123000000', 'YYYY-MM-DD HH24:MI:SS.FF'), 'Good work', 1, 'ERS rocks',
'Caliber is the best', 'Nice design discussion', 'Yes', 'http://www.revature.com', 'Pass', 19, 5532);
INSERT INTO CALIBER_PANEL (PANEL_ID, ASSOCIATE_INTRO, COMMUNICATION_SKILLS, DURATION, INTERVIEW_FORMAT, INTERNET_CONNECTIVITY, INTERVIEW_DATE, OVERALL_FEEDBACK, PANEL_ROUND, PROJECT_ONE_DESCRIPTION, PROJECT_THREE_DESCRIPTION, PROJECT_TWO_DESCRIPTION, RECORDING_CONSENT, RECORDING_LINK, PANEL_STATUS, PANELIST_ID, TRAINEE_ID)
VALUES (34, 'Good intro', 'Good communication', '1hr 30mins', 'Skype', 'Stable',
TO_TIMESTAMP('2017-11-01 14:10:10.123000000', 'YYYY-MM-DD HH24:MI:SS.FF'), 'Technically weaker', 1, 'ERS rocks',
'Caliber is the best', 'Nice design discussion', 'Yes', 'http://www.revature.com', 'Repanel', 19, 5533);
INSERT INTO CALIBER_PANEL (PANEL_ID, ASSOCIATE_INTRO, COMMUNICATION_SKILLS, DURATION, INTERVIEW_FORMAT, INTERNET_CONNECTIVITY, INTERVIEW_DATE, OVERALL_FEEDBACK, PANEL_ROUND, PROJECT_ONE_DESCRIPTION, PROJECT_THREE_DESCRIPTION, PROJECT_TWO_DESCRIPTION, RECORDING_CONSENT, RECORDING_LINK, PANEL_STATUS, PANELIST_ID, TRAINEE_ID)
VALUES (35, 'Good intro', 'Good communication', '1hr 30mins', 'Skype', 'Stable',
TO_TIMESTAMP('2017-11-30 14:10:10.123000000', 'YYYY-MM-DD HH24:MI:SS.FF'), 'Good work', 1, 'ERS rocks',
'Caliber is the best', 'Nice design discussion', 'Yes', 'http://www.revature.com', 'Pass', 19, 5534);
INSERT INTO CALIBER_PANEL (PANEL_ID, ASSOCIATE_INTRO, COMMUNICATION_SKILLS, DURATION, INTERVIEW_FORMAT, INTERNET_CONNECTIVITY, INTERVIEW_DATE, OVERALL_FEEDBACK, PANEL_ROUND, PROJECT_ONE_DESCRIPTION, PROJECT_THREE_DESCRIPTION, PROJECT_TWO_DESCRIPTION, RECORDING_CONSENT, RECORDING_LINK, PANEL_STATUS, PANELIST_ID, TRAINEE_ID)
VALUES (36, 'Good intro', 'Good communication', '1hr 30mins', 'Skype', 'Stable',
TO_TIMESTAMP('2017-11-29 14:10:10.123000000', 'YYYY-MM-DD HH24:MI:SS.FF'), 'Technically weaker', 1, 'ERS rocks',
'Caliber is the best', 'Nice design discussion', 'Yes', 'http://www.revature.com', 'Repanel', 19, 5535);
INSERT INTO CALIBER_PANEL (PANEL_ID, ASSOCIATE_INTRO, COMMUNICATION_SKILLS, DURATION, INTERVIEW_FORMAT, INTERNET_CONNECTIVITY, INTERVIEW_DATE, OVERALL_FEEDBACK, PANEL_ROUND, PROJECT_ONE_DESCRIPTION, PROJECT_THREE_DESCRIPTION, PROJECT_TWO_DESCRIPTION, RECORDING_CONSENT, RECORDING_LINK, PANEL_STATUS, PANELIST_ID, TRAINEE_ID)
VALUES (37, 'Good intro', 'Good communication', '1hr 30mins', 'Skype', 'Stable',
TO_TIMESTAMP('2017-11-28 14:10:10.123000000', 'YYYY-MM-DD HH24:MI:SS.FF'), 'Good work', 1, 'ERS rocks',
'Caliber is the best', 'Nice design discussion', 'Yes', 'http://www.revature.com', 'Pass', 19, 5536);
INSERT INTO CALIBER_PANEL (PANEL_ID, ASSOCIATE_INTRO, COMMUNICATION_SKILLS, DURATION, INTERVIEW_FORMAT, INTERNET_CONNECTIVITY, INTERVIEW_DATE, OVERALL_FEEDBACK, PANEL_ROUND, PROJECT_ONE_DESCRIPTION, PROJECT_THREE_DESCRIPTION, PROJECT_TWO_DESCRIPTION, RECORDING_CONSENT, RECORDING_LINK, PANEL_STATUS, PANELIST_ID, TRAINEE_ID)
VALUES (38, 'Good intro', 'Good communication', '1hr 30mins', 'Skype', 'Stable',
TO_TIMESTAMP('2017-11-27 14:10:10.123000000', 'YYYY-MM-DD HH24:MI:SS.FF'), 'Technically weaker', 1, 'ERS rocks',
'Caliber is the best', 'Nice design discussion', 'Yes', 'http://www.revature.com', 'Repanel', 19, 5537);
INSERT INTO CALIBER_PANEL (PANEL_ID, ASSOCIATE_INTRO, COMMUNICATION_SKILLS, DURATION, INTERVIEW_FORMAT, INTERNET_CONNECTIVITY, INTERVIEW_DATE, OVERALL_FEEDBACK, PANEL_ROUND, PROJECT_ONE_DESCRIPTION, PROJECT_THREE_DESCRIPTION, PROJECT_TWO_DESCRIPTION, RECORDING_CONSENT, RECORDING_LINK, PANEL_STATUS, PANELIST_ID, TRAINEE_ID)
VALUES (39, 'Good intro', 'Good communication', '1hr 30mins', 'Skype', 'Stable',
TO_TIMESTAMP('2017-11-26 14:10:10.123000000', 'YYYY-MM-DD HH24:MI:SS.FF'), 'Good work', 1, 'ERS rocks',
'Caliber is the best', 'Nice design discussion', 'Yes', 'http://www.revature.com', 'Pass', 19, 5538);
INSERT INTO CALIBER_PANEL (PANEL_ID, ASSOCIATE_INTRO, COMMUNICATION_SKILLS, DURATION, INTERVIEW_FORMAT, INTERNET_CONNECTIVITY, INTERVIEW_DATE, OVERALL_FEEDBACK, PANEL_ROUND, PROJECT_ONE_DESCRIPTION, PROJECT_THREE_DESCRIPTION, PROJECT_TWO_DESCRIPTION, RECORDING_CONSENT, RECORDING_LINK, PANEL_STATUS, PANELIST_ID, TRAINEE_ID)
VALUES (40, 'Good intro', 'Good communication', '1hr 30mins', 'Skype', 'Stable',
TO_TIMESTAMP('2017-11-25 14:10:10.123000000', 'YYYY-MM-DD HH24:MI:SS.FF'), 'Technically weaker', 1, 'ERS rocks',
'Caliber is the best', 'Nice design discussion', 'Yes', 'http://www.revature.com', 'Repanel', 19, 5539);
INSERT INTO CALIBER_PANEL (PANEL_ID, ASSOCIATE_INTRO, COMMUNICATION_SKILLS, DURATION, INTERVIEW_FORMAT, INTERNET_CONNECTIVITY, INTERVIEW_DATE, OVERALL_FEEDBACK, PANEL_ROUND, PROJECT_ONE_DESCRIPTION, PROJECT_THREE_DESCRIPTION, PROJECT_TWO_DESCRIPTION, RECORDING_CONSENT, RECORDING_LINK, PANEL_STATUS, PANELIST_ID, TRAINEE_ID)
VALUES (55, 'Good intro', 'Good communication', '1hr 30mins', 'Skype', 'Stable',
TO_TIMESTAMP('2017-12-03 14:10:10.123000000', 'YYYY-MM-DD HH24:MI:SS.FF'), 'Good work', 1, 'ERS rocks',
'Caliber is the best', 'Nice design discussion', 'Yes', 'http://www.revature.com', 'Pass', 19, 5540);
INSERT INTO CALIBER_PANEL (PANEL_ID, ASSOCIATE_INTRO, COMMUNICATION_SKILLS, DURATION, INTERVIEW_FORMAT, INTERNET_CONNECTIVITY, INTERVIEW_DATE, OVERALL_FEEDBACK, PANEL_ROUND, PROJECT_ONE_DESCRIPTION, PROJECT_THREE_DESCRIPTION, PROJECT_TWO_DESCRIPTION, RECORDING_CONSENT, RECORDING_LINK, PANEL_STATUS, PANELIST_ID, TRAINEE_ID)
VALUES (56, 'Good intro', 'Good communication', '1hr 30mins', 'Skype', 'Stable',
TO_TIMESTAMP('2017-12-04 14:10:10.123000000', 'YYYY-MM-DD HH24:MI:SS.FF'), 'Technically weaker', 1, 'ERS rocks',
'Caliber is the best', 'Nice design discussion', 'Yes', 'http://www.revature.com', 'Repanel', 19, 5402);
INSERT INTO CALIBER_PANEL (PANEL_ID, ASSOCIATE_INTRO, COMMUNICATION_SKILLS, DURATION, INTERVIEW_FORMAT, INTERNET_CONNECTIVITY, INTERVIEW_DATE, OVERALL_FEEDBACK, PANEL_ROUND, PROJECT_ONE_DESCRIPTION, PROJECT_THREE_DESCRIPTION, PROJECT_TWO_DESCRIPTION, RECORDING_CONSENT, RECORDING_LINK, PANEL_STATUS, PANELIST_ID, TRAINEE_ID)
VALUES (57, 'Good intro', 'Good communication', '1hr 30mins', 'Skype', 'Unstable',
TO_TIMESTAMP('2017-12-05 14:10:10.123000000', 'YYYY-MM-DD HH24:MI:SS.FF'), 'Good work', 1, 'ERS rocks',
'Caliber is the best', 'Nice design discussion', 'Yes', 'http://www.revature.com', 'Pass', 19, 5400);
INSERT INTO CALIBER_PANEL (PANEL_ID, ASSOCIATE_INTRO, COMMUNICATION_SKILLS, DURATION, INTERVIEW_FORMAT, INTERNET_CONNECTIVITY, INTERVIEW_DATE, OVERALL_FEEDBACK, PANEL_ROUND, PROJECT_ONE_DESCRIPTION, PROJECT_THREE_DESCRIPTION, PROJECT_TWO_DESCRIPTION, RECORDING_CONSENT, RECORDING_LINK, PANEL_STATUS, PANELIST_ID, TRAINEE_ID)
VALUES (58, 'Good intro', 'Good communication', '1hr 30mins', 'Skype', 'Stable',
TO_TIMESTAMP('2017-12-06 14:10:10.123000000', 'YYYY-MM-DD HH24:MI:SS.FF'), 'Technically weaker', 1, 'ERS rocks',
'Caliber is the best', 'Nice design discussion', 'Yes', 'http://www.revature.com', 'Repanel', 19, 5401);
INSERT INTO CALIBER_PANEL (PANEL_ID, ASSOCIATE_INTRO, COMMUNICATION_SKILLS, DURATION, INTERVIEW_FORMAT, INTERNET_CONNECTIVITY, INTERVIEW_DATE, OVERALL_FEEDBACK, PANEL_ROUND, PROJECT_ONE_DESCRIPTION, PROJECT_THREE_DESCRIPTION, PROJECT_TWO_DESCRIPTION, RECORDING_CONSENT, RECORDING_LINK, PANEL_STATUS, PANELIST_ID, TRAINEE_ID)
VALUES (59, 'Good intro', 'Good communication', '1hr 30mins', 'Skype', 'Stable',
TO_TIMESTAMP('2017-12-07 14:10:10.123000000', 'YYYY-MM-DD HH24:MI:SS.FF'), 'Good work', 1, 'ERS rocks',
'Caliber is the best', 'Nice design discussion', 'No', 'http://www.revature.com', 'Pass', 19, 5451);
INSERT INTO CALIBER_PANEL (PANEL_ID, ASSOCIATE_INTRO, COMMUNICATION_SKILLS, DURATION, INTERVIEW_FORMAT, INTERNET_CONNECTIVITY, INTERVIEW_DATE, OVERALL_FEEDBACK, PANEL_ROUND, PROJECT_ONE_DESCRIPTION, PROJECT_THREE_DESCRIPTION, PROJECT_TWO_DESCRIPTION, RECORDING_CONSENT, RECORDING_LINK, PANEL_STATUS, PANELIST_ID, TRAINEE_ID)
VALUES (60, 'Good intro', 'Good communication', '1hr 30mins', 'Skype', 'Stable',
TO_TIMESTAMP('2017-12-08 14:10:10.123000000', 'YYYY-MM-DD HH24:MI:SS.FF'), 'Technically weaker', 1, 'ERS rocks',
'Caliber is the best', 'Nice design discussion', 'No', 'http://www.revature.com', 'Repanel', 19, 5452);
INSERT INTO CALIBER_PANEL (PANEL_ID, ASSOCIATE_INTRO, COMMUNICATION_SKILLS, DURATION, INTERVIEW_FORMAT, INTERNET_CONNECTIVITY, INTERVIEW_DATE, OVERALL_FEEDBACK, PANEL_ROUND, PROJECT_ONE_DESCRIPTION, PROJECT_THREE_DESCRIPTION, PROJECT_TWO_DESCRIPTION, RECORDING_CONSENT, RECORDING_LINK, PANEL_STATUS, PANELIST_ID, TRAINEE_ID)
VALUES (61, 'Good intro', 'Good communication', '1hr 30mins', 'Skype', 'Stable',
TO_TIMESTAMP('2017-12-09 14:10:10.123000000', 'YYYY-MM-DD HH24:MI:SS.FF'), 'Good work', 1, 'ERS rocks',
'Caliber is the best', 'Nice design discussion', 'Yes', 'http://www.revature.com', 'Pass', 19, 5453);
INSERT INTO CALIBER_PANEL (PANEL_ID, ASSOCIATE_INTRO, COMMUNICATION_SKILLS, DURATION, INTERVIEW_FORMAT, INTERNET_CONNECTIVITY, INTERVIEW_DATE, OVERALL_FEEDBACK, PANEL_ROUND, PROJECT_ONE_DESCRIPTION, PROJECT_THREE_DESCRIPTION, PROJECT_TWO_DESCRIPTION, RECORDING_CONSENT, RECORDING_LINK, PANEL_STATUS, PANELIST_ID, TRAINEE_ID)
VALUES (62, 'Good intro', 'Good communication', '1hr 30mins', 'Skype', 'Stable',
TO_TIMESTAMP('2017-12-10 14:10:10.123000000', 'YYYY-MM-DD HH24:MI:SS.FF'), 'Technically weaker', 1, 'ERS rocks',
'Caliber is the best', 'Nice design discussion', 'Yes', 'http://www.revature.com', 'Repanel', 19, 5454);
INSERT INTO CALIBER_PANEL (PANEL_ID, ASSOCIATE_INTRO, COMMUNICATION_SKILLS, DURATION, INTERVIEW_FORMAT, INTERNET_CONNECTIVITY, INTERVIEW_DATE, OVERALL_FEEDBACK, PANEL_ROUND, PROJECT_ONE_DESCRIPTION, PROJECT_THREE_DESCRIPTION, PROJECT_TWO_DESCRIPTION, RECORDING_CONSENT, RECORDING_LINK, PANEL_STATUS, PANELIST_ID, TRAINEE_ID)
VALUES (63, 'Good intro', 'Good communication', '1hr 30mins', 'Skype', 'Stable',
TO_TIMESTAMP('2017-12-11 14:10:10.123000000', 'YYYY-MM-DD HH24:MI:SS.FF'), 'Good work', 1, 'ERS rocks',
'Caliber is the best', 'Nice design discussion', 'No', 'http://www.revature.com', 'Pass', 19, 5455);
INSERT INTO CALIBER_PANEL (PANEL_ID, ASSOCIATE_INTRO, COMMUNICATION_SKILLS, DURATION, INTERVIEW_FORMAT, INTERNET_CONNECTIVITY, INTERVIEW_DATE, OVERALL_FEEDBACK, PANEL_ROUND, PROJECT_ONE_DESCRIPTION, PROJECT_THREE_DESCRIPTION, PROJECT_TWO_DESCRIPTION, RECORDING_CONSENT, RECORDING_LINK, PANEL_STATUS, PANELIST_ID, TRAINEE_ID)
VALUES (64, 'Good intro', 'Good communication', '1hr 30mins', 'Skype', 'Stable',
TO_TIMESTAMP('2017-12-12 14:10:10.123000000', 'YYYY-MM-DD HH24:MI:SS.FF'), 'Technically weaker', 1, 'ERS rocks',
'Caliber is the best', 'Nice design discussion', 'Yes', 'http://www.revature.com', 'Repanel', 19, 5456);
INSERT INTO CALIBER_PANEL (PANEL_ID, ASSOCIATE_INTRO, COMMUNICATION_SKILLS, DURATION, INTERVIEW_FORMAT, INTERNET_CONNECTIVITY, INTERVIEW_DATE, OVERALL_FEEDBACK, PANEL_ROUND, PROJECT_ONE_DESCRIPTION, PROJECT_THREE_DESCRIPTION, PROJECT_TWO_DESCRIPTION, RECORDING_CONSENT, RECORDING_LINK, PANEL_STATUS, PANELIST_ID, TRAINEE_ID)
VALUES (65, 'Good intro', 'Good communication', '1hr 30mins', 'Skype', 'Unstable',
TO_TIMESTAMP('2017-12-13 14:10:10.123000000', 'YYYY-MM-DD HH24:MI:SS.FF'), 'Good work', 1, 'ERS rocks',
'Caliber is the best', 'Nice design discussion', 'Yes', 'http://www.revature.com', 'Pass', 19, 5457);
INSERT INTO CALIBER_PANEL (PANEL_ID, ASSOCIATE_INTRO, COMMUNICATION_SKILLS, DURATION, INTERVIEW_FORMAT, INTERNET_CONNECTIVITY, INTERVIEW_DATE, OVERALL_FEEDBACK, PANEL_ROUND, PROJECT_ONE_DESCRIPTION, PROJECT_THREE_DESCRIPTION, PROJECT_TWO_DESCRIPTION, RECORDING_CONSENT, RECORDING_LINK, PANEL_STATUS, PANELIST_ID, TRAINEE_ID)
VALUES (66, 'Good intro', 'Good communication', '1hr 30mins', 'Skype', 'Stable',
TO_TIMESTAMP('2017-12-14 14:10:10.123000000', 'YYYY-MM-DD HH24:MI:SS.FF'), 'Technically weaker', 1, 'ERS rocks',
'Caliber is the best', 'Nice design discussion', 'Yes', 'http://www.revature.com', 'Repanel', 19, 5458);
INSERT INTO CALIBER_PANEL (PANEL_ID, ASSOCIATE_INTRO, COMMUNICATION_SKILLS, DURATION, INTERVIEW_FORMAT, INTERNET_CONNECTIVITY, INTERVIEW_DATE, OVERALL_FEEDBACK, PANEL_ROUND, PROJECT_ONE_DESCRIPTION, PROJECT_THREE_DESCRIPTION, PROJECT_TWO_DESCRIPTION, RECORDING_CONSENT, RECORDING_LINK, PANEL_STATUS, PANELIST_ID, TRAINEE_ID)
VALUES (67, 'Good intro', 'Good communication', '1hr 30mins', 'Skype', 'Stable',
TO_TIMESTAMP('2017-12-15 14:10:10.123000000', 'YYYY-MM-DD HH24:MI:SS.FF'), 'Good work', 1, 'ERS rocks',
'Caliber is the best', 'Nice design discussion', 'Yes', 'http://www.revature.com', 'Pass', 19, 5459);
INSERT INTO CALIBER_PANEL (PANEL_ID, ASSOCIATE_INTRO, COMMUNICATION_SKILLS, DURATION, INTERVIEW_FORMAT, INTERNET_CONNECTIVITY, INTERVIEW_DATE, OVERALL_FEEDBACK, PANEL_ROUND, PROJECT_ONE_DESCRIPTION, PROJECT_THREE_DESCRIPTION, PROJECT_TWO_DESCRIPTION, RECORDING_CONSENT, RECORDING_LINK, PANEL_STATUS, PANELIST_ID, TRAINEE_ID)
VALUES (68, 'Good intro', 'Good communication', '1hr 30mins', 'Skype', 'Stable',
TO_TIMESTAMP('2017-12-16 14:10:10.123000000', 'YYYY-MM-DD HH24:MI:SS.FF'), 'Technically weaker', 1, 'ERS rocks',
'Caliber is the best', 'Nice design discussion', 'Yes', 'http://www.revature.com', 'Repanel', 19, 5460);
INSERT INTO CALIBER_PANEL (PANEL_ID, ASSOCIATE_INTRO, COMMUNICATION_SKILLS, DURATION, INTERVIEW_FORMAT, INTERNET_CONNECTIVITY, INTERVIEW_DATE, OVERALL_FEEDBACK, PANEL_ROUND, PROJECT_ONE_DESCRIPTION, PROJECT_THREE_DESCRIPTION, PROJECT_TWO_DESCRIPTION, RECORDING_CONSENT, RECORDING_LINK, PANEL_STATUS, PANELIST_ID, TRAINEE_ID)
VALUES (69, 'Good intro', 'Good communication', '1hr 30mins', 'Skype', 'Stable',
TO_TIMESTAMP('2017-12-17 14:10:10.123000000', 'YYYY-MM-DD HH24:MI:SS.FF'), 'Good work', 1, 'ERS rocks',
'Caliber is the best', 'Nice design discussion', 'Yes', 'http://www.revature.com', 'Pass', 19, 5461);
INSERT INTO CALIBER_PANEL (PANEL_ID, ASSOCIATE_INTRO, COMMUNICATION_SKILLS, DURATION, INTERVIEW_FORMAT, INTERNET_CONNECTIVITY, INTERVIEW_DATE, OVERALL_FEEDBACK, PANEL_ROUND, PROJECT_ONE_DESCRIPTION, PROJECT_THREE_DESCRIPTION, PROJECT_TWO_DESCRIPTION, RECORDING_CONSENT, RECORDING_LINK, PANEL_STATUS, PANELIST_ID, TRAINEE_ID)
VALUES (70, 'Good intro', 'Good communication', '1hr 30mins', 'Skype', 'Stable',
TO_TIMESTAMP('2017-12-18 14:10:10.123000000', 'YYYY-MM-DD HH24:MI:SS.FF'), 'Technically weaker', 1, 'ERS rocks',
'Caliber is the best', 'Nice design discussion', 'Yes', 'http://www.revature.com', 'Repanel', 19, 5462);
INSERT INTO CALIBER_PANEL (PANEL_ID, ASSOCIATE_INTRO, COMMUNICATION_SKILLS, DURATION, INTERVIEW_FORMAT, INTERNET_CONNECTIVITY, INTERVIEW_DATE, OVERALL_FEEDBACK, PANEL_ROUND, PROJECT_ONE_DESCRIPTION, PROJECT_THREE_DESCRIPTION, PROJECT_TWO_DESCRIPTION, RECORDING_CONSENT, RECORDING_LINK, PANEL_STATUS, PANELIST_ID, TRAINEE_ID)
VALUES (71, 'Good intro', 'Good communication', '1hr 30mins', 'Skype', 'Stable',
TO_TIMESTAMP('2017-12-18 14:10:10.123000000', 'YYYY-MM-DD HH24:MI:SS.FF'), 'Technically weaker', 2, 'ERS rocks',
'Caliber is the best', 'Nice design discussion', 'Yes', 'http://www.revature.com', 'Repanel', 19, 5531);
INSERT INTO CALIBER_PANEL (PANEL_ID, ASSOCIATE_INTRO, COMMUNICATION_SKILLS, DURATION, INTERVIEW_FORMAT, INTERNET_CONNECTIVITY, INTERVIEW_DATE, OVERALL_FEEDBACK, PANEL_ROUND, PROJECT_ONE_DESCRIPTION, PROJECT_THREE_DESCRIPTION, PROJECT_TWO_DESCRIPTION, RECORDING_CONSENT, RECORDING_LINK, PANEL_STATUS, PANELIST_ID, TRAINEE_ID)
VALUES (72, 'Good intro', 'Good communication', '1hr 30mins', 'Skype', 'Stable',
TO_TIMESTAMP('2017-12-18 14:10:10.123000000', 'YYYY-MM-DD HH24:MI:SS.FF'), 'Technically weaker', 3, 'ERS rocks',
'Caliber is the best', 'Nice design discussion', 'Yes', 'http://www.revature.com', 'Repanel', 19, 5531);
INSERT INTO CALIBER_PANEL (PANEL_ID, ASSOCIATE_INTRO, COMMUNICATION_SKILLS, DURATION, INTERVIEW_FORMAT, INTERNET_CONNECTIVITY, INTERVIEW_DATE, OVERALL_FEEDBACK, PANEL_ROUND, PROJECT_ONE_DESCRIPTION, PROJECT_THREE_DESCRIPTION, PROJECT_TWO_DESCRIPTION, RECORDING_CONSENT, RECORDING_LINK, PANEL_STATUS, PANELIST_ID, TRAINEE_ID)
VALUES (73, 'Good intro', 'Good communication', '1hr 30mins', 'Skype', 'Stable',
TO_TIMESTAMP('2017-12-18 14:10:10.123000000', 'YYYY-MM-DD HH24:MI:SS.FF'), 'Technically weaker', 4, 'ERS rocks',
'Caliber is the best', 'Nice design discussion', 'Yes', 'http://www.revature.com', 'Pass', 19, 5531);
COMMIT;

INSERT INTO CALIBER_PANEL_FEEDBACK (PANEL_FEEDBACK_ID, PANELIST_COMMENTS, PANEL_RESULT, PANEL_STATUS, PANEL_ID, CATEGORY_ID)
VALUES (1, 'Pretty good use of technical terms', 10, 'Pass', 1, 1);
INSERT INTO CALIBER_PANEL_FEEDBACK (PANEL_FEEDBACK_ID, PANELIST_COMMENTS, PANEL_RESULT, PANEL_STATUS, PANEL_ID, CATEGORY_ID)
VALUES (2, 'Pretty good use of technical terms', 7, 'Pass', 1, 2);
INSERT INTO CALIBER_PANEL_FEEDBACK (PANEL_FEEDBACK_ID, PANELIST_COMMENTS, PANEL_RESULT, PANEL_STATUS, PANEL_ID, CATEGORY_ID)
VALUES (3, 'Pretty good use of technical terms', 5, 'Pass', 2, 1);
INSERT INTO CALIBER_PANEL_FEEDBACK (PANEL_FEEDBACK_ID, PANELIST_COMMENTS, PANEL_RESULT, PANEL_STATUS, PANEL_ID, CATEGORY_ID)
VALUES (4, 'Poor use of technical terms', 2, 'Repanel', 2, 2);
INSERT INTO CALIBER_PANEL_FEEDBACK (PANEL_FEEDBACK_ID, PANELIST_COMMENTS, PANEL_RESULT, PANEL_STATUS, PANEL_ID, CATEGORY_ID)
VALUES (5, 'Pretty good use of technical terms', 10, 'Pass', 3, 1);
INSERT INTO CALIBER_PANEL_FEEDBACK (PANEL_FEEDBACK_ID, PANELIST_COMMENTS, PANEL_RESULT, PANEL_STATUS, PANEL_ID, CATEGORY_ID)
VALUES (6, 'Pretty good use of technical terms', 7, 'Pass', 3, 2);
INSERT INTO CALIBER_PANEL_FEEDBACK (PANEL_FEEDBACK_ID, PANELIST_COMMENTS, PANEL_RESULT, PANEL_STATUS, PANEL_ID, CATEGORY_ID)
VALUES (9, 'Pretty good use of technical terms', 10, 'Pass', 5, 1);
INSERT INTO CALIBER_PANEL_FEEDBACK (PANEL_FEEDBACK_ID, PANELIST_COMMENTS, PANEL_RESULT, PANEL_STATUS, PANEL_ID, CATEGORY_ID)
VALUES (10, 'Pretty good use of technical terms', 7, 'Pass', 5, 2);
INSERT INTO CALIBER_PANEL_FEEDBACK (PANEL_FEEDBACK_ID, PANELIST_COMMENTS, PANEL_RESULT, PANEL_STATUS, PANEL_ID, CATEGORY_ID)
VALUES (11, 'Pretty good use of technical terms', 5, 'Pass', 6, 1);
INSERT INTO CALIBER_PANEL_FEEDBACK (PANEL_FEEDBACK_ID, PANELIST_COMMENTS, PANEL_RESULT, PANEL_STATUS, PANEL_ID, CATEGORY_ID)
VALUES (12, 'Poor use of technical terms', 2, 'Repanel', 6, 2);
INSERT INTO CALIBER_PANEL_FEEDBACK (PANEL_FEEDBACK_ID, PANELIST_COMMENTS, PANEL_RESULT, PANEL_STATUS, PANEL_ID, CATEGORY_ID)
VALUES (13, 'Pretty good use of technical terms', 10, 'Pass', 7, 1);
INSERT INTO CALIBER_PANEL_FEEDBACK (PANEL_FEEDBACK_ID, PANELIST_COMMENTS, PANEL_RESULT, PANEL_STATUS, PANEL_ID, CATEGORY_ID)
VALUES (14, 'Pretty good use of technical terms', 7, 'Pass', 7, 2);
INSERT INTO CALIBER_PANEL_FEEDBACK (PANEL_FEEDBACK_ID, PANELIST_COMMENTS, PANEL_RESULT, PANEL_STATUS, PANEL_ID, CATEGORY_ID)
VALUES (15, 'Pretty good use of technical terms', 5, 'Pass', 8, 1);
INSERT INTO CALIBER_PANEL_FEEDBACK (PANEL_FEEDBACK_ID, PANELIST_COMMENTS, PANEL_RESULT, PANEL_STATUS, PANEL_ID, CATEGORY_ID)
VALUES (16, 'Poor use of technical terms', 2, 'Repanel', 8, 2);
INSERT INTO CALIBER_PANEL_FEEDBACK (PANEL_FEEDBACK_ID, PANELIST_COMMENTS, PANEL_RESULT, PANEL_STATUS, PANEL_ID, CATEGORY_ID)
VALUES (17, 'Pretty good use of technical terms', 10, 'Pass', 9, 1);
INSERT INTO CALIBER_PANEL_FEEDBACK (PANEL_FEEDBACK_ID, PANELIST_COMMENTS, PANEL_RESULT, PANEL_STATUS, PANEL_ID, CATEGORY_ID)
VALUES (18, 'Pretty good use of technical terms', 7, 'Pass', 9, 2);
INSERT INTO CALIBER_PANEL_FEEDBACK (PANEL_FEEDBACK_ID, PANELIST_COMMENTS, PANEL_RESULT, PANEL_STATUS, PANEL_ID, CATEGORY_ID)
VALUES (19, 'Pretty good use of technical terms', 5, 'Pass', 10, 1);
INSERT INTO CALIBER_PANEL_FEEDBACK (PANEL_FEEDBACK_ID, PANELIST_COMMENTS, PANEL_RESULT, PANEL_STATUS, PANEL_ID, CATEGORY_ID)
VALUES (20, 'Poor use of technical terms', 2, 'Repanel', 10, 2);
INSERT INTO CALIBER_PANEL_FEEDBACK (PANEL_FEEDBACK_ID, PANELIST_COMMENTS, PANEL_RESULT, PANEL_STATUS, PANEL_ID, CATEGORY_ID)
VALUES (21, 'Pretty good use of technical terms', 9, 'Pass', 11, 1);
INSERT INTO CALIBER_PANEL_FEEDBACK (PANEL_FEEDBACK_ID, PANELIST_COMMENTS, PANEL_RESULT, PANEL_STATUS, PANEL_ID, CATEGORY_ID)
VALUES (22, 'Pretty good use of technical terms', 7, 'Pass', 11, 2);
INSERT INTO CALIBER_PANEL_FEEDBACK (PANEL_FEEDBACK_ID, PANELIST_COMMENTS, PANEL_RESULT, PANEL_STATUS, PANEL_ID, CATEGORY_ID)
VALUES (23, 'Pretty good use of technical terms', 5, 'Pass', 12, 1);
INSERT INTO CALIBER_PANEL_FEEDBACK (PANEL_FEEDBACK_ID, PANELIST_COMMENTS, PANEL_RESULT, PANEL_STATUS, PANEL_ID, CATEGORY_ID)
VALUES (24, 'Poor use of technical terms', 2, 'Repanel', 12, 2);
INSERT INTO CALIBER_PANEL_FEEDBACK (PANEL_FEEDBACK_ID, PANELIST_COMMENTS, PANEL_RESULT, PANEL_STATUS, PANEL_ID, CATEGORY_ID)
VALUES (25, 'Pretty good use of technical terms', 9, 'Pass', 13, 1);
INSERT INTO CALIBER_PANEL_FEEDBACK (PANEL_FEEDBACK_ID, PANELIST_COMMENTS, PANEL_RESULT, PANEL_STATUS, PANEL_ID, CATEGORY_ID)
VALUES (26, 'Pretty good use of technical terms', 7, 'Pass', 13, 2);
INSERT INTO CALIBER_PANEL_FEEDBACK (PANEL_FEEDBACK_ID, PANELIST_COMMENTS, PANEL_RESULT, PANEL_STATUS, PANEL_ID, CATEGORY_ID)
VALUES (27, 'Pretty good use of technical terms', 5, 'Pass', 14, 1);
INSERT INTO CALIBER_PANEL_FEEDBACK (PANEL_FEEDBACK_ID, PANELIST_COMMENTS, PANEL_RESULT, PANEL_STATUS, PANEL_ID, CATEGORY_ID)
VALUES (28, 'Poor use of technical terms', 2, 'Repanel', 14, 2);
INSERT INTO CALIBER_PANEL_FEEDBACK (PANEL_FEEDBACK_ID, PANELIST_COMMENTS, PANEL_RESULT, PANEL_STATUS, PANEL_ID, CATEGORY_ID)
VALUES (29, 'Pretty good use of technical terms', 9, 'Pass', 15, 1);
INSERT INTO CALIBER_PANEL_FEEDBACK (PANEL_FEEDBACK_ID, PANELIST_COMMENTS, PANEL_RESULT, PANEL_STATUS, PANEL_ID, CATEGORY_ID)
VALUES (30, 'Pretty good use of technical terms', 7, 'Pass', 15, 2);
INSERT INTO CALIBER_PANEL_FEEDBACK (PANEL_FEEDBACK_ID, PANELIST_COMMENTS, PANEL_RESULT, PANEL_STATUS, PANEL_ID, CATEGORY_ID)
VALUES (31, 'Pretty good use of technical terms', 5, 'Pass', 16, 1);
INSERT INTO CALIBER_PANEL_FEEDBACK (PANEL_FEEDBACK_ID, PANELIST_COMMENTS, PANEL_RESULT, PANEL_STATUS, PANEL_ID, CATEGORY_ID)
VALUES (32, 'Poor use of technical terms', 2, 'Repanel', 16, 2);
INSERT INTO CALIBER_PANEL_FEEDBACK (PANEL_FEEDBACK_ID, PANELIST_COMMENTS, PANEL_RESULT, PANEL_STATUS, PANEL_ID, CATEGORY_ID)
VALUES (33, 'Pretty good use of technical terms', 9, 'Pass', 17, 1);
INSERT INTO CALIBER_PANEL_FEEDBACK (PANEL_FEEDBACK_ID, PANELIST_COMMENTS, PANEL_RESULT, PANEL_STATUS, PANEL_ID, CATEGORY_ID)
VALUES (34, 'Pretty good use of technical terms', 7, 'Pass', 17, 2);
INSERT INTO CALIBER_PANEL_FEEDBACK (PANEL_FEEDBACK_ID, PANELIST_COMMENTS, PANEL_RESULT, PANEL_STATUS, PANEL_ID, CATEGORY_ID)
VALUES (35, 'Pretty good use of technical terms', 5, 'Pass', 18, 1);
INSERT INTO CALIBER_PANEL_FEEDBACK (PANEL_FEEDBACK_ID, PANELIST_COMMENTS, PANEL_RESULT, PANEL_STATUS, PANEL_ID, CATEGORY_ID)
VALUES (36, 'Poor use of technical terms', 2, 'Repanel', 18, 2);
INSERT INTO CALIBER_PANEL_FEEDBACK (PANEL_FEEDBACK_ID, PANELIST_COMMENTS, PANEL_RESULT, PANEL_STATUS, PANEL_ID, CATEGORY_ID)
VALUES (37, 'Pretty good use of technical terms', 9, 'Pass', 19, 1);
INSERT INTO CALIBER_PANEL_FEEDBACK (PANEL_FEEDBACK_ID, PANELIST_COMMENTS, PANEL_RESULT, PANEL_STATUS, PANEL_ID, CATEGORY_ID)
VALUES (38, 'Pretty good use of technical terms', 6, 'Pass', 19, 2);
INSERT INTO CALIBER_PANEL_FEEDBACK (PANEL_FEEDBACK_ID, PANELIST_COMMENTS, PANEL_RESULT, PANEL_STATUS, PANEL_ID, CATEGORY_ID)
VALUES (39, 'Pretty good use of technical terms', 5, 'Pass', 20, 1);
INSERT INTO CALIBER_PANEL_FEEDBACK (PANEL_FEEDBACK_ID, PANELIST_COMMENTS, PANEL_RESULT, PANEL_STATUS, PANEL_ID, CATEGORY_ID)
VALUES (40, 'Poor use of technical terms', 2, 'Repanel', 20, 2);
INSERT INTO CALIBER_PANEL_FEEDBACK (PANEL_FEEDBACK_ID, PANELIST_COMMENTS, PANEL_RESULT, PANEL_STATUS, PANEL_ID, CATEGORY_ID)
VALUES (41, 'Pretty good use of technical terms', 9, 'Pass', 21, 1);
INSERT INTO CALIBER_PANEL_FEEDBACK (PANEL_FEEDBACK_ID, PANELIST_COMMENTS, PANEL_RESULT, PANEL_STATUS, PANEL_ID, CATEGORY_ID)
VALUES (42, 'Pretty good use of technical terms', 6, 'Pass', 21, 2);
INSERT INTO CALIBER_PANEL_FEEDBACK (PANEL_FEEDBACK_ID, PANELIST_COMMENTS, PANEL_RESULT, PANEL_STATUS, PANEL_ID, CATEGORY_ID)
VALUES (43, 'Pretty good use of technical terms', 5, 'Pass', 22, 1);
INSERT INTO CALIBER_PANEL_FEEDBACK (PANEL_FEEDBACK_ID, PANELIST_COMMENTS, PANEL_RESULT, PANEL_STATUS, PANEL_ID, CATEGORY_ID)
VALUES (44, 'Poor use of technical terms', 2, 'Repanel', 22, 2);
INSERT INTO CALIBER_PANEL_FEEDBACK (PANEL_FEEDBACK_ID, PANELIST_COMMENTS, PANEL_RESULT, PANEL_STATUS, PANEL_ID, CATEGORY_ID)
VALUES (45, 'Pretty good use of technical terms', 9, 'Pass', 23, 1);
INSERT INTO CALIBER_PANEL_FEEDBACK (PANEL_FEEDBACK_ID, PANELIST_COMMENTS, PANEL_RESULT, PANEL_STATUS, PANEL_ID, CATEGORY_ID)
VALUES (46, 'Pretty good use of technical terms', 6, 'Pass', 23, 2);
INSERT INTO CALIBER_PANEL_FEEDBACK (PANEL_FEEDBACK_ID, PANELIST_COMMENTS, PANEL_RESULT, PANEL_STATUS, PANEL_ID, CATEGORY_ID)
VALUES (47, 'Pretty good use of technical terms', 5, 'Pass', 24, 1);
INSERT INTO CALIBER_PANEL_FEEDBACK (PANEL_FEEDBACK_ID, PANELIST_COMMENTS, PANEL_RESULT, PANEL_STATUS, PANEL_ID, CATEGORY_ID)
VALUES (48, 'Poor use of technical terms', 2, 'Repanel', 24, 2);
INSERT INTO CALIBER_PANEL_FEEDBACK (PANEL_FEEDBACK_ID, PANELIST_COMMENTS, PANEL_RESULT, PANEL_STATUS, PANEL_ID, CATEGORY_ID)
VALUES (49, 'Pretty good use of technical terms', 8, 'Pass', 25, 1);
INSERT INTO CALIBER_PANEL_FEEDBACK (PANEL_FEEDBACK_ID, PANELIST_COMMENTS, PANEL_RESULT, PANEL_STATUS, PANEL_ID, CATEGORY_ID)
VALUES (50, 'Pretty good use of technical terms', 6, 'Pass', 25, 2);
INSERT INTO CALIBER_PANEL_FEEDBACK (PANEL_FEEDBACK_ID, PANELIST_COMMENTS, PANEL_RESULT, PANEL_STATUS, PANEL_ID, CATEGORY_ID)
VALUES (51, 'Pretty good use of technical terms', 5, 'Pass', 26, 1);
INSERT INTO CALIBER_PANEL_FEEDBACK (PANEL_FEEDBACK_ID, PANELIST_COMMENTS, PANEL_RESULT, PANEL_STATUS, PANEL_ID, CATEGORY_ID)
VALUES (52, 'Poor use of technical terms', 2, 'Repanel', 26, 2);
INSERT INTO CALIBER_PANEL_FEEDBACK (PANEL_FEEDBACK_ID, PANELIST_COMMENTS, PANEL_RESULT, PANEL_STATUS, PANEL_ID, CATEGORY_ID)
VALUES (53, 'Pretty good use of technical terms', 8, 'Pass', 27, 1);
INSERT INTO CALIBER_PANEL_FEEDBACK (PANEL_FEEDBACK_ID, PANELIST_COMMENTS, PANEL_RESULT, PANEL_STATUS, PANEL_ID, CATEGORY_ID)
VALUES (54, 'Pretty good use of technical terms', 6, 'Pass', 27, 2);
INSERT INTO CALIBER_PANEL_FEEDBACK (PANEL_FEEDBACK_ID, PANELIST_COMMENTS, PANEL_RESULT, PANEL_STATUS, PANEL_ID, CATEGORY_ID)
VALUES (55, 'Pretty good use of technical terms', 5, 'Pass', 28, 1);
INSERT INTO CALIBER_PANEL_FEEDBACK (PANEL_FEEDBACK_ID, PANELIST_COMMENTS, PANEL_RESULT, PANEL_STATUS, PANEL_ID, CATEGORY_ID)
VALUES (56, 'Poor use of technical terms', 2, 'Repanel', 28, 2);
INSERT INTO CALIBER_PANEL_FEEDBACK (PANEL_FEEDBACK_ID, PANELIST_COMMENTS, PANEL_RESULT, PANEL_STATUS, PANEL_ID, CATEGORY_ID)
VALUES (57, 'Pretty good use of technical terms', 8, 'Pass', 29, 1);
INSERT INTO CALIBER_PANEL_FEEDBACK (PANEL_FEEDBACK_ID, PANELIST_COMMENTS, PANEL_RESULT, PANEL_STATUS, PANEL_ID, CATEGORY_ID)
VALUES (58, 'Pretty good use of technical terms', 6, 'Pass', 29, 2);
INSERT INTO CALIBER_PANEL_FEEDBACK (PANEL_FEEDBACK_ID, PANELIST_COMMENTS, PANEL_RESULT, PANEL_STATUS, PANEL_ID, CATEGORY_ID)
VALUES (59, 'Pretty good use of technical terms', 5, 'Pass', 30, 1);
INSERT INTO CALIBER_PANEL_FEEDBACK (PANEL_FEEDBACK_ID, PANELIST_COMMENTS, PANEL_RESULT, PANEL_STATUS, PANEL_ID, CATEGORY_ID)
VALUES (60, 'Poor use of technical terms', 2, 'Repanel', 30, 2);
INSERT INTO CALIBER_PANEL_FEEDBACK (PANEL_FEEDBACK_ID, PANELIST_COMMENTS, PANEL_RESULT, PANEL_STATUS, PANEL_ID, CATEGORY_ID)
VALUES (61, 'Pretty good use of technical terms', 8, 'Pass', 31, 1);
INSERT INTO CALIBER_PANEL_FEEDBACK (PANEL_FEEDBACK_ID, PANELIST_COMMENTS, PANEL_RESULT, PANEL_STATUS, PANEL_ID, CATEGORY_ID)
VALUES (62, 'Pretty good use of technical terms', 6, 'Pass', 31, 2);
INSERT INTO CALIBER_PANEL_FEEDBACK (PANEL_FEEDBACK_ID, PANELIST_COMMENTS, PANEL_RESULT, PANEL_STATUS, PANEL_ID, CATEGORY_ID)
VALUES (63, 'Pretty good use of technical terms', 5, 'Pass', 32, 1);
INSERT INTO CALIBER_PANEL_FEEDBACK (PANEL_FEEDBACK_ID, PANELIST_COMMENTS, PANEL_RESULT, PANEL_STATUS, PANEL_ID, CATEGORY_ID)
VALUES (64, 'Poor use of technical terms', 1, 'Repanel', 32, 2);
INSERT INTO CALIBER_PANEL_FEEDBACK (PANEL_FEEDBACK_ID, PANELIST_COMMENTS, PANEL_RESULT, PANEL_STATUS, PANEL_ID, CATEGORY_ID)
VALUES (65, 'Pretty good use of technical terms', 8, 'Pass', 33, 1);
INSERT INTO CALIBER_PANEL_FEEDBACK (PANEL_FEEDBACK_ID, PANELIST_COMMENTS, PANEL_RESULT, PANEL_STATUS, PANEL_ID, CATEGORY_ID)
VALUES (66, 'Pretty good use of technical terms', 6, 'Pass', 33, 2);
INSERT INTO CALIBER_PANEL_FEEDBACK (PANEL_FEEDBACK_ID, PANELIST_COMMENTS, PANEL_RESULT, PANEL_STATUS, PANEL_ID, CATEGORY_ID)
VALUES (67, 'Pretty good use of technical terms', 4, 'Pass', 34, 1);
INSERT INTO CALIBER_PANEL_FEEDBACK (PANEL_FEEDBACK_ID, PANELIST_COMMENTS, PANEL_RESULT, PANEL_STATUS, PANEL_ID, CATEGORY_ID)
VALUES (68, 'Poor use of technical terms', 1, 'Repanel', 34, 2);
INSERT INTO CALIBER_PANEL_FEEDBACK (PANEL_FEEDBACK_ID, PANELIST_COMMENTS, PANEL_RESULT, PANEL_STATUS, PANEL_ID, CATEGORY_ID)
VALUES (69, 'Pretty good use of technical terms', 8, 'Pass', 35, 1);
INSERT INTO CALIBER_PANEL_FEEDBACK (PANEL_FEEDBACK_ID, PANELIST_COMMENTS, PANEL_RESULT, PANEL_STATUS, PANEL_ID, CATEGORY_ID)
VALUES (70, 'Pretty good use of technical terms', 6, 'Pass', 35, 2);
INSERT INTO CALIBER_PANEL_FEEDBACK (PANEL_FEEDBACK_ID, PANELIST_COMMENTS, PANEL_RESULT, PANEL_STATUS, PANEL_ID, CATEGORY_ID)
VALUES (71, 'Pretty good use of technical terms', 4, 'Pass', 36, 1);
INSERT INTO CALIBER_PANEL_FEEDBACK (PANEL_FEEDBACK_ID, PANELIST_COMMENTS, PANEL_RESULT, PANEL_STATUS, PANEL_ID, CATEGORY_ID)
VALUES (72, 'Poor use of technical terms', 1, 'Repanel', 36, 2);
INSERT INTO CALIBER_PANEL_FEEDBACK (PANEL_FEEDBACK_ID, PANELIST_COMMENTS, PANEL_RESULT, PANEL_STATUS, PANEL_ID, CATEGORY_ID)
VALUES (73, 'Pretty good use of technical terms', 8, 'Pass', 37, 1);
INSERT INTO CALIBER_PANEL_FEEDBACK (PANEL_FEEDBACK_ID, PANELIST_COMMENTS, PANEL_RESULT, PANEL_STATUS, PANEL_ID, CATEGORY_ID)
VALUES (74, 'Pretty good use of technical terms', 6, 'Pass', 37, 2);
INSERT INTO CALIBER_PANEL_FEEDBACK (PANEL_FEEDBACK_ID, PANELIST_COMMENTS, PANEL_RESULT, PANEL_STATUS, PANEL_ID, CATEGORY_ID)
VALUES (75, 'Pretty good use of technical terms', 4, 'Pass', 38, 1);
INSERT INTO CALIBER_PANEL_FEEDBACK (PANEL_FEEDBACK_ID, PANELIST_COMMENTS, PANEL_RESULT, PANEL_STATUS, PANEL_ID, CATEGORY_ID)
VALUES (76, 'Poor use of technical terms', 1, 'Repanel', 38, 2);
INSERT INTO CALIBER_PANEL_FEEDBACK (PANEL_FEEDBACK_ID, PANELIST_COMMENTS, PANEL_RESULT, PANEL_STATUS, PANEL_ID, CATEGORY_ID)
VALUES (77, 'Pretty good use of technical terms', 8, 'Pass', 39, 1);
INSERT INTO CALIBER_PANEL_FEEDBACK (PANEL_FEEDBACK_ID, PANELIST_COMMENTS, PANEL_RESULT, PANEL_STATUS, PANEL_ID, CATEGORY_ID)
VALUES (78, 'Pretty good use of technical terms', 6, 'Pass', 39, 2);
INSERT INTO CALIBER_PANEL_FEEDBACK (PANEL_FEEDBACK_ID, PANELIST_COMMENTS, PANEL_RESULT, PANEL_STATUS, PANEL_ID, CATEGORY_ID)
VALUES (79, 'Pretty good use of technical terms', 4, 'Pass', 40, 1);
INSERT INTO CALIBER_PANEL_FEEDBACK (PANEL_FEEDBACK_ID, PANELIST_COMMENTS, PANEL_RESULT, PANEL_STATUS, PANEL_ID, CATEGORY_ID)
VALUES (80, 'Poor use of technical terms', 1, 'Repanel', 40, 2);
INSERT INTO CALIBER_PANEL_FEEDBACK (PANEL_FEEDBACK_ID, PANELIST_COMMENTS, PANEL_RESULT, PANEL_STATUS, PANEL_ID, CATEGORY_ID)
VALUES (109, 'Pretty good use of technical terms', 8, 'Pass', 55, 1);
INSERT INTO CALIBER_PANEL_FEEDBACK (PANEL_FEEDBACK_ID, PANELIST_COMMENTS, PANEL_RESULT, PANEL_STATUS, PANEL_ID, CATEGORY_ID)
VALUES (110, 'Pretty good use of technical terms', 6, 'Pass', 55, 2);
INSERT INTO CALIBER_PANEL_FEEDBACK (PANEL_FEEDBACK_ID, PANELIST_COMMENTS, PANEL_RESULT, PANEL_STATUS, PANEL_ID, CATEGORY_ID)
VALUES (111, 'Pretty good use of technical terms', 4, 'Pass', 56, 1);
INSERT INTO CALIBER_PANEL_FEEDBACK (PANEL_FEEDBACK_ID, PANELIST_COMMENTS, PANEL_RESULT, PANEL_STATUS, PANEL_ID, CATEGORY_ID)
VALUES (112, 'Poor use of technical terms', 1, 'Repanel', 56, 2);
INSERT INTO CALIBER_PANEL_FEEDBACK (PANEL_FEEDBACK_ID, PANELIST_COMMENTS, PANEL_RESULT, PANEL_STATUS, PANEL_ID, CATEGORY_ID)
VALUES (113, 'Pretty good use of technical terms', 8, 'Pass', 57, 1);
INSERT INTO CALIBER_PANEL_FEEDBACK (PANEL_FEEDBACK_ID, PANELIST_COMMENTS, PANEL_RESULT, PANEL_STATUS, PANEL_ID, CATEGORY_ID)
VALUES (114, 'Pretty good use of technical terms', 6, 'Pass', 57, 2);
INSERT INTO CALIBER_PANEL_FEEDBACK (PANEL_FEEDBACK_ID, PANELIST_COMMENTS, PANEL_RESULT, PANEL_STATUS, PANEL_ID, CATEGORY_ID)
VALUES (115, 'Pretty good use of technical terms', 4, 'Pass', 58, 1);
INSERT INTO CALIBER_PANEL_FEEDBACK (PANEL_FEEDBACK_ID, PANELIST_COMMENTS, PANEL_RESULT, PANEL_STATUS, PANEL_ID, CATEGORY_ID)
VALUES (116, 'Poor use of technical terms', 0, 'Repanel', 58, 2);
INSERT INTO CALIBER_PANEL_FEEDBACK (PANEL_FEEDBACK_ID, PANELIST_COMMENTS, PANEL_RESULT, PANEL_STATUS, PANEL_ID, CATEGORY_ID)
VALUES (117, 'Pretty good use of technical terms', 8, 'Pass', 59, 1);
INSERT INTO CALIBER_PANEL_FEEDBACK (PANEL_FEEDBACK_ID, PANELIST_COMMENTS, PANEL_RESULT, PANEL_STATUS, PANEL_ID, CATEGORY_ID)
VALUES (118, 'Pretty good use of technical terms', 6, 'Pass', 59, 2);
INSERT INTO CALIBER_PANEL_FEEDBACK (PANEL_FEEDBACK_ID, PANELIST_COMMENTS, PANEL_RESULT, PANEL_STATUS, PANEL_ID, CATEGORY_ID)
VALUES (119, 'Pretty good use of technical terms', 4, 'Pass', 60, 1);
INSERT INTO CALIBER_PANEL_FEEDBACK (PANEL_FEEDBACK_ID, PANELIST_COMMENTS, PANEL_RESULT, PANEL_STATUS, PANEL_ID, CATEGORY_ID)
VALUES (120, 'Poor use of technical terms', 0, 'Repanel', 60, 2);
INSERT INTO CALIBER_PANEL_FEEDBACK (PANEL_FEEDBACK_ID, PANELIST_COMMENTS, PANEL_RESULT, PANEL_STATUS, PANEL_ID, CATEGORY_ID)
VALUES (121, 'Pretty good use of technical terms', 8, 'Pass', 61, 1);
INSERT INTO CALIBER_PANEL_FEEDBACK (PANEL_FEEDBACK_ID, PANELIST_COMMENTS, PANEL_RESULT, PANEL_STATUS, PANEL_ID, CATEGORY_ID)
VALUES (122, 'Pretty good use of technical terms', 6, 'Pass', 61, 2);
INSERT INTO CALIBER_PANEL_FEEDBACK (PANEL_FEEDBACK_ID, PANELIST_COMMENTS, PANEL_RESULT, PANEL_STATUS, PANEL_ID, CATEGORY_ID)
VALUES (123, 'Pretty good use of technical terms', 4, 'Pass', 62, 1);
INSERT INTO CALIBER_PANEL_FEEDBACK (PANEL_FEEDBACK_ID, PANELIST_COMMENTS, PANEL_RESULT, PANEL_STATUS, PANEL_ID, CATEGORY_ID)
VALUES (124, 'Poor use of technical terms', 0, 'Repanel', 62, 2);
INSERT INTO CALIBER_PANEL_FEEDBACK (PANEL_FEEDBACK_ID, PANELIST_COMMENTS, PANEL_RESULT, PANEL_STATUS, PANEL_ID, CATEGORY_ID)
VALUES (125, 'Pretty good use of technical terms', 8, 'Pass', 63, 1);
INSERT INTO CALIBER_PANEL_FEEDBACK (PANEL_FEEDBACK_ID, PANELIST_COMMENTS, PANEL_RESULT, PANEL_STATUS, PANEL_ID, CATEGORY_ID)
VALUES (126, 'Pretty good use of technical terms', 6, 'Pass', 63, 2);
INSERT INTO CALIBER_PANEL_FEEDBACK (PANEL_FEEDBACK_ID, PANELIST_COMMENTS, PANEL_RESULT, PANEL_STATUS, PANEL_ID, CATEGORY_ID)
VALUES (127, 'Pretty good use of technical terms', 4, 'Pass', 64, 1);
INSERT INTO CALIBER_PANEL_FEEDBACK (PANEL_FEEDBACK_ID, PANELIST_COMMENTS, PANEL_RESULT, PANEL_STATUS, PANEL_ID, CATEGORY_ID)
VALUES (128, 'Poor use of technical terms', 0, 'Repanel', 64, 2);
INSERT INTO CALIBER_PANEL_FEEDBACK (PANEL_FEEDBACK_ID, PANELIST_COMMENTS, PANEL_RESULT, PANEL_STATUS, PANEL_ID, CATEGORY_ID)
VALUES (129, 'Pretty good use of technical terms', 8, 'Pass', 65, 1);
INSERT INTO CALIBER_PANEL_FEEDBACK (PANEL_FEEDBACK_ID, PANELIST_COMMENTS, PANEL_RESULT, PANEL_STATUS, PANEL_ID, CATEGORY_ID)
VALUES (130, 'Pretty good use of technical terms', 6, 'Pass', 65, 2);
INSERT INTO CALIBER_PANEL_FEEDBACK (PANEL_FEEDBACK_ID, PANELIST_COMMENTS, PANEL_RESULT, PANEL_STATUS, PANEL_ID, CATEGORY_ID)
VALUES (131, 'Pretty good use of technical terms', 4, 'Pass', 66, 1);
INSERT INTO CALIBER_PANEL_FEEDBACK (PANEL_FEEDBACK_ID, PANELIST_COMMENTS, PANEL_RESULT, PANEL_STATUS, PANEL_ID, CATEGORY_ID)
VALUES (132, 'Poor use of technical terms', 0, 'Repanel',66, 2);
INSERT INTO CALIBER_PANEL_FEEDBACK (PANEL_FEEDBACK_ID, PANELIST_COMMENTS, PANEL_RESULT, PANEL_STATUS, PANEL_ID, CATEGORY_ID)
VALUES (133, 'Pretty good use of technical terms', 8, 'Pass', 67, 1);
INSERT INTO CALIBER_PANEL_FEEDBACK (PANEL_FEEDBACK_ID, PANELIST_COMMENTS, PANEL_RESULT, PANEL_STATUS, PANEL_ID, CATEGORY_ID)
VALUES (134, 'Pretty good use of technical terms', 6, 'Pass', 67, 2);
INSERT INTO CALIBER_PANEL_FEEDBACK (PANEL_FEEDBACK_ID, PANELIST_COMMENTS, PANEL_RESULT, PANEL_STATUS, PANEL_ID, CATEGORY_ID)
VALUES (135, 'Pretty good use of technical terms', 4, 'Pass', 68, 1);
INSERT INTO CALIBER_PANEL_FEEDBACK (PANEL_FEEDBACK_ID, PANELIST_COMMENTS, PANEL_RESULT, PANEL_STATUS, PANEL_ID, CATEGORY_ID)
VALUES (136, 'Poor use of technical terms', 0, 'Repanel', 68, 2);
INSERT INTO CALIBER_PANEL_FEEDBACK (PANEL_FEEDBACK_ID, PANELIST_COMMENTS, PANEL_RESULT, PANEL_STATUS, PANEL_ID, CATEGORY_ID)
VALUES (137, 'Pretty good use of technical terms', 8, 'Pass', 69, 1);
INSERT INTO CALIBER_PANEL_FEEDBACK (PANEL_FEEDBACK_ID, PANELIST_COMMENTS, PANEL_RESULT, PANEL_STATUS, PANEL_ID, CATEGORY_ID)
VALUES (138, 'Pretty good use of technical terms', 6, 'Pass', 69, 2);
INSERT INTO CALIBER_PANEL_FEEDBACK (PANEL_FEEDBACK_ID, PANELIST_COMMENTS, PANEL_RESULT, PANEL_STATUS, PANEL_ID, CATEGORY_ID)
VALUES (139, 'Pretty good use of technical terms', 4, 'Pass', 70, 1);
INSERT INTO CALIBER_PANEL_FEEDBACK (PANEL_FEEDBACK_ID, PANELIST_COMMENTS, PANEL_RESULT, PANEL_STATUS, PANEL_ID, CATEGORY_ID)
VALUES (140, 'Pretty good use of technical terms', 8, 'Pass', 70, 1);
INSERT INTO CALIBER_PANEL_FEEDBACK (PANEL_FEEDBACK_ID, PANELIST_COMMENTS, PANEL_RESULT, PANEL_STATUS, PANEL_ID, CATEGORY_ID)
VALUES (141, 'Poor use of technical terms', 0, 'Repanel', 71, 2);
INSERT INTO CALIBER_PANEL_FEEDBACK (PANEL_FEEDBACK_ID, PANELIST_COMMENTS, PANEL_RESULT, PANEL_STATUS, PANEL_ID, CATEGORY_ID)
VALUES (142, 'Poor use of technical terms', 0, 'Repanel', 71, 3);
INSERT INTO CALIBER_PANEL_FEEDBACK (PANEL_FEEDBACK_ID, PANELIST_COMMENTS, PANEL_RESULT, PANEL_STATUS, PANEL_ID, CATEGORY_ID)
VALUES (143, 'Poor use of technical terms', 0, 'Repanel', 71, 4);
INSERT INTO CALIBER_PANEL_FEEDBACK (PANEL_FEEDBACK_ID, PANELIST_COMMENTS, PANEL_RESULT, PANEL_STATUS, PANEL_ID, CATEGORY_ID)
VALUES (144, 'Poor use of technical terms', 0, 'Repanel', 72, 2);
INSERT INTO CALIBER_PANEL_FEEDBACK (PANEL_FEEDBACK_ID, PANELIST_COMMENTS, PANEL_RESULT, PANEL_STATUS, PANEL_ID, CATEGORY_ID)
VALUES (145, 'Poor use of technical terms', 0, 'Repanel', 72, 3);
INSERT INTO CALIBER_PANEL_FEEDBACK (PANEL_FEEDBACK_ID, PANELIST_COMMENTS, PANEL_RESULT, PANEL_STATUS, PANEL_ID, CATEGORY_ID)
VALUES (146, 'Poor use of technical terms', 0, 'Repanel', 72, 4);
INSERT INTO CALIBER_PANEL_FEEDBACK (PANEL_FEEDBACK_ID, PANELIST_COMMENTS, PANEL_RESULT, PANEL_STATUS, PANEL_ID, CATEGORY_ID)
VALUES (147, 'Good', 0, 'Pass', 73, 2);
INSERT INTO CALIBER_PANEL_FEEDBACK (PANEL_FEEDBACK_ID, PANELIST_COMMENTS, PANEL_RESULT, PANEL_STATUS, PANEL_ID, CATEGORY_ID)
VALUES (148, 'Good', 0, 'Pass', 73, 3);
INSERT INTO CALIBER_PANEL_FEEDBACK (PANEL_FEEDBACK_ID, PANELIST_COMMENTS, PANEL_RESULT, PANEL_STATUS, PANEL_ID, CATEGORY_ID)
VALUES (149, 'Good', 0, 'Pass', 73, 4);
INSERT INTO CALIBER_PANEL_FEEDBACK (PANEL_FEEDBACK_ID, PANELIST_COMMENTS, PANEL_RESULT, PANEL_STATUS, PANEL_ID, CATEGORY_ID)
VALUES (150, 'Poor use of technical terms', 0, 'Repanel', 32, 3);
INSERT INTO CALIBER_PANEL_FEEDBACK (PANEL_FEEDBACK_ID, PANELIST_COMMENTS, PANEL_RESULT, PANEL_STATUS, PANEL_ID, CATEGORY_ID)
VALUES (151, 'Poor use of technical terms', 0, 'Repanel', 32, 4);
INSERT INTO CALIBER_PANEL_FEEDBACK (PANEL_FEEDBACK_ID, PANELIST_COMMENTS, PANEL_RESULT, PANEL_STATUS, PANEL_ID, CATEGORY_ID)
VALUES (503, 'Pretty good use of technical terms', 5, 'Repanel', 31, 3);
INSERT INTO CALIBER_PANEL_FEEDBACK (PANEL_FEEDBACK_ID, PANELIST_COMMENTS, PANEL_RESULT, PANEL_STATUS, PANEL_ID, CATEGORY_ID)
VALUES (504, 'Pretty good use of technical terms', 5, 'Repanel', 31, 4);
INSERT INTO CALIBER_PANEL_FEEDBACK (PANEL_FEEDBACK_ID, PANELIST_COMMENTS, PANEL_RESULT, PANEL_STATUS, PANEL_ID, CATEGORY_ID)
VALUES (505, 'Pretty good use of technical terms', 5, 'Repanel', 31, 5);
INSERT INTO CALIBER_PANEL_FEEDBACK (PANEL_FEEDBACK_ID, PANELIST_COMMENTS, PANEL_RESULT, PANEL_STATUS, PANEL_ID, CATEGORY_ID)
VALUES (506, 'Pretty good use of technical terms', 5, 'Repanel', 31, 6);
INSERT INTO CALIBER_PANEL_FEEDBACK (PANEL_FEEDBACK_ID, PANELIST_COMMENTS, PANEL_RESULT, PANEL_STATUS, PANEL_ID, CATEGORY_ID)
VALUES (507, 'Pretty good use of technical terms', 5, 'Repanel', 31, 7);
INSERT INTO CALIBER_PANEL_FEEDBACK (PANEL_FEEDBACK_ID, PANELIST_COMMENTS, PANEL_RESULT, PANEL_STATUS, PANEL_ID, CATEGORY_ID)
VALUES (508, 'Pretty good use of technical terms', 5, 'Repanel', 31, 8);
INSERT INTO CALIBER_PANEL_FEEDBACK (PANEL_FEEDBACK_ID, PANELIST_COMMENTS, PANEL_RESULT, PANEL_STATUS, PANEL_ID, CATEGORY_ID)
VALUES (509, 'Pretty good use of technical terms', 5, 'Repanel', 31, 9);
INSERT INTO CALIBER_PANEL_FEEDBACK (PANEL_FEEDBACK_ID, PANELIST_COMMENTS, PANEL_RESULT, PANEL_STATUS, PANEL_ID, CATEGORY_ID)
VALUES (510, 'Pretty good use of technical terms', 5, 'Repanel', 31, 10);
INSERT INTO CALIBER_PANEL_FEEDBACK (PANEL_FEEDBACK_ID, PANELIST_COMMENTS, PANEL_RESULT, PANEL_STATUS, PANEL_ID, CATEGORY_ID)
VALUES (511, 'Pretty good use of technical terms', 5, 'Repanel', 31, 11);
INSERT INTO CALIBER_PANEL_FEEDBACK (PANEL_FEEDBACK_ID, PANELIST_COMMENTS, PANEL_RESULT, PANEL_STATUS, PANEL_ID, CATEGORY_ID)
VALUES (512, 'Pretty good use of technical terms', 5, 'Repanel', 31, 12);
INSERT INTO CALIBER_PANEL_FEEDBACK (PANEL_FEEDBACK_ID, PANELIST_COMMENTS, PANEL_RESULT, PANEL_STATUS, PANEL_ID, CATEGORY_ID)
VALUES (513, 'Pretty good use of technical terms', 5, 'Repanel', 31, 13);
INSERT INTO CALIBER_PANEL_FEEDBACK (PANEL_FEEDBACK_ID, PANELIST_COMMENTS, PANEL_RESULT, PANEL_STATUS, PANEL_ID, CATEGORY_ID)
VALUES (514, 'Pretty good use of technical terms', 5, 'Repanel', 31, 14);
INSERT INTO CALIBER_PANEL_FEEDBACK (PANEL_FEEDBACK_ID, PANELIST_COMMENTS, PANEL_RESULT, PANEL_STATUS, PANEL_ID, CATEGORY_ID)
VALUES (515, 'Pretty good use of technical terms', 5, 'Repanel', 31, 15);
INSERT INTO CALIBER_PANEL_FEEDBACK (PANEL_FEEDBACK_ID, PANELIST_COMMENTS, PANEL_RESULT, PANEL_STATUS, PANEL_ID, CATEGORY_ID)
VALUES (516, 'Pretty good use of technical terms', 5, 'Repanel', 31, 16);
INSERT INTO CALIBER_PANEL_FEEDBACK (PANEL_FEEDBACK_ID, PANELIST_COMMENTS, PANEL_RESULT, PANEL_STATUS, PANEL_ID, CATEGORY_ID)
VALUES (517, 'Pretty good use of technical terms', 5, 'Repanel', 31, 17);
INSERT INTO CALIBER_PANEL_FEEDBACK (PANEL_FEEDBACK_ID, PANELIST_COMMENTS, PANEL_RESULT, PANEL_STATUS, PANEL_ID, CATEGORY_ID)
VALUES (518, 'Pretty good use of technical terms', 5, 'Repanel', 31, 18);
INSERT INTO CALIBER_PANEL_FEEDBACK (PANEL_FEEDBACK_ID, PANELIST_COMMENTS, PANEL_RESULT, PANEL_STATUS, PANEL_ID, CATEGORY_ID)
VALUES (519, 'Pretty good use of technical terms', 5, 'Repanel', 31, 19);
INSERT INTO CALIBER_PANEL_FEEDBACK (PANEL_FEEDBACK_ID, PANELIST_COMMENTS, PANEL_RESULT, PANEL_STATUS, PANEL_ID, CATEGORY_ID)
VALUES (520, 'Pretty good use of technical terms', 5, 'Repanel', 31, 20);
INSERT INTO CALIBER_PANEL_FEEDBACK (PANEL_FEEDBACK_ID, PANELIST_COMMENTS, PANEL_RESULT, PANEL_STATUS, PANEL_ID, CATEGORY_ID)
VALUES (521, 'Pretty good use of technical terms', 5, 'Repanel', 31, 21);
INSERT INTO CALIBER_PANEL_FEEDBACK (PANEL_FEEDBACK_ID, PANELIST_COMMENTS, PANEL_RESULT, PANEL_STATUS, PANEL_ID, CATEGORY_ID)
VALUES (522, 'Pretty good use of technical terms', 5, 'Repanel', 31, 22);
INSERT INTO CALIBER_PANEL_FEEDBACK (PANEL_FEEDBACK_ID, PANELIST_COMMENTS, PANEL_RESULT, PANEL_STATUS, PANEL_ID, CATEGORY_ID)
VALUES (523, 'Pretty good use of technical terms', 5, 'Repanel', 31, 23);
INSERT INTO CALIBER_PANEL_FEEDBACK (PANEL_FEEDBACK_ID, PANELIST_COMMENTS, PANEL_RESULT, PANEL_STATUS, PANEL_ID, CATEGORY_ID)
VALUES (524, 'Pretty good use of technical terms', 5, 'Repanel', 31, 24);
INSERT INTO CALIBER_PANEL_FEEDBACK (PANEL_FEEDBACK_ID, PANELIST_COMMENTS, PANEL_RESULT, PANEL_STATUS, PANEL_ID, CATEGORY_ID)
VALUES (525, 'Pretty good use of technical terms', 5, 'Repanel', 31, 25);
INSERT INTO CALIBER_PANEL_FEEDBACK (PANEL_FEEDBACK_ID, PANELIST_COMMENTS, PANEL_RESULT, PANEL_STATUS, PANEL_ID, CATEGORY_ID)
VALUES (526, 'Pretty good use of technical terms', 5, 'Repanel', 31, 26);
INSERT INTO CALIBER_PANEL_FEEDBACK (PANEL_FEEDBACK_ID, PANELIST_COMMENTS, PANEL_RESULT, PANEL_STATUS, PANEL_ID, CATEGORY_ID)
VALUES (527, 'Pretty good use of technical terms', 5, 'Repanel', 31, 27);
INSERT INTO CALIBER_PANEL_FEEDBACK (PANEL_FEEDBACK_ID, PANELIST_COMMENTS, PANEL_RESULT, PANEL_STATUS, PANEL_ID, CATEGORY_ID)
VALUES (528, 'Pretty good use of technical terms', 5, 'Repanel', 31, 28);
INSERT INTO CALIBER_PANEL_FEEDBACK (PANEL_FEEDBACK_ID, PANELIST_COMMENTS, PANEL_RESULT, PANEL_STATUS, PANEL_ID, CATEGORY_ID)
VALUES (529, 'Pretty good use of technical terms', 5, 'Repanel', 31, 29);
INSERT INTO CALIBER_PANEL_FEEDBACK (PANEL_FEEDBACK_ID, PANELIST_COMMENTS, PANEL_RESULT, PANEL_STATUS, PANEL_ID, CATEGORY_ID)
VALUES (530, 'Pretty good use of technical terms', 5, 'Repanel', 31, 30);
INSERT INTO CALIBER_PANEL_FEEDBACK (PANEL_FEEDBACK_ID, PANELIST_COMMENTS, PANEL_RESULT, PANEL_STATUS, PANEL_ID, CATEGORY_ID)
VALUES (531, 'Pretty good use of technical terms', 5, 'Repanel', 31, 31);
INSERT INTO CALIBER_PANEL_FEEDBACK (PANEL_FEEDBACK_ID, PANELIST_COMMENTS, PANEL_RESULT, PANEL_STATUS, PANEL_ID, CATEGORY_ID)
VALUES (532, 'Pretty good use of technical terms', 5, 'Repanel', 31, 32);
INSERT INTO CALIBER_PANEL_FEEDBACK (PANEL_FEEDBACK_ID, PANELIST_COMMENTS, PANEL_RESULT, PANEL_STATUS, PANEL_ID, CATEGORY_ID)
VALUES (533, 'Pretty good use of technical terms', 5, 'Repanel', 31, 33);
INSERT INTO CALIBER_PANEL_FEEDBACK (PANEL_FEEDBACK_ID, PANELIST_COMMENTS, PANEL_RESULT, PANEL_STATUS, PANEL_ID, CATEGORY_ID)
VALUES (534, 'Pretty good use of technical terms', 5, 'Repanel', 31, 34);
INSERT INTO CALIBER_PANEL_FEEDBACK (PANEL_FEEDBACK_ID, PANELIST_COMMENTS, PANEL_RESULT, PANEL_STATUS, PANEL_ID, CATEGORY_ID)
VALUES (535, 'Pretty good use of technical terms', 5, 'Repanel', 31, 35);
INSERT INTO CALIBER_PANEL_FEEDBACK (PANEL_FEEDBACK_ID, PANELIST_COMMENTS, PANEL_RESULT, PANEL_STATUS, PANEL_ID, CATEGORY_ID)
VALUES (536, 'Pretty good use of technical terms', 5, 'Repanel', 31, 36);
INSERT INTO CALIBER_PANEL_FEEDBACK (PANEL_FEEDBACK_ID, PANELIST_COMMENTS, PANEL_RESULT, PANEL_STATUS, PANEL_ID, CATEGORY_ID)
VALUES (537, 'Pretty good use of technical terms', 5, 'Repanel', 31, 37);
INSERT INTO CALIBER_PANEL_FEEDBACK (PANEL_FEEDBACK_ID, PANELIST_COMMENTS, PANEL_RESULT, PANEL_STATUS, PANEL_ID, CATEGORY_ID)
VALUES (538, 'Pretty good use of technical terms', 5, 'Repanel', 31, 38);
INSERT INTO CALIBER_PANEL_FEEDBACK (PANEL_FEEDBACK_ID, PANELIST_COMMENTS, PANEL_RESULT, PANEL_STATUS, PANEL_ID, CATEGORY_ID)
VALUES (539, 'Pretty good use of technical terms', 5, 'Repanel', 31, 39);
INSERT INTO CALIBER_PANEL_FEEDBACK (PANEL_FEEDBACK_ID, PANELIST_COMMENTS, PANEL_RESULT, PANEL_STATUS, PANEL_ID, CATEGORY_ID)
VALUES (540, 'Pretty good use of technical terms', 5, 'Repanel', 31, 40);
INSERT INTO CALIBER_PANEL_FEEDBACK (PANEL_FEEDBACK_ID, PANELIST_COMMENTS, PANEL_RESULT, PANEL_STATUS, PANEL_ID, CATEGORY_ID)
VALUES (541, 'Pretty good use of technical terms', 5, 'Repanel', 31, 41);
INSERT INTO CALIBER_PANEL_FEEDBACK (PANEL_FEEDBACK_ID, PANELIST_COMMENTS, PANEL_RESULT, PANEL_STATUS, PANEL_ID, CATEGORY_ID)
VALUES (542, 'Pretty good use of technical terms', 5, 'Repanel', 31, 42);
INSERT INTO CALIBER_PANEL_FEEDBACK (PANEL_FEEDBACK_ID, PANELIST_COMMENTS, PANEL_RESULT, PANEL_STATUS, PANEL_ID, CATEGORY_ID)
VALUES (543, 'Pretty good use of technical terms', 5, 'Repanel', 31, 43);
INSERT INTO CALIBER_PANEL_FEEDBACK (PANEL_FEEDBACK_ID, PANELIST_COMMENTS, PANEL_RESULT, PANEL_STATUS, PANEL_ID, CATEGORY_ID)
VALUES (544, 'Pretty good use of technical terms', 5, 'Repanel', 31, 44);
INSERT INTO CALIBER_PANEL_FEEDBACK (PANEL_FEEDBACK_ID, PANELIST_COMMENTS, PANEL_RESULT, PANEL_STATUS, PANEL_ID, CATEGORY_ID)
VALUES (545, 'Pretty good use of technical terms', 5, 'Repanel', 31, 45);
INSERT INTO CALIBER_PANEL_FEEDBACK (PANEL_FEEDBACK_ID, PANELIST_COMMENTS, PANEL_RESULT, PANEL_STATUS, PANEL_ID, CATEGORY_ID)
VALUES (546, 'Pretty good use of technical terms', 5, 'Repanel', 31, 46);
INSERT INTO CALIBER_PANEL_FEEDBACK (PANEL_FEEDBACK_ID, PANELIST_COMMENTS, PANEL_RESULT, PANEL_STATUS, PANEL_ID, CATEGORY_ID)
VALUES(554, 'Poor use of technical terms',3,'Repanel',72,10);
INSERT INTO CALIBER_PANEL_FEEDBACK (PANEL_FEEDBACK_ID, PANELIST_COMMENTS, PANEL_RESULT, PANEL_STATUS, PANEL_ID, CATEGORY_ID)
VALUES(555, 'Poor use of technical terms',3,'Repanel',72,5);
INSERT INTO CALIBER_PANEL_FEEDBACK (PANEL_FEEDBACK_ID, PANELIST_COMMENTS, PANEL_RESULT, PANEL_STATUS, PANEL_ID, CATEGORY_ID)
VALUES(556, 'Poor use of technical terms',3,'Repanel',72,6);
INSERT INTO CALIBER_PANEL_FEEDBACK (PANEL_FEEDBACK_ID, PANELIST_COMMENTS, PANEL_RESULT, PANEL_STATUS, PANEL_ID, CATEGORY_ID)
VALUES(557, 'Poor use of technical terms',3,'Repanel',72,7);
INSERT INTO CALIBER_PANEL_FEEDBACK (PANEL_FEEDBACK_ID, PANELIST_COMMENTS, PANEL_RESULT, PANEL_STATUS, PANEL_ID, CATEGORY_ID)
VALUES(558, 'Poor use of technical terms',3,'Repanel',72,8);
INSERT INTO CALIBER_PANEL_FEEDBACK (PANEL_FEEDBACK_ID, PANELIST_COMMENTS, PANEL_RESULT, PANEL_STATUS, PANEL_ID, CATEGORY_ID)
VALUES(559, 'Poor use of technical terms',3,'Repanel',72,9);
INSERT INTO CALIBER_PANEL_FEEDBACK (PANEL_FEEDBACK_ID, PANELIST_COMMENTS, PANEL_RESULT, PANEL_STATUS, PANEL_ID, CATEGORY_ID)
VALUES(560, 'Better use of technical terms',5,'Pass',73,10);
INSERT INTO CALIBER_PANEL_FEEDBACK (PANEL_FEEDBACK_ID, PANELIST_COMMENTS, PANEL_RESULT, PANEL_STATUS, PANEL_ID, CATEGORY_ID)
VALUES(561, 'Better use of technical terms',6,'Pass',73,5);
INSERT INTO CALIBER_PANEL_FEEDBACK (PANEL_FEEDBACK_ID, PANELIST_COMMENTS, PANEL_RESULT, PANEL_STATUS, PANEL_ID, CATEGORY_ID)
VALUES(562, 'Better use of technical terms',5,'Pass',73,6);
INSERT INTO CALIBER_PANEL_FEEDBACK (PANEL_FEEDBACK_ID, PANELIST_COMMENTS, PANEL_RESULT, PANEL_STATUS, PANEL_ID, CATEGORY_ID)
VALUES(563, 'Better use of technical terms',5,'Pass',73,7);
INSERT INTO CALIBER_PANEL_FEEDBACK (PANEL_FEEDBACK_ID, PANELIST_COMMENTS, PANEL_RESULT, PANEL_STATUS, PANEL_ID, CATEGORY_ID)
VALUES(564, 'Better use of technical terms',6,'Pass',73,8);
INSERT INTO CALIBER_PANEL_FEEDBACK (PANEL_FEEDBACK_ID, PANELIST_COMMENTS, PANEL_RESULT, PANEL_STATUS, PANEL_ID, CATEGORY_ID)
VALUES(565, 'Better use of technical terms',5,'Pass',73,9);
COMMIT;

alter table caliber_trainer
add trainer_password varchar2(800);
/